Exec Borra_cuerpoForm 'frmsuePagosHabi'
--disFormularios
IF Exists(SELECT 1 FROM disFormularios WHERE Formulario_Id ='frmsuePagosHabi')
UPDATE disFormularios SET 
	Alto = 600,
	Ancho = 980,
	Arriba = 58,
	BotonCopiar = 1,
	BotonEliminar = 0,
	BotonGuardar = 0,
	BotonImprimir = 0,
	BotonNuevo = 0,
	BotonPostear = 1,
	BotonRptImprimir = 0,
	BotonRptPdf = 0,
	BotonRptVer = 0,
	BotonRptXls = 0,
	ClaseCommon = 'SueldosCommon.suePagosHabiPendDS',
	ClaseCommonEsp = Null,
	ClaseEnum = 'EnumsuePagosHabiPendAction',
	ClaseEnumEsp = Null,
	ClaseEventos = 'SueldosFEEventos.suePagosHabi',
	ClaseEventosEsp = Null,
	ClaseExchange = 'SueldosExchange.suePagosHabiPendActionExchange',
	ClaseExchangeEsp = Null,
	CodigoLnk = Null,
	Descripcion = 'Habilitacion_de_Pagos',
	DllCommon = 'SueldosCommon',
	DllCommonEsp = Null,
	DllEventos = 'SueldosFEEventos',
	DllEventosEsp = Null,
	DllExchange = 'SueldosExchange',
	DllExchangeEsp = Null,
	Especializacion = Null,
	Formulario_Id = 'frmsuePagosHabi',
	FormularioPadre_Id = null ,
	GuardaeImprime = 0,
	Inactivo = 0,
	Izquierda = 3,
	PosicionInicial = 'D',
	Posteado = 1,
	Tabla_Id = '',
	TipoEspecial = Null,
	Titulo = 'Habilitacion_de_Pagos',
	UltimaModif = '20191112 09:56:24:717',
	Usuario_Id = 1,
	Version = 'V2'
	WHERE Formulario_Id ='frmsuePagosHabi'
ELSE
	INSERT INTO disFormularios(Alto, Ancho, Arriba, BotonCopiar, BotonEliminar, BotonGuardar, BotonImprimir, BotonNuevo, BotonPostear, BotonRptImprimir, BotonRptPdf, BotonRptVer, BotonRptXls, ClaseCommon, ClaseCommonEsp, ClaseEnum, ClaseEnumEsp, ClaseEventos, ClaseEventosEsp, ClaseExchange, ClaseExchangeEsp, CodigoLnk, Descripcion, DllCommon, DllCommonEsp, DllEventos, DllEventosEsp, DllExchange, DllExchangeEsp, Especializacion, Formulario_Id, FormularioPadre_Id, GuardaeImprime, Inactivo, Izquierda, PosicionInicial, Posteado, Tabla_Id, TipoEspecial, Titulo, UltimaModif, Usuario_Id, Version) VALUES(600, 980, 58, 1, 0, 0, 0, 0, 1, 0, 0, 0, 0, 'SueldosCommon.suePagosHabiPendDS', Null, 'EnumsuePagosHabiPendAction', Null, 'SueldosFEEventos.suePagosHabi', Null, 'SueldosExchange.suePagosHabiPendActionExchange', Null, Null, 'Habilitacion_de_Pagos', 'SueldosCommon', Null, 'SueldosFEEventos', Null, 'SueldosExchange', Null, Null, 'frmsuePagosHabi', Null, 0, 0, 3, 'D', 1, '', Null, 'Habilitacion_de_Pagos', '20191112 09:56:24:717', 1, 'V2')
Declare @disFormularios int 
set @disFormularios = dbo.FuncFKdisFormularios('frmsuePagosHabi')
--disControles
IF NOT Exists(SELECT 1 FROM disControles Where Formulario_Id =  @disFormularios and Control_Id ='frmsuePagosHabi')
	INSERT INTO disControles(Alineacion, AlineacionLabel, Alto, Ancho, Ancla, Arriba, ClickNuevoBlanquea, Columna, ColumnasExtension, Control_Id, ControlaCambios, ControlParent_Id, ControlSegmento, Embebido, EsCodigoNuevo, Estilo, Fila, FilasExtension, Formulario_Id, Habilitado, Heredado, IgualaAnchoColumna, Izquierda, MaximaLongitud, NroControl, Paises, Requerido, SegmentoOrigen, SoloLectura, TabOrden, TabStop, Texto, TextoControlVacio, TextoFijo, TipoControl, TituloLabel, Visible) VALUES('', Null, 600, 980, 'T,L', 58, 1, 0, 0, 'frmsuePagosHabi', 1, Null, Null, 0, 0, Null, 0, 0, @disFormularios, 1, 0, 0, 3, 0, 0, Null, 0, Null, 0, 0, 1, 'Habilitacion_de_Pagos', Null, 0, 'frm', Null, 1)
INSERT INTO disControles(Alineacion, AlineacionLabel, Alto, Ancho, Ancla, Arriba, ClickNuevoBlanquea, Columna, ColumnasExtension, Control_Id, ControlaCambios, ControlParent_Id, ControlSegmento, Embebido, EsCodigoNuevo, Estilo, Fila, FilasExtension, Formulario_Id, Habilitado, Heredado, IgualaAnchoColumna, Izquierda, MaximaLongitud, NroControl, Paises, Requerido, SegmentoOrigen, SoloLectura, TabOrden, TabStop, Texto, TextoControlVacio, TextoFijo, TipoControl, TituloLabel, Visible) VALUES('', '', 561, 964, 'L', 0, 1, 0, 0, 'Solapas', 1, 'frmsuePagosHabi', Null, 0, 0, Null, 0, 0, @disFormularios, 1, 0, 0, 0, Null, 1, Null, 1, Null, 0, 0, 1, Null, Null, 0, 'SummaAdvDisenio.Controles.DisenioTabControl', Null, 1)
INSERT INTO disControles(Alineacion, AlineacionLabel, Alto, Ancho, Ancla, Arriba, ClickNuevoBlanquea, Columna, ColumnasExtension, Control_Id, ControlaCambios, ControlParent_Id, ControlSegmento, Embebido, EsCodigoNuevo, Estilo, Fila, FilasExtension, Formulario_Id, Habilitado, Heredado, IgualaAnchoColumna, Izquierda, MaximaLongitud, NroControl, Paises, Requerido, SegmentoOrigen, SoloLectura, TabOrden, TabStop, Texto, TextoControlVacio, TextoFijo, TipoControl, TituloLabel, Visible) VALUES('', '', 535, 956, 'L', 22, 1, 0, 0, 'Solapa_Datos', 1, 'Solapas', Null, 0, 0, Null, 0, 0, @disFormularios, 1, 0, 0, 4, Null, 2, Null, 1, Null, 0, 0, 0, 'Datos', Null, 0, 'System.Windows.Forms.TabPage', Null, 0)
INSERT INTO disControles(Alineacion, AlineacionLabel, Alto, Ancho, Ancla, Arriba, ClickNuevoBlanquea, Columna, ColumnasExtension, Control_Id, ControlaCambios, ControlParent_Id, ControlSegmento, Embebido, EsCodigoNuevo, Estilo, Fila, FilasExtension, Formulario_Id, Habilitado, Heredado, IgualaAnchoColumna, Izquierda, MaximaLongitud, NroControl, Paises, Requerido, SegmentoOrigen, SoloLectura, TabOrden, TabStop, Texto, TextoControlVacio, TextoFijo, TipoControl, TituloLabel, Visible) VALUES('', '', 81, 952, 'L', 1, 1, 0, 6, 'grdLiquidaciones', 1, 'Solapa_Datos', Null, 0, 0, Null, 0, 1, @disFormularios, 1, 0, 0, 1, Null, 4, Null, 0, Null, 0, 0, 1, Null, Null, 0, 'SummaAdvDisenio.Controles.DisenioGridView', 'Titulo', 1)
INSERT INTO disControles(Alineacion, AlineacionLabel, Alto, Ancho, Ancla, Arriba, ClickNuevoBlanquea, Columna, ColumnasExtension, Control_Id, ControlaCambios, ControlParent_Id, ControlSegmento, Embebido, EsCodigoNuevo, Estilo, Fila, FilasExtension, Formulario_Id, Habilitado, Heredado, IgualaAnchoColumna, Izquierda, MaximaLongitud, NroControl, Paises, Requerido, SegmentoOrigen, SoloLectura, TabOrden, TabStop, Texto, TextoControlVacio, TextoFijo, TipoControl, TituloLabel, Visible) VALUES('', '', 535, 956, 'L', 22, 1, 0, 0, 'Solapa_1', 1, 'Solapas', Null, 0, 0, Null, 0, 0, @disFormularios, 1, 0, 0, 4, Null, 4, Null, 1, Null, 0, 1, 0, 'Liquidacion', Null, 0, 'System.Windows.Forms.TabPage', Null, 1)
INSERT INTO disControles(Alineacion, AlineacionLabel, Alto, Ancho, Ancla, Arriba, ClickNuevoBlanquea, Columna, ColumnasExtension, Control_Id, ControlaCambios, ControlParent_Id, ControlSegmento, Embebido, EsCodigoNuevo, Estilo, Fila, FilasExtension, Formulario_Id, Habilitado, Heredado, IgualaAnchoColumna, Izquierda, MaximaLongitud, NroControl, Paises, Requerido, SegmentoOrigen, SoloLectura, TabOrden, TabStop, Texto, TextoControlVacio, TextoFijo, TipoControl, TituloLabel, Visible) VALUES('', 'Izquierda', 38, 314, 'L', 1, 1, 0, 2, 'ctrnes13DescripcionLiquidacion', 1, 'Solapa_1', Null, 0, 0, 'Default', 0, 1, @disFormularios, 0, 0, 1, 1, 32767, 6, Null, 0, Null, 0, 0, 1, Null, Null, 0, 'SummaAdvDisenio.Controles.DisenioTxtEditor', 'DescripcionLiquidacion', 1)
INSERT INTO disControles(Alineacion, AlineacionLabel, Alto, Ancho, Ancla, Arriba, ClickNuevoBlanquea, Columna, ColumnasExtension, Control_Id, ControlaCambios, ControlParent_Id, ControlSegmento, Embebido, EsCodigoNuevo, Estilo, Fila, FilasExtension, Formulario_Id, Habilitado, Heredado, IgualaAnchoColumna, Izquierda, MaximaLongitud, NroControl, Paises, Requerido, SegmentoOrigen, SoloLectura, TabOrden, TabStop, Texto, TextoControlVacio, TextoFijo, TipoControl, TituloLabel, Visible) VALUES('', '', 17, 56, 'L', 16, 1, 0, 1, 'ctrnes13Marca', 1, 'Solapa_1', Null, 0, 0, 'Default', 1, 1, @disFormularios, 1, 0, 0, 16, Null, 7, Null, 0, Null, 0, 0, 1, 'Marca', Null, 0, 'SummaAdvDisenio.Controles.DisenioCheck', Null, 1)
INSERT INTO disControles(Alineacion, AlineacionLabel, Alto, Ancho, Ancla, Arriba, ClickNuevoBlanquea, Columna, ColumnasExtension, Control_Id, ControlaCambios, ControlParent_Id, ControlSegmento, Embebido, EsCodigoNuevo, Estilo, Fila, FilasExtension, Formulario_Id, Habilitado, Heredado, IgualaAnchoColumna, Izquierda, MaximaLongitud, NroControl, Paises, Requerido, SegmentoOrigen, SoloLectura, TabOrden, TabStop, Texto, TextoControlVacio, TextoFijo, TipoControl, TituloLabel, Visible) VALUES('', 'Izquierda', 35, 155, 'L', 1, 1, 1, 1, 'ctrnes13FechaHabilitacion', 1, 'Solapa_1', Null, 0, 0, 'Default', 1, 1, @disFormularios, 1, 0, 1, 1, Null, 8, Null, 0, Null, 0, 0, 1, 'Hoy', Null, 0, 'SummaAdvDisenio.Controles.DisenioDatePicker', 'FechaHabilitacion', 1)
INSERT INTO disControles(Alineacion, AlineacionLabel, Alto, Ancho, Ancla, Arriba, ClickNuevoBlanquea, Columna, ColumnasExtension, Control_Id, ControlaCambios, ControlParent_Id, ControlSegmento, Embebido, EsCodigoNuevo, Estilo, Fila, FilasExtension, Formulario_Id, Habilitado, Heredado, IgualaAnchoColumna, Izquierda, MaximaLongitud, NroControl, Paises, Requerido, SegmentoOrigen, SoloLectura, TabOrden, TabStop, Texto, TextoControlVacio, TextoFijo, TipoControl, TituloLabel, Visible) VALUES('', 'Izquierda', 38, 155, 'L', 1, 1, 2, 1, 'ctrnes13Importe', 1, 'Solapa_1', Null, 0, 0, 'Default', 1, 1, @disFormularios, 0, 0, 1, 1, 10, 9, Null, 0, Null, 0, 0, 1, Null, Null, 0, 'SummaAdvDisenio.Controles.DisenioTxtNumericEditor', 'Importe', 1)
INSERT INTO disControles(Alineacion, AlineacionLabel, Alto, Ancho, Ancla, Arriba, ClickNuevoBlanquea, Columna, ColumnasExtension, Control_Id, ControlaCambios, ControlParent_Id, ControlSegmento, Embebido, EsCodigoNuevo, Estilo, Fila, FilasExtension, Formulario_Id, Habilitado, Heredado, IgualaAnchoColumna, Izquierda, MaximaLongitud, NroControl, Paises, Requerido, SegmentoOrigen, SoloLectura, TabOrden, TabStop, Texto, TextoControlVacio, TextoFijo, TipoControl, TituloLabel, Visible) VALUES('', '', 17, 89, 'L', 16, 1, 3, 1, 'ctrnes13PorEmpleado', 1, 'Solapa_1', Null, 0, 0, 'Default', 1, 1, @disFormularios, 1, 0, 0, 34, Null, 10, Null, 0, Null, 0, 0, 1, 'PorEmpleado', Null, 0, 'SummaAdvDisenio.Controles.DisenioCheck', Null, 1)
INSERT INTO disControles(Alineacion, AlineacionLabel, Alto, Ancho, Ancla, Arriba, ClickNuevoBlanquea, Columna, ColumnasExtension, Control_Id, ControlaCambios, ControlParent_Id, ControlSegmento, Embebido, EsCodigoNuevo, Estilo, Fila, FilasExtension, Formulario_Id, Habilitado, Heredado, IgualaAnchoColumna, Izquierda, MaximaLongitud, NroControl, Paises, Requerido, SegmentoOrigen, SoloLectura, TabOrden, TabStop, Texto, TextoControlVacio, TextoFijo, TipoControl, TituloLabel, Visible) VALUES('', '', 0, 0, '', 0, 1, 0, 0, 'var_Auxiliar1', 1, 'frmsuePagosHabi', Null, 0, 0, Null, 0, 0, @disFormularios, 0, 0, 0, 0, Null, 10, Null, 1, Null, 0, -1, 0, Null, Null, 0, 'Variable', Null, 0)
INSERT INTO disControles(Alineacion, AlineacionLabel, Alto, Ancho, Ancla, Arriba, ClickNuevoBlanquea, Columna, ColumnasExtension, Control_Id, ControlaCambios, ControlParent_Id, ControlSegmento, Embebido, EsCodigoNuevo, Estilo, Fila, FilasExtension, Formulario_Id, Habilitado, Heredado, IgualaAnchoColumna, Izquierda, MaximaLongitud, NroControl, Paises, Requerido, SegmentoOrigen, SoloLectura, TabOrden, TabStop, Texto, TextoControlVacio, TextoFijo, TipoControl, TituloLabel, Visible) VALUES('', '', 0, 0, '', 0, 1, 0, 0, 'var_Auxiliar2', 1, 'frmsuePagosHabi', Null, 0, 0, Null, 0, 0, @disFormularios, 0, 0, 0, 0, Null, 11, Null, 1, Null, 0, -1, 0, Null, Null, 0, 'Variable', Null, 0)
INSERT INTO disControles(Alineacion, AlineacionLabel, Alto, Ancho, Ancla, Arriba, ClickNuevoBlanquea, Columna, ColumnasExtension, Control_Id, ControlaCambios, ControlParent_Id, ControlSegmento, Embebido, EsCodigoNuevo, Estilo, Fila, FilasExtension, Formulario_Id, Habilitado, Heredado, IgualaAnchoColumna, Izquierda, MaximaLongitud, NroControl, Paises, Requerido, SegmentoOrigen, SoloLectura, TabOrden, TabStop, Texto, TextoControlVacio, TextoFijo, TipoControl, TituloLabel, Visible) VALUES('', '', 81, 946, 'L', 1, 1, 0, 6, 'grdEmpleados', 1, 'Solapa_1', Null, 0, 0, Null, 2, 1, @disFormularios, 1, 0, 0, 1, Null, 11, Null, 0, Null, 0, 0, 1, Null, Null, 0, 'SummaAdvDisenio.Controles.DisenioGridView', 'Titulo', 0)
INSERT INTO disControles(Alineacion, AlineacionLabel, Alto, Ancho, Ancla, Arriba, ClickNuevoBlanquea, Columna, ColumnasExtension, Control_Id, ControlaCambios, ControlParent_Id, ControlSegmento, Embebido, EsCodigoNuevo, Estilo, Fila, FilasExtension, Formulario_Id, Habilitado, Heredado, IgualaAnchoColumna, Izquierda, MaximaLongitud, NroControl, Paises, Requerido, SegmentoOrigen, SoloLectura, TabOrden, TabStop, Texto, TextoControlVacio, TextoFijo, TipoControl, TituloLabel, Visible) VALUES('', '', 0, 0, '', 0, 1, 0, 0, 'var_Auxiliar3', 1, 'frmsuePagosHabi', Null, 0, 0, Null, 0, 0, @disFormularios, 0, 0, 0, 0, Null, 12, Null, 1, Null, 0, -1, 0, Null, Null, 0, 'Variable', Null, 0)
--disTablas
INSERT INTO disTablas(Control_Id, EsEspecializacion, Formulario_Id, Tabla_Id, TipoControl) VALUES('grdEmpleados', 0, @disFormularios, 'Empleados', 'SummaAdvDisenio.Controles.DisenioGridView')
INSERT INTO disTablas(Control_Id, EsEspecializacion, Formulario_Id, Tabla_Id, TipoControl) VALUES('grdLiquidaciones', 0, @disFormularios, 'Liquidaciones', 'SummaAdvDisenio.Controles.DisenioGridView')
INSERT INTO disTablas(Control_Id, EsEspecializacion, Formulario_Id, Tabla_Id, TipoControl) VALUES(Null, 0, @disFormularios, 'Principal', Null)
--disTablasColumnas
INSERT INTO disTablasColumnas(AdicionalControl, Columna_Id, Control_Id, EsEspecializacion, Formulario_Id, Tabla_Id, TipoControl) VALUES(Null, 'Anio', 'ctrdos9Anio', 0, @disFormularios, 'Empleados', 'SummaAdvDisenio.Controles.DisenioTxtNumericEditor')
INSERT INTO disTablasColumnas(AdicionalControl, Columna_Id, Control_Id, EsEspecializacion, Formulario_Id, Tabla_Id, TipoControl) VALUES(Null, 'Decena', 'ctrdos9Decena', 0, @disFormularios, 'Empleados', 'SummaAdvDisenio.Controles.DisenioTxtNumericEditor')
INSERT INTO disTablasColumnas(AdicionalControl, Columna_Id, Control_Id, EsEspecializacion, Formulario_Id, Tabla_Id, TipoControl) VALUES(Null, 'DescripcionPersonal', 'ctrdos9DescripcionPersonal', 0, @disFormularios, 'Empleados', 'SummaAdvDisenio.Controles.DisenioTxtEditor')
INSERT INTO disTablasColumnas(AdicionalControl, Columna_Id, Control_Id, EsEspecializacion, Formulario_Id, Tabla_Id, TipoControl) VALUES(Null, 'DescripcionUsuario', 'ctrdos9DescripcionUsuario', 0, @disFormularios, 'Empleados', 'NoUsado')
INSERT INTO disTablasColumnas(AdicionalControl, Columna_Id, Control_Id, EsEspecializacion, Formulario_Id, Tabla_Id, TipoControl) VALUES(Null, 'FechaHabilitacion', 'ctrdos9FechaHabilitacion', 0, @disFormularios, 'Empleados', 'SummaAdvDisenio.Controles.DisenioDatePicker')
INSERT INTO disTablasColumnas(AdicionalControl, Columna_Id, Control_Id, EsEspecializacion, Formulario_Id, Tabla_Id, TipoControl) VALUES(Null, 'Importe', 'ctrdos9Importe', 0, @disFormularios, 'Empleados', 'SummaAdvDisenio.Controles.DisenioTxtNumericEditor')
INSERT INTO disTablasColumnas(AdicionalControl, Columna_Id, Control_Id, EsEspecializacion, Formulario_Id, Tabla_Id, TipoControl) VALUES(Null, 'Legajo', 'ctrdos9Legajo', 0, @disFormularios, 'Empleados', 'SummaAdvDisenio.Controles.DisenioTxtNumericEditor')
INSERT INTO disTablasColumnas(AdicionalControl, Columna_Id, Control_Id, EsEspecializacion, Formulario_Id, Tabla_Id, TipoControl) VALUES(Null, 'Marca', 'ctrdos9Marca', 0, @disFormularios, 'Empleados', 'SummaAdvDisenio.Controles.DisenioCheck')
INSERT INTO disTablasColumnas(AdicionalControl, Columna_Id, Control_Id, EsEspecializacion, Formulario_Id, Tabla_Id, TipoControl) VALUES(Null, 'Mes', 'ctrdos9Mes', 0, @disFormularios, 'Empleados', 'SummaAdvDisenio.Controles.DisenioTxtNumericEditor')
INSERT INTO disTablasColumnas(AdicionalControl, Columna_Id, Control_Id, EsEspecializacion, Formulario_Id, Tabla_Id, TipoControl) VALUES(Null, 'Quincena', 'ctrdos9Quincena', 0, @disFormularios, 'Empleados', 'SummaAdvDisenio.Controles.DisenioTxtNumericEditor')
INSERT INTO disTablasColumnas(AdicionalControl, Columna_Id, Control_Id, EsEspecializacion, Formulario_Id, Tabla_Id, TipoControl) VALUES(Null, 'Secuencia', 'ctrdos9Secuencia', 0, @disFormularios, 'Empleados', 'SummaAdvDisenio.Controles.DisenioTxtNumericEditor')
INSERT INTO disTablasColumnas(AdicionalControl, Columna_Id, Control_Id, EsEspecializacion, Formulario_Id, Tabla_Id, TipoControl) VALUES(Null, 'Semana', 'ctrdos9Semana', 0, @disFormularios, 'Empleados', 'SummaAdvDisenio.Controles.DisenioTxtNumericEditor')
INSERT INTO disTablasColumnas(AdicionalControl, Columna_Id, Control_Id, EsEspecializacion, Formulario_Id, Tabla_Id, TipoControl) VALUES(Null, 'sueLiquidacion', 'ctrdos9sueLiquidacion', 0, @disFormularios, 'Empleados', '')
INSERT INTO disTablasColumnas(AdicionalControl, Columna_Id, Control_Id, EsEspecializacion, Formulario_Id, Tabla_Id, TipoControl) VALUES(Null, 'tesMovimientos', 'ctrdos9tesMovimientos', 0, @disFormularios, 'Empleados', '')
INSERT INTO disTablasColumnas(AdicionalControl, Columna_Id, Control_Id, EsEspecializacion, Formulario_Id, Tabla_Id, TipoControl) VALUES(Null, 'Usuario_Id', 'ctrdos9Usuario_Id', 0, @disFormularios, 'Empleados', 'NoUsado')
INSERT INTO disTablasColumnas(AdicionalControl, Columna_Id, Control_Id, EsEspecializacion, Formulario_Id, Tabla_Id, TipoControl) VALUES(Null, 'Vez', 'ctrdos9Vez', 0, @disFormularios, 'Empleados', 'SummaAdvDisenio.Controles.DisenioTxtNumericEditor')
INSERT INTO disTablasColumnas(AdicionalControl, Columna_Id, Control_Id, EsEspecializacion, Formulario_Id, Tabla_Id, TipoControl) VALUES(Null, 'Anio', 'ctrnes13Anio', 0, @disFormularios, 'Liquidaciones', 'SummaAdvDisenio.Controles.DisenioTxtNumericEditor')
INSERT INTO disTablasColumnas(AdicionalControl, Columna_Id, Control_Id, EsEspecializacion, Formulario_Id, Tabla_Id, TipoControl) VALUES(Null, 'Decena', 'ctrnes13Decena', 0, @disFormularios, 'Liquidaciones', 'SummaAdvDisenio.Controles.DisenioTxtNumericEditor')
INSERT INTO disTablasColumnas(AdicionalControl, Columna_Id, Control_Id, EsEspecializacion, Formulario_Id, Tabla_Id, TipoControl) VALUES(Null, 'DescripcionLiquidacion', 'ctrnes13DescripcionLiquidacion', 0, @disFormularios, 'Liquidaciones', 'SummaAdvDisenio.Controles.DisenioTxtEditor')
INSERT INTO disTablasColumnas(AdicionalControl, Columna_Id, Control_Id, EsEspecializacion, Formulario_Id, Tabla_Id, TipoControl) VALUES(Null, 'DescripcionUsuario', 'ctrnes13DescripcionUsuario', 0, @disFormularios, 'Liquidaciones', 'NoUsado')
INSERT INTO disTablasColumnas(AdicionalControl, Columna_Id, Control_Id, EsEspecializacion, Formulario_Id, Tabla_Id, TipoControl) VALUES(Null, 'FechaHabilitacion', 'ctrnes13FechaHabilitacion', 0, @disFormularios, 'Liquidaciones', 'SummaAdvDisenio.Controles.DisenioDatePicker')
INSERT INTO disTablasColumnas(AdicionalControl, Columna_Id, Control_Id, EsEspecializacion, Formulario_Id, Tabla_Id, TipoControl) VALUES(Null, 'Importe', 'ctrnes13Importe', 0, @disFormularios, 'Liquidaciones', 'SummaAdvDisenio.Controles.DisenioTxtNumericEditor')
INSERT INTO disTablasColumnas(AdicionalControl, Columna_Id, Control_Id, EsEspecializacion, Formulario_Id, Tabla_Id, TipoControl) VALUES(Null, 'Marca', 'ctrnes13Marca', 0, @disFormularios, 'Liquidaciones', 'SummaAdvDisenio.Controles.DisenioCheck')
INSERT INTO disTablasColumnas(AdicionalControl, Columna_Id, Control_Id, EsEspecializacion, Formulario_Id, Tabla_Id, TipoControl) VALUES(Null, 'Mes', 'ctrnes13Mes', 0, @disFormularios, 'Liquidaciones', 'SummaAdvDisenio.Controles.DisenioTxtNumericEditor')
INSERT INTO disTablasColumnas(AdicionalControl, Columna_Id, Control_Id, EsEspecializacion, Formulario_Id, Tabla_Id, TipoControl) VALUES(Null, 'PorEmpleado', 'ctrnes13PorEmpleado', 0, @disFormularios, 'Liquidaciones', 'SummaAdvDisenio.Controles.DisenioCheck')
INSERT INTO disTablasColumnas(AdicionalControl, Columna_Id, Control_Id, EsEspecializacion, Formulario_Id, Tabla_Id, TipoControl) VALUES(Null, 'Quincena', 'ctrnes13Quincena', 0, @disFormularios, 'Liquidaciones', 'SummaAdvDisenio.Controles.DisenioTxtNumericEditor')
INSERT INTO disTablasColumnas(AdicionalControl, Columna_Id, Control_Id, EsEspecializacion, Formulario_Id, Tabla_Id, TipoControl) VALUES(Null, 'Segmento', 'ctrnes13Segmento', 0, @disFormularios, 'Liquidaciones', 'SummaAdvDisenio.Controles.DisenioTxtEditor')
INSERT INTO disTablasColumnas(AdicionalControl, Columna_Id, Control_Id, EsEspecializacion, Formulario_Id, Tabla_Id, TipoControl) VALUES(Null, 'Semana', 'ctrnes13Semana', 0, @disFormularios, 'Liquidaciones', 'SummaAdvDisenio.Controles.DisenioTxtNumericEditor')
INSERT INTO disTablasColumnas(AdicionalControl, Columna_Id, Control_Id, EsEspecializacion, Formulario_Id, Tabla_Id, TipoControl) VALUES(Null, 'sueLiquidacion', 'ctrnes13sueLiquidacion', 0, @disFormularios, 'Liquidaciones', '')
INSERT INTO disTablasColumnas(AdicionalControl, Columna_Id, Control_Id, EsEspecializacion, Formulario_Id, Tabla_Id, TipoControl) VALUES(Null, 'Usuario_Id', 'ctrnes13Usuario_Id', 0, @disFormularios, 'Liquidaciones', 'NoUsado')
INSERT INTO disTablasColumnas(AdicionalControl, Columna_Id, Control_Id, EsEspecializacion, Formulario_Id, Tabla_Id, TipoControl) VALUES(Null, 'Vez', 'ctrnes13Vez', 0, @disFormularios, 'Liquidaciones', 'SummaAdvDisenio.Controles.DisenioTxtNumericEditor')
INSERT INTO disTablasColumnas(AdicionalControl, Columna_Id, Control_Id, EsEspecializacion, Formulario_Id, Tabla_Id, TipoControl) VALUES(Null, 'Empresa_Id', 'ctrEmpresa_Id', 0, @disFormularios, 'Principal', 'NoUsado')
INSERT INTO disTablasColumnas(AdicionalControl, Columna_Id, Control_Id, EsEspecializacion, Formulario_Id, Tabla_Id, TipoControl) VALUES(Null, 'Existe', 'ctrExiste', 0, @disFormularios, 'Principal', 'NoUsado')
--disControlesSolapa
INSERT INTO disControlesSolapa(CantColumnas, CantFilas, Control_Id, Formulario_Id, FormularioPopup_Id, Parametros, Posicion, TablaPrimaria, TamanioPopup, TieneBtnCerrar, TieneBtnGuardar, TipoPopup) VALUES(6, 12, 'Solapa_1', @disFormularios, Null, Null, 1, 'Liquidaciones', 'Long', 0, 0, 'EdicionFilaGrilla')
INSERT INTO disControlesSolapa(CantColumnas, CantFilas, Control_Id, Formulario_Id, FormularioPopup_Id, Parametros, Posicion, TablaPrimaria, TamanioPopup, TieneBtnCerrar, TieneBtnGuardar, TipoPopup) VALUES(6, 12, 'Solapa_Datos', @disFormularios, Null, Null, 0, Null, 'Medium', 0, 0, 'Ninguno')
--disControlesFilaSolapa
INSERT INTO disControlesFilaSolapa(Alto, Control_Id, Fila, Formulario_Id, TipoValor) VALUES(40, 'Solapa_1', 0, @disFormularios, 'A')
INSERT INTO disControlesFilaSolapa(Alto, Control_Id, Fila, Formulario_Id, TipoValor) VALUES(40, 'Solapa_1', 1, @disFormularios, 'A')
INSERT INTO disControlesFilaSolapa(Alto, Control_Id, Fila, Formulario_Id, TipoValor) VALUES(40, 'Solapa_1', 2, @disFormularios, 'A')
INSERT INTO disControlesFilaSolapa(Alto, Control_Id, Fila, Formulario_Id, TipoValor) VALUES(40, 'Solapa_1', 3, @disFormularios, 'A')
INSERT INTO disControlesFilaSolapa(Alto, Control_Id, Fila, Formulario_Id, TipoValor) VALUES(40, 'Solapa_1', 4, @disFormularios, 'A')
INSERT INTO disControlesFilaSolapa(Alto, Control_Id, Fila, Formulario_Id, TipoValor) VALUES(40, 'Solapa_1', 5, @disFormularios, 'A')
INSERT INTO disControlesFilaSolapa(Alto, Control_Id, Fila, Formulario_Id, TipoValor) VALUES(40, 'Solapa_1', 6, @disFormularios, 'A')
INSERT INTO disControlesFilaSolapa(Alto, Control_Id, Fila, Formulario_Id, TipoValor) VALUES(40, 'Solapa_1', 7, @disFormularios, 'A')
INSERT INTO disControlesFilaSolapa(Alto, Control_Id, Fila, Formulario_Id, TipoValor) VALUES(40, 'Solapa_1', 8, @disFormularios, 'A')
INSERT INTO disControlesFilaSolapa(Alto, Control_Id, Fila, Formulario_Id, TipoValor) VALUES(40, 'Solapa_1', 9, @disFormularios, 'A')
INSERT INTO disControlesFilaSolapa(Alto, Control_Id, Fila, Formulario_Id, TipoValor) VALUES(40, 'Solapa_1', 10, @disFormularios, 'A')
INSERT INTO disControlesFilaSolapa(Alto, Control_Id, Fila, Formulario_Id, TipoValor) VALUES(40, 'Solapa_1', 11, @disFormularios, 'A')
INSERT INTO disControlesFilaSolapa(Alto, Control_Id, Fila, Formulario_Id, TipoValor) VALUES(40, 'Solapa_Datos', 0, @disFormularios, 'A')
INSERT INTO disControlesFilaSolapa(Alto, Control_Id, Fila, Formulario_Id, TipoValor) VALUES(40, 'Solapa_Datos', 1, @disFormularios, 'A')
INSERT INTO disControlesFilaSolapa(Alto, Control_Id, Fila, Formulario_Id, TipoValor) VALUES(40, 'Solapa_Datos', 2, @disFormularios, 'A')
INSERT INTO disControlesFilaSolapa(Alto, Control_Id, Fila, Formulario_Id, TipoValor) VALUES(40, 'Solapa_Datos', 3, @disFormularios, 'A')
INSERT INTO disControlesFilaSolapa(Alto, Control_Id, Fila, Formulario_Id, TipoValor) VALUES(40, 'Solapa_Datos', 4, @disFormularios, 'A')
INSERT INTO disControlesFilaSolapa(Alto, Control_Id, Fila, Formulario_Id, TipoValor) VALUES(40, 'Solapa_Datos', 5, @disFormularios, 'A')
INSERT INTO disControlesFilaSolapa(Alto, Control_Id, Fila, Formulario_Id, TipoValor) VALUES(40, 'Solapa_Datos', 6, @disFormularios, 'A')
INSERT INTO disControlesFilaSolapa(Alto, Control_Id, Fila, Formulario_Id, TipoValor) VALUES(40, 'Solapa_Datos', 7, @disFormularios, 'A')
INSERT INTO disControlesFilaSolapa(Alto, Control_Id, Fila, Formulario_Id, TipoValor) VALUES(40, 'Solapa_Datos', 8, @disFormularios, 'A')
INSERT INTO disControlesFilaSolapa(Alto, Control_Id, Fila, Formulario_Id, TipoValor) VALUES(40, 'Solapa_Datos', 9, @disFormularios, 'A')
INSERT INTO disControlesFilaSolapa(Alto, Control_Id, Fila, Formulario_Id, TipoValor) VALUES(40, 'Solapa_Datos', 10, @disFormularios, 'A')
INSERT INTO disControlesFilaSolapa(Alto, Control_Id, Fila, Formulario_Id, TipoValor) VALUES(40, 'Solapa_Datos', 11, @disFormularios, 'A')
--disControlesColumnaSolapa
INSERT INTO disControlesColumnaSolapa(Ancho, Columna, Control_Id, Formulario_Id, TipoValor) VALUES(16, 0, 'Solapa_1', @disFormularios, 'P')
INSERT INTO disControlesColumnaSolapa(Ancho, Columna, Control_Id, Formulario_Id, TipoValor) VALUES(16, 1, 'Solapa_1', @disFormularios, 'P')
INSERT INTO disControlesColumnaSolapa(Ancho, Columna, Control_Id, Formulario_Id, TipoValor) VALUES(16, 2, 'Solapa_1', @disFormularios, 'P')
INSERT INTO disControlesColumnaSolapa(Ancho, Columna, Control_Id, Formulario_Id, TipoValor) VALUES(16, 3, 'Solapa_1', @disFormularios, 'P')
INSERT INTO disControlesColumnaSolapa(Ancho, Columna, Control_Id, Formulario_Id, TipoValor) VALUES(16, 4, 'Solapa_1', @disFormularios, 'P')
INSERT INTO disControlesColumnaSolapa(Ancho, Columna, Control_Id, Formulario_Id, TipoValor) VALUES(20, 5, 'Solapa_1', @disFormularios, 'P')
INSERT INTO disControlesColumnaSolapa(Ancho, Columna, Control_Id, Formulario_Id, TipoValor) VALUES(16, 0, 'Solapa_Datos', @disFormularios, 'P')
INSERT INTO disControlesColumnaSolapa(Ancho, Columna, Control_Id, Formulario_Id, TipoValor) VALUES(16, 1, 'Solapa_Datos', @disFormularios, 'P')
INSERT INTO disControlesColumnaSolapa(Ancho, Columna, Control_Id, Formulario_Id, TipoValor) VALUES(16, 2, 'Solapa_Datos', @disFormularios, 'P')
INSERT INTO disControlesColumnaSolapa(Ancho, Columna, Control_Id, Formulario_Id, TipoValor) VALUES(16, 3, 'Solapa_Datos', @disFormularios, 'P')
INSERT INTO disControlesColumnaSolapa(Ancho, Columna, Control_Id, Formulario_Id, TipoValor) VALUES(16, 4, 'Solapa_Datos', @disFormularios, 'P')
INSERT INTO disControlesColumnaSolapa(Ancho, Columna, Control_Id, Formulario_Id, TipoValor) VALUES(20, 5, 'Solapa_Datos', @disFormularios, 'P')
--disControlesCheckBox
INSERT INTO disControlesCheckBox(Checked, Control_Id, Formulario_Id) VALUES(0, 'ctrnes13Marca', @disFormularios)
INSERT INTO disControlesCheckBox(Checked, Control_Id, Formulario_Id) VALUES(0, 'ctrnes13PorEmpleado', @disFormularios)
--disControlesGrilla
INSERT INTO disControlesGrilla(AccionNuevoValorNodo, AnchoColPorContenido, AnchoColumnasFijas, AnchoMinimo, AutoFormateable, ColFormatoNumericoFila, ColumnasFijas, ColumnasOcultas, ColumnasSoloLectura, ColumnasTotalizarCantidad, ColumnasTotalizarMaximo, ColumnasTotalizarMinimo, ColumnasTotalizarPromedio, ColumnasTotalizarSuma, Control_Id, EditaEnGrilla, EsArbol, EsGrillaAdjuntos, FilasAMostrar, Formulario_Id, NombreColCalculoTotal, PermiteAgregarFilas, PermiteBorrarFilas, PermiteEditarCeldas, RegistrosxPagina, TotalizaColumnas) VALUES('Ninguna', 0, Null, 0, 0, Null, Null, Null, Null, Null, Null, Null, Null, Null, 'grdEmpleados', 1, 0, 0, 0, @disFormularios, Null, 0, 0, 1, 0, 0)
INSERT INTO disControlesGrilla(AccionNuevoValorNodo, AnchoColPorContenido, AnchoColumnasFijas, AnchoMinimo, AutoFormateable, ColFormatoNumericoFila, ColumnasFijas, ColumnasOcultas, ColumnasSoloLectura, ColumnasTotalizarCantidad, ColumnasTotalizarMaximo, ColumnasTotalizarMinimo, ColumnasTotalizarPromedio, ColumnasTotalizarSuma, Control_Id, EditaEnGrilla, EsArbol, EsGrillaAdjuntos, FilasAMostrar, Formulario_Id, NombreColCalculoTotal, PermiteAgregarFilas, PermiteBorrarFilas, PermiteEditarCeldas, RegistrosxPagina, TotalizaColumnas) VALUES('Ninguna', 0, Null, 0, 0, Null, Null, Null, Null, Null, Null, Null, Null, Null, 'grdLiquidaciones', 0, 0, 0, 0, @disFormularios, Null, 0, 0, 1, 0, 0)
--disControlesGrillaColumnas
INSERT INTO disControlesGrillaColumnas(Alineacion, Ancho, AnchoMinimo, AnchoVariable, AutoNumerico, CongelarTamanio, Control_Id, ControlColumna_Id, EsParamAccionBoton, EsPrimaryKey, Formato, Formulario_Id, Heredado, Identidad_Id, ItemsCombo, ModoOrdenamiento, ModoTamanioVariable, NombreCampo, Posicion, Requerido, SoloLectura, Texto, TextoColumnaVacia, TipoDato, Titulo, TotalizarCantidad, TotalizarMaximo, TotalizarMinimo, TotalizarPromedio, TotalizarSuma, Visible) VALUES('izquierda', 100, 5, 1, 0, 0, 'grdEmpleados', Null, 0, 0, Null, @disFormularios, 0, Null, Null, 'Automatic', 'NotSet', 'Anio', 8, 0, 0, Null, Null, 'Int32', 'Anio', 0, 0, 0, 0, 0, 0)
INSERT INTO disControlesGrillaColumnas(Alineacion, Ancho, AnchoMinimo, AnchoVariable, AutoNumerico, CongelarTamanio, Control_Id, ControlColumna_Id, EsParamAccionBoton, EsPrimaryKey, Formato, Formulario_Id, Heredado, Identidad_Id, ItemsCombo, ModoOrdenamiento, ModoTamanioVariable, NombreCampo, Posicion, Requerido, SoloLectura, Texto, TextoColumnaVacia, TipoDato, Titulo, TotalizarCantidad, TotalizarMaximo, TotalizarMinimo, TotalizarPromedio, TotalizarSuma, Visible) VALUES('izquierda', 100, 5, 1, 0, 0, 'grdEmpleados', Null, 0, 0, Null, @disFormularios, 0, Null, Null, 'Automatic', 'NotSet', 'Decena', 9, 0, 0, Null, Null, 'Int32', 'Decena', 0, 0, 0, 0, 0, 0)
INSERT INTO disControlesGrillaColumnas(Alineacion, Ancho, AnchoMinimo, AnchoVariable, AutoNumerico, CongelarTamanio, Control_Id, ControlColumna_Id, EsParamAccionBoton, EsPrimaryKey, Formato, Formulario_Id, Heredado, Identidad_Id, ItemsCombo, ModoOrdenamiento, ModoTamanioVariable, NombreCampo, Posicion, Requerido, SoloLectura, Texto, TextoColumnaVacia, TipoDato, Titulo, TotalizarCantidad, TotalizarMaximo, TotalizarMinimo, TotalizarPromedio, TotalizarSuma, Visible) VALUES('izquierda', 200, 5, 1, 0, 0, 'grdEmpleados', Null, 0, 0, Null, @disFormularios, 0, Null, Null, 'Automatic', 'NotSet', 'DescripcionPersonal', 1, 0, 1, Null, Null, 'String', 'DescripcionPersonal', 0, 0, 0, 0, 0, 1)
INSERT INTO disControlesGrillaColumnas(Alineacion, Ancho, AnchoMinimo, AnchoVariable, AutoNumerico, CongelarTamanio, Control_Id, ControlColumna_Id, EsParamAccionBoton, EsPrimaryKey, Formato, Formulario_Id, Heredado, Identidad_Id, ItemsCombo, ModoOrdenamiento, ModoTamanioVariable, NombreCampo, Posicion, Requerido, SoloLectura, Texto, TextoColumnaVacia, TipoDato, Titulo, TotalizarCantidad, TotalizarMaximo, TotalizarMinimo, TotalizarPromedio, TotalizarSuma, Visible) VALUES('izquierda', 100, 5, 1, 0, 0, 'grdEmpleados', Null, 0, 0, Null, @disFormularios, 0, Null, Null, 'Automatic', 'NotSet', 'FechaHabilitacion', 3, 0, 0, Null, Null, 'DateTime', 'FechaHabilitacion', 0, 0, 0, 0, 0, 1)
INSERT INTO disControlesGrillaColumnas(Alineacion, Ancho, AnchoMinimo, AnchoVariable, AutoNumerico, CongelarTamanio, Control_Id, ControlColumna_Id, EsParamAccionBoton, EsPrimaryKey, Formato, Formulario_Id, Heredado, Identidad_Id, ItemsCombo, ModoOrdenamiento, ModoTamanioVariable, NombreCampo, Posicion, Requerido, SoloLectura, Texto, TextoColumnaVacia, TipoDato, Titulo, TotalizarCantidad, TotalizarMaximo, TotalizarMinimo, TotalizarPromedio, TotalizarSuma, Visible) VALUES('derecha', 100, 5, 1, 0, 0, 'grdEmpleados', Null, 0, 0, Null, @disFormularios, 0, Null, Null, 'Automatic', 'NotSet', 'Importe', 4, 0, 1, Null, Null, 'Decimal', 'Importe', 0, 0, 0, 0, 0, 1)
INSERT INTO disControlesGrillaColumnas(Alineacion, Ancho, AnchoMinimo, AnchoVariable, AutoNumerico, CongelarTamanio, Control_Id, ControlColumna_Id, EsParamAccionBoton, EsPrimaryKey, Formato, Formulario_Id, Heredado, Identidad_Id, ItemsCombo, ModoOrdenamiento, ModoTamanioVariable, NombreCampo, Posicion, Requerido, SoloLectura, Texto, TextoColumnaVacia, TipoDato, Titulo, TotalizarCantidad, TotalizarMaximo, TotalizarMinimo, TotalizarPromedio, TotalizarSuma, Visible) VALUES('izquierda', 100, 5, 1, 0, 0, 'grdEmpleados', Null, 0, 0, Null, @disFormularios, 0, Null, Null, 'Automatic', 'NotSet', 'Legajo', 0, 0, 1, Null, Null, 'Int32', 'Legajo', 0, 0, 0, 0, 0, 1)
INSERT INTO disControlesGrillaColumnas(Alineacion, Ancho, AnchoMinimo, AnchoVariable, AutoNumerico, CongelarTamanio, Control_Id, ControlColumna_Id, EsParamAccionBoton, EsPrimaryKey, Formato, Formulario_Id, Heredado, Identidad_Id, ItemsCombo, ModoOrdenamiento, ModoTamanioVariable, NombreCampo, Posicion, Requerido, SoloLectura, Texto, TextoColumnaVacia, TipoDato, Titulo, TotalizarCantidad, TotalizarMaximo, TotalizarMinimo, TotalizarPromedio, TotalizarSuma, Visible) VALUES('izquierda', 100, 5, 1, 0, 0, 'grdEmpleados', Null, 0, 0, Null, @disFormularios, 0, Null, Null, 'NotSortable', 'NotSet', 'Marca', 2, 0, 0, Null, Null, 'Boolean', 'Marca', 0, 0, 0, 0, 0, 1)
INSERT INTO disControlesGrillaColumnas(Alineacion, Ancho, AnchoMinimo, AnchoVariable, AutoNumerico, CongelarTamanio, Control_Id, ControlColumna_Id, EsParamAccionBoton, EsPrimaryKey, Formato, Formulario_Id, Heredado, Identidad_Id, ItemsCombo, ModoOrdenamiento, ModoTamanioVariable, NombreCampo, Posicion, Requerido, SoloLectura, Texto, TextoColumnaVacia, TipoDato, Titulo, TotalizarCantidad, TotalizarMaximo, TotalizarMinimo, TotalizarPromedio, TotalizarSuma, Visible) VALUES('izquierda', 100, 5, 1, 0, 0, 'grdEmpleados', Null, 0, 0, Null, @disFormularios, 0, Null, Null, 'Automatic', 'NotSet', 'Mes', 10, 0, 0, Null, Null, 'Int32', 'Mes', 0, 0, 0, 0, 0, 0)
INSERT INTO disControlesGrillaColumnas(Alineacion, Ancho, AnchoMinimo, AnchoVariable, AutoNumerico, CongelarTamanio, Control_Id, ControlColumna_Id, EsParamAccionBoton, EsPrimaryKey, Formato, Formulario_Id, Heredado, Identidad_Id, ItemsCombo, ModoOrdenamiento, ModoTamanioVariable, NombreCampo, Posicion, Requerido, SoloLectura, Texto, TextoColumnaVacia, TipoDato, Titulo, TotalizarCantidad, TotalizarMaximo, TotalizarMinimo, TotalizarPromedio, TotalizarSuma, Visible) VALUES('izquierda', 100, 5, 1, 0, 0, 'grdEmpleados', Null, 0, 0, Null, @disFormularios, 0, Null, Null, 'Automatic', 'NotSet', 'Quincena', 11, 0, 0, Null, Null, 'Int32', 'Quincena', 0, 0, 0, 0, 0, 0)
INSERT INTO disControlesGrillaColumnas(Alineacion, Ancho, AnchoMinimo, AnchoVariable, AutoNumerico, CongelarTamanio, Control_Id, ControlColumna_Id, EsParamAccionBoton, EsPrimaryKey, Formato, Formulario_Id, Heredado, Identidad_Id, ItemsCombo, ModoOrdenamiento, ModoTamanioVariable, NombreCampo, Posicion, Requerido, SoloLectura, Texto, TextoColumnaVacia, TipoDato, Titulo, TotalizarCantidad, TotalizarMaximo, TotalizarMinimo, TotalizarPromedio, TotalizarSuma, Visible) VALUES('izquierda', 100, 5, 1, 0, 0, 'grdEmpleados', Null, 0, 0, Null, @disFormularios, 0, Null, Null, 'Automatic', 'NotSet', 'Secuencia', 5, 0, 0, Null, Null, 'Int32', 'Secuencia', 0, 0, 0, 0, 0, 0)
INSERT INTO disControlesGrillaColumnas(Alineacion, Ancho, AnchoMinimo, AnchoVariable, AutoNumerico, CongelarTamanio, Control_Id, ControlColumna_Id, EsParamAccionBoton, EsPrimaryKey, Formato, Formulario_Id, Heredado, Identidad_Id, ItemsCombo, ModoOrdenamiento, ModoTamanioVariable, NombreCampo, Posicion, Requerido, SoloLectura, Texto, TextoColumnaVacia, TipoDato, Titulo, TotalizarCantidad, TotalizarMaximo, TotalizarMinimo, TotalizarPromedio, TotalizarSuma, Visible) VALUES('izquierda', 100, 5, 1, 0, 0, 'grdEmpleados', Null, 0, 0, Null, @disFormularios, 0, Null, Null, 'Automatic', 'NotSet', 'Semana', 12, 0, 0, Null, Null, 'Int32', 'Semana', 0, 0, 0, 0, 0, 0)
INSERT INTO disControlesGrillaColumnas(Alineacion, Ancho, AnchoMinimo, AnchoVariable, AutoNumerico, CongelarTamanio, Control_Id, ControlColumna_Id, EsParamAccionBoton, EsPrimaryKey, Formato, Formulario_Id, Heredado, Identidad_Id, ItemsCombo, ModoOrdenamiento, ModoTamanioVariable, NombreCampo, Posicion, Requerido, SoloLectura, Texto, TextoColumnaVacia, TipoDato, Titulo, TotalizarCantidad, TotalizarMaximo, TotalizarMinimo, TotalizarPromedio, TotalizarSuma, Visible) VALUES('izquierda', 100, 5, 1, 0, 0, 'grdEmpleados', Null, 0, 0, Null, @disFormularios, 0, Null, Null, 'Automatic', 'NotSet', 'sueLiquidacion', 6, 0, 0, Null, Null, 'Int64', 'sueLiquidacion', 0, 0, 0, 0, 0, 0)
INSERT INTO disControlesGrillaColumnas(Alineacion, Ancho, AnchoMinimo, AnchoVariable, AutoNumerico, CongelarTamanio, Control_Id, ControlColumna_Id, EsParamAccionBoton, EsPrimaryKey, Formato, Formulario_Id, Heredado, Identidad_Id, ItemsCombo, ModoOrdenamiento, ModoTamanioVariable, NombreCampo, Posicion, Requerido, SoloLectura, Texto, TextoColumnaVacia, TipoDato, Titulo, TotalizarCantidad, TotalizarMaximo, TotalizarMinimo, TotalizarPromedio, TotalizarSuma, Visible) VALUES('izquierda', 100, 5, 1, 0, 0, 'grdEmpleados', Null, 0, 0, Null, @disFormularios, 0, Null, Null, 'Automatic', 'NotSet', 'tesMovimientos', 7, 0, 0, Null, Null, 'Int64', 'tesMovimientos', 0, 0, 0, 0, 0, 0)
INSERT INTO disControlesGrillaColumnas(Alineacion, Ancho, AnchoMinimo, AnchoVariable, AutoNumerico, CongelarTamanio, Control_Id, ControlColumna_Id, EsParamAccionBoton, EsPrimaryKey, Formato, Formulario_Id, Heredado, Identidad_Id, ItemsCombo, ModoOrdenamiento, ModoTamanioVariable, NombreCampo, Posicion, Requerido, SoloLectura, Texto, TextoColumnaVacia, TipoDato, Titulo, TotalizarCantidad, TotalizarMaximo, TotalizarMinimo, TotalizarPromedio, TotalizarSuma, Visible) VALUES('izquierda', 100, 5, 1, 0, 0, 'grdEmpleados', Null, 0, 0, Null, @disFormularios, 0, Null, Null, 'Automatic', 'NotSet', 'Vez', 13, 0, 0, Null, Null, 'Int32', 'Vez', 0, 0, 0, 0, 0, 0)
INSERT INTO disControlesGrillaColumnas(Alineacion, Ancho, AnchoMinimo, AnchoVariable, AutoNumerico, CongelarTamanio, Control_Id, ControlColumna_Id, EsParamAccionBoton, EsPrimaryKey, Formato, Formulario_Id, Heredado, Identidad_Id, ItemsCombo, ModoOrdenamiento, ModoTamanioVariable, NombreCampo, Posicion, Requerido, SoloLectura, Texto, TextoColumnaVacia, TipoDato, Titulo, TotalizarCantidad, TotalizarMaximo, TotalizarMinimo, TotalizarPromedio, TotalizarSuma, Visible) VALUES('izquierda', 100, 5, 1, 0, 0, 'grdLiquidaciones', Null, 0, 0, Null, @disFormularios, 0, Null, Null, 'Automatic', 'NotSet', 'Anio', 7, 0, 0, Null, Null, 'Int32', 'Anio', 0, 0, 0, 0, 0, 0)
INSERT INTO disControlesGrillaColumnas(Alineacion, Ancho, AnchoMinimo, AnchoVariable, AutoNumerico, CongelarTamanio, Control_Id, ControlColumna_Id, EsParamAccionBoton, EsPrimaryKey, Formato, Formulario_Id, Heredado, Identidad_Id, ItemsCombo, ModoOrdenamiento, ModoTamanioVariable, NombreCampo, Posicion, Requerido, SoloLectura, Texto, TextoColumnaVacia, TipoDato, Titulo, TotalizarCantidad, TotalizarMaximo, TotalizarMinimo, TotalizarPromedio, TotalizarSuma, Visible) VALUES('izquierda', 100, 5, 1, 0, 0, 'grdLiquidaciones', Null, 0, 0, Null, @disFormularios, 0, Null, Null, 'Automatic', 'NotSet', 'Decena', 8, 0, 0, Null, Null, 'Int32', 'Decena', 0, 0, 0, 0, 0, 0)
INSERT INTO disControlesGrillaColumnas(Alineacion, Ancho, AnchoMinimo, AnchoVariable, AutoNumerico, CongelarTamanio, Control_Id, ControlColumna_Id, EsParamAccionBoton, EsPrimaryKey, Formato, Formulario_Id, Heredado, Identidad_Id, ItemsCombo, ModoOrdenamiento, ModoTamanioVariable, NombreCampo, Posicion, Requerido, SoloLectura, Texto, TextoColumnaVacia, TipoDato, Titulo, TotalizarCantidad, TotalizarMaximo, TotalizarMinimo, TotalizarPromedio, TotalizarSuma, Visible) VALUES('izquierda', 200, 5, 1, 0, 0, 'grdLiquidaciones', Null, 0, 0, Null, @disFormularios, 0, Null, Null, 'Automatic', 'NotSet', 'DescripcionLiquidacion', 2, 0, 0, Null, Null, 'String', 'DescripcionLiquidacion', 0, 0, 0, 0, 0, 1)
INSERT INTO disControlesGrillaColumnas(Alineacion, Ancho, AnchoMinimo, AnchoVariable, AutoNumerico, CongelarTamanio, Control_Id, ControlColumna_Id, EsParamAccionBoton, EsPrimaryKey, Formato, Formulario_Id, Heredado, Identidad_Id, ItemsCombo, ModoOrdenamiento, ModoTamanioVariable, NombreCampo, Posicion, Requerido, SoloLectura, Texto, TextoColumnaVacia, TipoDato, Titulo, TotalizarCantidad, TotalizarMaximo, TotalizarMinimo, TotalizarPromedio, TotalizarSuma, Visible) VALUES('izquierda', 100, 5, 1, 0, 0, 'grdLiquidaciones', Null, 0, 0, Null, @disFormularios, 0, Null, Null, 'Automatic', 'NotSet', 'FechaHabilitacion', 3, 0, 0, Null, Null, 'DateTime', 'FechaHabilitacion', 0, 0, 0, 0, 0, 1)
INSERT INTO disControlesGrillaColumnas(Alineacion, Ancho, AnchoMinimo, AnchoVariable, AutoNumerico, CongelarTamanio, Control_Id, ControlColumna_Id, EsParamAccionBoton, EsPrimaryKey, Formato, Formulario_Id, Heredado, Identidad_Id, ItemsCombo, ModoOrdenamiento, ModoTamanioVariable, NombreCampo, Posicion, Requerido, SoloLectura, Texto, TextoColumnaVacia, TipoDato, Titulo, TotalizarCantidad, TotalizarMaximo, TotalizarMinimo, TotalizarPromedio, TotalizarSuma, Visible) VALUES('derecha', 100, 5, 1, 0, 0, 'grdLiquidaciones', Null, 0, 0, Null, @disFormularios, 0, Null, Null, 'Automatic', 'NotSet', 'Importe', 4, 0, 0, Null, Null, 'Decimal', 'Importe', 0, 0, 0, 0, 0, 1)
INSERT INTO disControlesGrillaColumnas(Alineacion, Ancho, AnchoMinimo, AnchoVariable, AutoNumerico, CongelarTamanio, Control_Id, ControlColumna_Id, EsParamAccionBoton, EsPrimaryKey, Formato, Formulario_Id, Heredado, Identidad_Id, ItemsCombo, ModoOrdenamiento, ModoTamanioVariable, NombreCampo, Posicion, Requerido, SoloLectura, Texto, TextoColumnaVacia, TipoDato, Titulo, TotalizarCantidad, TotalizarMaximo, TotalizarMinimo, TotalizarPromedio, TotalizarSuma, Visible) VALUES('izquierda', 50, 5, 1, 0, 0, 'grdLiquidaciones', Null, 0, 0, Null, @disFormularios, 0, Null, Null, 'NotSortable', 'NotSet', 'Marca', 0, 0, 0, Null, Null, 'Boolean', 'Marca', 0, 0, 0, 0, 0, 1)
INSERT INTO disControlesGrillaColumnas(Alineacion, Ancho, AnchoMinimo, AnchoVariable, AutoNumerico, CongelarTamanio, Control_Id, ControlColumna_Id, EsParamAccionBoton, EsPrimaryKey, Formato, Formulario_Id, Heredado, Identidad_Id, ItemsCombo, ModoOrdenamiento, ModoTamanioVariable, NombreCampo, Posicion, Requerido, SoloLectura, Texto, TextoColumnaVacia, TipoDato, Titulo, TotalizarCantidad, TotalizarMaximo, TotalizarMinimo, TotalizarPromedio, TotalizarSuma, Visible) VALUES('izquierda', 100, 5, 1, 0, 0, 'grdLiquidaciones', Null, 0, 0, Null, @disFormularios, 0, Null, Null, 'Automatic', 'NotSet', 'Mes', 9, 0, 0, Null, Null, 'Int32', 'Mes', 0, 0, 0, 0, 0, 0)
INSERT INTO disControlesGrillaColumnas(Alineacion, Ancho, AnchoMinimo, AnchoVariable, AutoNumerico, CongelarTamanio, Control_Id, ControlColumna_Id, EsParamAccionBoton, EsPrimaryKey, Formato, Formulario_Id, Heredado, Identidad_Id, ItemsCombo, ModoOrdenamiento, ModoTamanioVariable, NombreCampo, Posicion, Requerido, SoloLectura, Texto, TextoColumnaVacia, TipoDato, Titulo, TotalizarCantidad, TotalizarMaximo, TotalizarMinimo, TotalizarPromedio, TotalizarSuma, Visible) VALUES('izquierda', 100, 5, 1, 0, 0, 'grdLiquidaciones', Null, 0, 0, Null, @disFormularios, 0, Null, Null, 'NotSortable', 'NotSet', 'PorEmpleado', 5, 0, 0, Null, Null, 'Boolean', 'PorEmpleado', 0, 0, 0, 0, 0, 1)
INSERT INTO disControlesGrillaColumnas(Alineacion, Ancho, AnchoMinimo, AnchoVariable, AutoNumerico, CongelarTamanio, Control_Id, ControlColumna_Id, EsParamAccionBoton, EsPrimaryKey, Formato, Formulario_Id, Heredado, Identidad_Id, ItemsCombo, ModoOrdenamiento, ModoTamanioVariable, NombreCampo, Posicion, Requerido, SoloLectura, Texto, TextoColumnaVacia, TipoDato, Titulo, TotalizarCantidad, TotalizarMaximo, TotalizarMinimo, TotalizarPromedio, TotalizarSuma, Visible) VALUES('izquierda', 100, 5, 1, 0, 0, 'grdLiquidaciones', Null, 0, 0, Null, @disFormularios, 0, Null, Null, 'Automatic', 'NotSet', 'Quincena', 10, 0, 0, Null, Null, 'Int32', 'Quincena', 0, 0, 0, 0, 0, 0)
INSERT INTO disControlesGrillaColumnas(Alineacion, Ancho, AnchoMinimo, AnchoVariable, AutoNumerico, CongelarTamanio, Control_Id, ControlColumna_Id, EsParamAccionBoton, EsPrimaryKey, Formato, Formulario_Id, Heredado, Identidad_Id, ItemsCombo, ModoOrdenamiento, ModoTamanioVariable, NombreCampo, Posicion, Requerido, SoloLectura, Texto, TextoColumnaVacia, TipoDato, Titulo, TotalizarCantidad, TotalizarMaximo, TotalizarMinimo, TotalizarPromedio, TotalizarSuma, Visible) VALUES('izquierda', 100, 5, 1, 0, 0, 'grdLiquidaciones', Null, 0, 0, Null, @disFormularios, 0, Null, Null, 'Automatic', 'NotSet', 'Segmento', 1, 0, 0, Null, Null, 'String', 'Liquidacion', 0, 0, 0, 0, 0, 1)
INSERT INTO disControlesGrillaColumnas(Alineacion, Ancho, AnchoMinimo, AnchoVariable, AutoNumerico, CongelarTamanio, Control_Id, ControlColumna_Id, EsParamAccionBoton, EsPrimaryKey, Formato, Formulario_Id, Heredado, Identidad_Id, ItemsCombo, ModoOrdenamiento, ModoTamanioVariable, NombreCampo, Posicion, Requerido, SoloLectura, Texto, TextoColumnaVacia, TipoDato, Titulo, TotalizarCantidad, TotalizarMaximo, TotalizarMinimo, TotalizarPromedio, TotalizarSuma, Visible) VALUES('izquierda', 100, 5, 1, 0, 0, 'grdLiquidaciones', Null, 0, 0, Null, @disFormularios, 0, Null, Null, 'Automatic', 'NotSet', 'Semana', 11, 0, 0, Null, Null, 'Int32', 'Semana', 0, 0, 0, 0, 0, 0)
INSERT INTO disControlesGrillaColumnas(Alineacion, Ancho, AnchoMinimo, AnchoVariable, AutoNumerico, CongelarTamanio, Control_Id, ControlColumna_Id, EsParamAccionBoton, EsPrimaryKey, Formato, Formulario_Id, Heredado, Identidad_Id, ItemsCombo, ModoOrdenamiento, ModoTamanioVariable, NombreCampo, Posicion, Requerido, SoloLectura, Texto, TextoColumnaVacia, TipoDato, Titulo, TotalizarCantidad, TotalizarMaximo, TotalizarMinimo, TotalizarPromedio, TotalizarSuma, Visible) VALUES('izquierda', 100, 5, 1, 0, 0, 'grdLiquidaciones', Null, 0, 0, Null, @disFormularios, 0, Null, Null, 'Automatic', 'NotSet', 'sueLiquidacion', 6, 0, 0, Null, Null, 'Int64', 'sueLiquidacion', 0, 0, 0, 0, 0, 0)
INSERT INTO disControlesGrillaColumnas(Alineacion, Ancho, AnchoMinimo, AnchoVariable, AutoNumerico, CongelarTamanio, Control_Id, ControlColumna_Id, EsParamAccionBoton, EsPrimaryKey, Formato, Formulario_Id, Heredado, Identidad_Id, ItemsCombo, ModoOrdenamiento, ModoTamanioVariable, NombreCampo, Posicion, Requerido, SoloLectura, Texto, TextoColumnaVacia, TipoDato, Titulo, TotalizarCantidad, TotalizarMaximo, TotalizarMinimo, TotalizarPromedio, TotalizarSuma, Visible) VALUES('izquierda', 100, 5, 1, 0, 0, 'grdLiquidaciones', Null, 0, 0, Null, @disFormularios, 0, Null, Null, 'Automatic', 'NotSet', 'Vez', 12, 0, 0, Null, Null, 'Int32', 'Vez', 0, 0, 0, 0, 0, 0)
--disControlesGrupoSolapa
INSERT INTO disControlesGrupoSolapa(CantSolapas, Control_Id, Formulario_Id) VALUES(2, 'Solapas', @disFormularios)
--disControlesNumerico
INSERT INTO disControlesNumerico(BotonSpin, Control_Id, Decimales, EsPorcentaje, Formulario_Id, SpinIncremento, ValorMaximo, ValorMinimo) VALUES(0, 'ctrnes13Importe', 2, 0, @disFormularios, 1, 9999999999.99000000, -9999999999.99000000)
--disControlesFecha
INSERT INTO disControlesFecha(Control_Id, DiasDiferenciaFecha, DiasDiferenciaFechaMaxima, DiasDiferenciaFechaMinima, Formulario_Id, ValorMaximo, ValorMinimo) VALUES('ctrnes13FechaHabilitacion', Null, Null, Null, @disFormularios, 'En_Blanco', 'En_Blanco')
--disEventos
INSERT INTO disEventos(Control_Id, EsMetodo, Formulario_Id, Habilitado, Heredado, TipoEvento) VALUES('ctrnes13PorEmpleado', 0, @disFormularios, 1, 0, 'Click')
INSERT INTO disEventos(Control_Id, EsMetodo, Formulario_Id, Habilitado, Heredado, TipoEvento) VALUES('frmsuePagosHabi', 0, @disFormularios, 1, 0, 'Guardar')
INSERT INTO disEventos(Control_Id, EsMetodo, Formulario_Id, Habilitado, Heredado, TipoEvento) VALUES('frmsuePagosHabi', 1, @disFormularios, 1, 0, 'met_PorEmpleado')
INSERT INTO disEventos(Control_Id, EsMetodo, Formulario_Id, Habilitado, Heredado, TipoEvento) VALUES('frmsuePagosHabi', 0, @disFormularios, 1, 0, 'Post_Load')
--disAcciones
INSERT INTO disAcciones(Accion, Accion_Id, AccionPadre_Id, AdicionalInfo, Control_Id, ControlDestino_Id, ControlTexto_Id, EsEspecializacion, Formulario_Id, Habilitado, Heredado, OrdenAccion, Texto, TipoEvento, ValorCondicion) VALUES('InvocarMetodo', '8f944f40-fb62-45a5-a9ea-177d6bd383e5', Null, Null, 'ctrnes13PorEmpleado', Null, Null, 0, @disFormularios, 1, 0, 1, 'met_PorEmpleado', 'Click', Null)
INSERT INTO disAcciones(Accion, Accion_Id, AccionPadre_Id, AdicionalInfo, Control_Id, ControlDestino_Id, ControlTexto_Id, EsEspecializacion, Formulario_Id, Habilitado, Heredado, OrdenAccion, Texto, TipoEvento, ValorCondicion) VALUES('Ejecutar', '6798bb8d-70bb-4c04-b939-8189b2e420db', Null, Null, 'frmsuePagosHabi', Null, Null, 0, @disFormularios, 1, 0, 2, 'Guardar', 'Guardar', Null)
INSERT INTO disAcciones(Accion, Accion_Id, AccionPadre_Id, AdicionalInfo, Control_Id, ControlDestino_Id, ControlTexto_Id, EsEspecializacion, Formulario_Id, Habilitado, Heredado, OrdenAccion, Texto, TipoEvento, ValorCondicion) VALUES('CondicionCliente', '06f4c9ef-a927-4d79-afca-978892ccee46', Null, Null, 'frmsuePagosHabi', Null, Null, 0, @disFormularios, 1, 0, 3, 'ctrnes13PorEmpleado', 'met_PorEmpleado', Null)
INSERT INTO disAcciones(Accion, Accion_Id, AccionPadre_Id, AdicionalInfo, Control_Id, ControlDestino_Id, ControlTexto_Id, EsEspecializacion, Formulario_Id, Habilitado, Heredado, OrdenAccion, Texto, TipoEvento, ValorCondicion) VALUES('MostrarControl', '008f2cba-80e9-4f9d-b62a-8055f111383c', '06f4c9ef-a927-4d79-afca-978892ccee46', Null, 'frmsuePagosHabi', 'grdEmpleados', Null, 0, @disFormularios, 1, 0, 4, Null, 'met_PorEmpleado', 'true')
INSERT INTO disAcciones(Accion, Accion_Id, AccionPadre_Id, AdicionalInfo, Control_Id, ControlDestino_Id, ControlTexto_Id, EsEspecializacion, Formulario_Id, Habilitado, Heredado, OrdenAccion, Texto, TipoEvento, ValorCondicion) VALUES('OcultarControl', 'b767bfee-a7b3-42d2-b3f1-823afc087e75', '06f4c9ef-a927-4d79-afca-978892ccee46', Null, 'frmsuePagosHabi', 'ctrnes13Importe', Null, 0, @disFormularios, 1, 0, 5, Null, 'met_PorEmpleado', 'true')
INSERT INTO disAcciones(Accion, Accion_Id, AccionPadre_Id, AdicionalInfo, Control_Id, ControlDestino_Id, ControlTexto_Id, EsEspecializacion, Formulario_Id, Habilitado, Heredado, OrdenAccion, Texto, TipoEvento, ValorCondicion) VALUES('AccionEnGrilla', '3b4e2eea-e8ad-417d-b05a-9b771bebaaf9', '06f4c9ef-a927-4d79-afca-978892ccee46', Null, 'frmsuePagosHabi', Null, Null, 0, @disFormularios, 1, 0, 6, 'TraerEmpleados', 'met_PorEmpleado', 'true')
INSERT INTO disAcciones(Accion, Accion_Id, AccionPadre_Id, AdicionalInfo, Control_Id, ControlDestino_Id, ControlTexto_Id, EsEspecializacion, Formulario_Id, Habilitado, Heredado, OrdenAccion, Texto, TipoEvento, ValorCondicion) VALUES('OcultarControl', '5d111745-bfd9-4f60-8e78-cfb8155ef200', '06f4c9ef-a927-4d79-afca-978892ccee46', Null, 'frmsuePagosHabi', 'grdEmpleados', Null, 0, @disFormularios, 1, 0, 7, Null, 'met_PorEmpleado', 'false')
INSERT INTO disAcciones(Accion, Accion_Id, AccionPadre_Id, AdicionalInfo, Control_Id, ControlDestino_Id, ControlTexto_Id, EsEspecializacion, Formulario_Id, Habilitado, Heredado, OrdenAccion, Texto, TipoEvento, ValorCondicion) VALUES('MostrarControl', '02eeb956-fdee-4c6a-b1b0-bad0b893bb78', '06f4c9ef-a927-4d79-afca-978892ccee46', Null, 'frmsuePagosHabi', 'ctrnes13Importe', Null, 0, @disFormularios, 1, 0, 8, Null, 'met_PorEmpleado', 'false')
INSERT INTO disAcciones(Accion, Accion_Id, AccionPadre_Id, AdicionalInfo, Control_Id, ControlDestino_Id, ControlTexto_Id, EsEspecializacion, Formulario_Id, Habilitado, Heredado, OrdenAccion, Texto, TipoEvento, ValorCondicion) VALUES('Ejecutar', 'c07a4ba3-3079-4e8a-8329-a10137a1de24', Null, Null, 'frmsuePagosHabi', Null, Null, 0, @disFormularios, 1, 0, 9, 'Datos', 'Post_Load', Null)
--disControlesTexto
INSERT INTO disControlesTexto(CharCasing, Control_Id, Formulario_Id, MultiplesLineas) VALUES('Normal', 'ctrnes13DescripcionLiquidacion', @disFormularios, 0)
--disRelacionesTablas
INSERT INTO disRelacionesTablas(ColumnaDetalle_Id, ColumnaDetalle2_Id, ColumnaDetalle3_Id, ColumnaMaster_Id, ColumnaMaster2_Id, ColumnaMaster3_Id, Formulario_Id, TablaDetalle_Id, TablaMaster_Id) VALUES('sueLiquidacion', Null, Null, 'sueLiquidacion', Null, Null, @disFormularios, 'Empleados', 'Liquidaciones')
