Exec Borra_cuerpoForm 'frmgenPermisos'
--disFormularios
IF Exists(SELECT 1 FROM disFormularios WHERE Formulario_Id ='frmgenPermisos')
UPDATE disFormularios SET 
	Alto = 600,
	Ancho = 1024,
	AnulaAccionesEliminarDefault = 0,
	Arriba = 58,
	BotonCopiar = 1,
	BotonEliminar = 1,
	BotonGuardar = 0,
	BotonImprimir = 0,
	BotonNuevo = 1,
	BotonPostear = 1,
	BotonRptImprimir = 0,
	BotonRptPdf = 0,
	BotonRptVer = 0,
	BotonRptXls = 0,
	ClaseCommon = 'GeneralesCommon.genPermisosUsuarioDS',
	ClaseCommonEsp = Null,
	ClaseEnum = 'EnumgenPermisosUsuarioAction',
	ClaseEnumEsp = Null,
	ClaseEventos = 'GeneralesFEEventos.genPermisosUsuario',
	ClaseEventosEsp = Null,
	ClaseExchange = 'GeneralesExchange.genPermisosUsuarioActionExchange',
	ClaseExchangeEsp = Null,
	CodigoLnk = 'frmgenPermisos',
	Descripcion = 'Permisos',
	DllCommon = 'GeneralesCommon',
	DllCommonEsp = Null,
	DllEventos = 'GeneralesFEEventos',
	DllEventosEsp = Null,
	DllExchange = 'GeneralesExchange',
	DllExchangeEsp = Null,
	Especializacion = Null,
	Formulario_Id = 'frmgenPermisos',
	FormularioPadre_Id = null ,
	GuardaeImprime = 0,
	Inactivo = 0,
	Izquierda = 3,
	PosicionInicial = 'D',
	Posteado = 1,
	Tabla_Id = 'genPermisos',
	TipoEspecial = Null,
	Titulo = 'Permisos',
	UltimaModif = '20230112 16:36:26:670',
	Usuario_Id = 1,
	Version = 'V2'
	WHERE Formulario_Id ='frmgenPermisos'
ELSE
	INSERT INTO disFormularios(Alto, Ancho, AnulaAccionesEliminarDefault, Arriba, BotonCopiar, BotonEliminar, BotonGuardar, BotonImprimir, BotonNuevo, BotonPostear, BotonRptImprimir, BotonRptPdf, BotonRptVer, BotonRptXls, ClaseCommon, ClaseCommonEsp, ClaseEnum, ClaseEnumEsp, ClaseEventos, ClaseEventosEsp, ClaseExchange, ClaseExchangeEsp, CodigoLnk, Descripcion, DllCommon, DllCommonEsp, DllEventos, DllEventosEsp, DllExchange, DllExchangeEsp, Especializacion, Formulario_Id, FormularioPadre_Id, GuardaeImprime, Inactivo, Izquierda, PosicionInicial, Posteado, Tabla_Id, TipoEspecial, Titulo, UltimaModif, Usuario_Id, Version) VALUES(600, 1024, 0, 58, 1, 1, 0, 0, 1, 1, 0, 0, 0, 0, 'GeneralesCommon.genPermisosUsuarioDS', Null, 'EnumgenPermisosUsuarioAction', Null, 'GeneralesFEEventos.genPermisosUsuario', Null, 'GeneralesExchange.genPermisosUsuarioActionExchange', Null, 'frmgenPermisos', 'Permisos', 'GeneralesCommon', Null, 'GeneralesFEEventos', Null, 'GeneralesExchange', Null, Null, 'frmgenPermisos', Null, 0, 0, 3, 'D', 1, 'genPermisos', Null, 'Permisos', '20230112 16:36:26:670', 1, 'V2')
Declare @disFormularios int 
set @disFormularios = dbo.FuncFKdisFormularios('frmgenPermisos')
--disControles
IF NOT Exists(SELECT 1 FROM disControles Where Formulario_Id =  @disFormularios and Control_Id ='frmgenPermisos')
	INSERT INTO disControles(Alineacion, AlineacionLabel, Alto, Ancho, Ancla, Arriba, ClickNuevoBlanquea, Columna, ColumnasExtension, Control_Id, ControlaCambios, ControlParent_Id, ControlSegmento, Embebido, EsCodigoNuevo, Estilo, Fila, FilasExtension, Formulario_Id, Habilitado, Heredado, IgualaAnchoColumna, Izquierda, MaximaLongitud, NroControl, Paises, Requerido, SegmentoOrigen, SoloLectura, TabOrden, TabStop, Texto, TextoControlVacio, TextoFijo, TipoControl, TituloLabel, Visible) VALUES('', Null, 600, 1024, 'T,L', 58, 1, 0, 0, 'frmgenPermisos', 1, Null, Null, 0, 0, Null, 0, 0, @disFormularios, 1, 0, 0, 3, 0, 0, Null, 0, Null, 0, 0, 1, 'Permisos', Null, 0, 'frm', Null, 1)
INSERT INTO disControles(Alineacion, AlineacionLabel, Alto, Ancho, Ancla, Arriba, ClickNuevoBlanquea, Columna, ColumnasExtension, Control_Id, ControlaCambios, ControlParent_Id, ControlSegmento, Embebido, EsCodigoNuevo, Estilo, Fila, FilasExtension, Formulario_Id, Habilitado, Heredado, IgualaAnchoColumna, Izquierda, MaximaLongitud, NroControl, Paises, Requerido, SegmentoOrigen, SoloLectura, TabOrden, TabStop, Texto, TextoControlVacio, TextoFijo, TipoControl, TituloLabel, Visible) VALUES('', '', 561, 1008, 'L', 0, 1, 0, 0, 'Solapas', 1, 'frmgenPermisos', Null, 0, 0, Null, 0, 0, @disFormularios, 1, 0, 0, 0, Null, 1, Null, 1, Null, 0, 0, 1, Null, Null, 0, 'SummaAdvDisenio.Controles.DisenioTabControl', Null, 1)
INSERT INTO disControles(Alineacion, AlineacionLabel, Alto, Ancho, Ancla, Arriba, ClickNuevoBlanquea, Columna, ColumnasExtension, Control_Id, ControlaCambios, ControlParent_Id, ControlSegmento, Embebido, EsCodigoNuevo, Estilo, Fila, FilasExtension, Formulario_Id, Habilitado, Heredado, IgualaAnchoColumna, Izquierda, MaximaLongitud, NroControl, Paises, Requerido, SegmentoOrigen, SoloLectura, TabOrden, TabStop, Texto, TextoControlVacio, TextoFijo, TipoControl, TituloLabel, Visible) VALUES('', '', 535, 1000, 'L', 22, 1, 0, 0, 'Solapa_Datos', 1, 'Solapas', Null, 0, 0, Null, 0, 0, @disFormularios, 1, 0, 0, 4, Null, 2, Null, 1, Null, 0, 0, 0, 'Datos', Null, 0, 'System.Windows.Forms.TabPage', Null, 0)
INSERT INTO disControles(Alineacion, AlineacionLabel, Alto, Ancho, Ancla, Arriba, ClickNuevoBlanquea, Columna, ColumnasExtension, Control_Id, ControlaCambios, ControlParent_Id, ControlSegmento, Embebido, EsCodigoNuevo, Estilo, Fila, FilasExtension, Formulario_Id, Habilitado, Heredado, IgualaAnchoColumna, Izquierda, MaximaLongitud, NroControl, Paises, Requerido, SegmentoOrigen, SoloLectura, TabOrden, TabStop, Texto, TextoControlVacio, TextoFijo, TipoControl, TituloLabel, Visible) VALUES('', 'Izquierda', 37, 494, 'L', 1, 1, 0, 3, 'ctrUsuario_Id', 1, 'Solapa_Datos', Null, 0, 0, 'Default', 0, 1, @disFormularios, 1, 0, 1, 1, Null, 4, Null, 0, Null, 0, 0, 1, Null, Null, 0, 'SummaAdvDisenio.Controles.DisenioLupaAdv', 'Usuario_Id', 1)
INSERT INTO disControles(Alineacion, AlineacionLabel, Alto, Ancho, Ancla, Arriba, ClickNuevoBlanquea, Columna, ColumnasExtension, Control_Id, ControlaCambios, ControlParent_Id, ControlSegmento, Embebido, EsCodigoNuevo, Estilo, Fila, FilasExtension, Formulario_Id, Habilitado, Heredado, IgualaAnchoColumna, Izquierda, MaximaLongitud, NroControl, Paises, Requerido, SegmentoOrigen, SoloLectura, TabOrden, TabStop, Texto, TextoControlVacio, TextoFijo, TipoControl, TituloLabel, Visible) VALUES('', '', 17, 88, 'L', 12, 1, 3, 1, 'ctrEsSupervisor', 1, 'Solapa_Datos', Null, 0, 0, 'Default', 0, 1, @disFormularios, 1, 0, 0, 18, Null, 5, Null, 0, Null, 0, 0, 1, 'EsSupervisor', Null, 0, 'SummaAdvDisenio.Controles.DisenioCheck', Null, 1)
INSERT INTO disControles(Alineacion, AlineacionLabel, Alto, Ancho, Ancla, Arriba, ClickNuevoBlanquea, Columna, ColumnasExtension, Control_Id, ControlaCambios, ControlParent_Id, ControlSegmento, Embebido, EsCodigoNuevo, Estilo, Fila, FilasExtension, Formulario_Id, Habilitado, Heredado, IgualaAnchoColumna, Izquierda, MaximaLongitud, NroControl, Paises, Requerido, SegmentoOrigen, SoloLectura, TabOrden, TabStop, Texto, TextoControlVacio, TextoFijo, TipoControl, TituloLabel, Visible) VALUES('', '', 535, 1000, 'L', 22, 1, 0, 0, 'solEspeciales', 1, 'Solapas', Null, 0, 0, Null, 0, 0, @disFormularios, 1, 0, 0, 4, Null, 6, Null, 1, Null, 0, 1, 0, 'Especiales', Null, 0, 'System.Windows.Forms.TabPage', Null, 0)
INSERT INTO disControles(Alineacion, AlineacionLabel, Alto, Ancho, Ancla, Arriba, ClickNuevoBlanquea, Columna, ColumnasExtension, Control_Id, ControlaCambios, ControlParent_Id, ControlSegmento, Embebido, EsCodigoNuevo, Estilo, Fila, FilasExtension, Formulario_Id, Habilitado, Heredado, IgualaAnchoColumna, Izquierda, MaximaLongitud, NroControl, Paises, Requerido, SegmentoOrigen, SoloLectura, TabOrden, TabStop, Texto, TextoControlVacio, TextoFijo, TipoControl, TituloLabel, Visible) VALUES('', '', 81, 1004, 'L', 1, 1, 0, 6, 'grdPermisos', 1, 'Solapa_Datos', Null, 0, 0, Null, 1, 1, @disFormularios, 1, 0, 0, 1, Null, 6, Null, 0, Null, 0, 0, 1, Null, Null, 0, 'SummaAdvDisenio.Controles.DisenioGridView', 'Opciones', 1)
INSERT INTO disControles(Alineacion, AlineacionLabel, Alto, Ancho, Ancla, Arriba, ClickNuevoBlanquea, Columna, ColumnasExtension, Control_Id, ControlaCambios, ControlParent_Id, ControlSegmento, Embebido, EsCodigoNuevo, Estilo, Fila, FilasExtension, Formulario_Id, Habilitado, Heredado, IgualaAnchoColumna, Izquierda, MaximaLongitud, NroControl, Paises, Requerido, SegmentoOrigen, SoloLectura, TabOrden, TabStop, Texto, TextoControlVacio, TextoFijo, TipoControl, TituloLabel, Visible) VALUES('', '', 0, 0, '', 0, 1, 0, 0, 'var_Auxiliar1', 1, 'frmgenPermisos', Null, 0, 0, Null, 0, 0, @disFormularios, 0, 0, 0, 0, Null, 7, Null, 1, Null, 0, -1, 0, Null, Null, 0, 'Variable', Null, 0)
INSERT INTO disControles(Alineacion, AlineacionLabel, Alto, Ancho, Ancla, Arriba, ClickNuevoBlanquea, Columna, ColumnasExtension, Control_Id, ControlaCambios, ControlParent_Id, ControlSegmento, Embebido, EsCodigoNuevo, Estilo, Fila, FilasExtension, Formulario_Id, Habilitado, Heredado, IgualaAnchoColumna, Izquierda, MaximaLongitud, NroControl, Paises, Requerido, SegmentoOrigen, SoloLectura, TabOrden, TabStop, Texto, TextoControlVacio, TextoFijo, TipoControl, TituloLabel, Visible) VALUES('', '', 0, 0, '', 0, 1, 0, 0, 'var_Auxiliar2', 1, 'frmgenPermisos', Null, 0, 0, Null, 0, 0, @disFormularios, 0, 0, 0, 0, Null, 8, Null, 1, Null, 0, -1, 0, Null, Null, 0, 'Variable', Null, 0)
INSERT INTO disControles(Alineacion, AlineacionLabel, Alto, Ancho, Ancla, Arriba, ClickNuevoBlanquea, Columna, ColumnasExtension, Control_Id, ControlaCambios, ControlParent_Id, ControlSegmento, Embebido, EsCodigoNuevo, Estilo, Fila, FilasExtension, Formulario_Id, Habilitado, Heredado, IgualaAnchoColumna, Izquierda, MaximaLongitud, NroControl, Paises, Requerido, SegmentoOrigen, SoloLectura, TabOrden, TabStop, Texto, TextoControlVacio, TextoFijo, TipoControl, TituloLabel, Visible) VALUES('', '', 81, 996, 'L', 1, 1, 0, 6, 'grdEspeciales', 1, 'solEspeciales', Null, 0, 0, Null, 0, 1, @disFormularios, 1, 0, 0, 1, Null, 8, Null, 0, Null, 0, 0, 1, Null, Null, 0, 'SummaAdvDisenio.Controles.DisenioGridView', Null, 1)
INSERT INTO disControles(Alineacion, AlineacionLabel, Alto, Ancho, Ancla, Arriba, ClickNuevoBlanquea, Columna, ColumnasExtension, Control_Id, ControlaCambios, ControlParent_Id, ControlSegmento, Embebido, EsCodigoNuevo, Estilo, Fila, FilasExtension, Formulario_Id, Habilitado, Heredado, IgualaAnchoColumna, Izquierda, MaximaLongitud, NroControl, Paises, Requerido, SegmentoOrigen, SoloLectura, TabOrden, TabStop, Texto, TextoControlVacio, TextoFijo, TipoControl, TituloLabel, Visible) VALUES('', '', 0, 0, '', 0, 1, 0, 0, 'var_Auxiliar3', 1, 'frmgenPermisos', Null, 0, 0, Null, 0, 0, @disFormularios, 0, 0, 0, 0, Null, 9, Null, 1, Null, 0, -1, 0, Null, Null, 0, 'Variable', Null, 0)
--disTablas
INSERT INTO disTablas(Control_Id, EsEspecializacion, Formulario_Id, Tabla_Id, TipoControl) VALUES('grdEspeciales', 0, @disFormularios, 'Especiales', 'SummaAdvDisenio.Controles.DisenioGridView')
INSERT INTO disTablas(Control_Id, EsEspecializacion, Formulario_Id, Tabla_Id, TipoControl) VALUES('grdPermisos', 0, @disFormularios, 'Permisos', 'SummaAdvDisenio.Controles.DisenioGridView')
INSERT INTO disTablas(Control_Id, EsEspecializacion, Formulario_Id, Tabla_Id, TipoControl) VALUES(Null, 0, @disFormularios, 'Principal', Null)
--disTablasColumnas
INSERT INTO disTablasColumnas(AdicionalControl, Columna_Id, Control_Id, EsEspecializacion, Formulario_Id, Tabla_Id, TipoControl) VALUES(Null, 'DescripcionPermiosEsp', 'ctrles10DescripcionPermiosEsp', 0, @disFormularios, 'Especiales', 'SummaAdvDisenio.Controles.DisenioTxtEditor')
INSERT INTO disTablasColumnas(AdicionalControl, Columna_Id, Control_Id, EsEspecializacion, Formulario_Id, Tabla_Id, TipoControl) VALUES(Null, 'Marcado', 'ctrles10Marcado', 0, @disFormularios, 'Especiales', 'SummaAdvDisenio.Controles.DisenioCheck')
INSERT INTO disTablasColumnas(AdicionalControl, Columna_Id, Control_Id, EsEspecializacion, Formulario_Id, Tabla_Id, TipoControl) VALUES(Null, 'Permiso_Id', 'ctrles10Permiso_Id', 0, @disFormularios, 'Especiales', 'SummaAdvDisenio.Controles.DisenioTxtNumericEditor')
INSERT INTO disTablasColumnas(AdicionalControl, Columna_Id, Control_Id, EsEspecializacion, Formulario_Id, Tabla_Id, TipoControl) VALUES(Null, 'Actualizar', 'ctrsos8Actualizar', 0, @disFormularios, 'Permisos', 'SummaAdvDisenio.Controles.DisenioCheck')
INSERT INTO disTablasColumnas(AdicionalControl, Columna_Id, Control_Id, EsEspecializacion, Formulario_Id, Tabla_Id, TipoControl) VALUES(Null, 'ActualizarA', 'ctrsos8ActualizarA', 0, @disFormularios, 'Permisos', 'SummaAdvDisenio.Controles.DisenioCheck')
INSERT INTO disTablasColumnas(AdicionalControl, Columna_Id, Control_Id, EsEspecializacion, Formulario_Id, Tabla_Id, TipoControl) VALUES(Null, 'Borrar', 'ctrsos8Borrar', 0, @disFormularios, 'Permisos', 'SummaAdvDisenio.Controles.DisenioCheck')
INSERT INTO disTablasColumnas(AdicionalControl, Columna_Id, Control_Id, EsEspecializacion, Formulario_Id, Tabla_Id, TipoControl) VALUES(Null, 'BorrarA', 'ctrsos8BorrarA', 0, @disFormularios, 'Permisos', 'SummaAdvDisenio.Controles.DisenioCheck')
INSERT INTO disTablasColumnas(AdicionalControl, Columna_Id, Control_Id, EsEspecializacion, Formulario_Id, Tabla_Id, TipoControl) VALUES(Null, 'Consultar', 'ctrsos8Consultar', 0, @disFormularios, 'Permisos', 'SummaAdvDisenio.Controles.DisenioCheck')
INSERT INTO disTablasColumnas(AdicionalControl, Columna_Id, Control_Id, EsEspecializacion, Formulario_Id, Tabla_Id, TipoControl) VALUES(Null, 'ConsultarA', 'ctrsos8ConsultarA', 0, @disFormularios, 'Permisos', 'SummaAdvDisenio.Controles.DisenioCheck')
INSERT INTO disTablasColumnas(AdicionalControl, Columna_Id, Control_Id, EsEspecializacion, Formulario_Id, Tabla_Id, TipoControl) VALUES(Null, 'Formulario_Id', 'ctrsos8Formulario_Id', 0, @disFormularios, 'Permisos', 'NoUsado')
INSERT INTO disTablasColumnas(AdicionalControl, Columna_Id, Control_Id, EsEspecializacion, Formulario_Id, Tabla_Id, TipoControl) VALUES(Null, 'genMenus', 'ctrsos8genMenus', 0, @disFormularios, 'Permisos', 'SummaAdvDisenio.Controles.DisenioTxtNumericEditor')
INSERT INTO disTablasColumnas(AdicionalControl, Columna_Id, Control_Id, EsEspecializacion, Formulario_Id, Tabla_Id, TipoControl) VALUES(Null, 'ModificaCodigos', 'ctrsos8ModificaCodigos', 0, @disFormularios, 'Permisos', 'SummaAdvDisenio.Controles.DisenioCheck')
INSERT INTO disTablasColumnas(AdicionalControl, Columna_Id, Control_Id, EsEspecializacion, Formulario_Id, Tabla_Id, TipoControl) VALUES(Null, 'ModificaCodigosA', 'ctrsos8ModificaCodigosA', 0, @disFormularios, 'Permisos', 'SummaAdvDisenio.Controles.DisenioCheck')
INSERT INTO disTablasColumnas(AdicionalControl, Columna_Id, Control_Id, EsEspecializacion, Formulario_Id, Tabla_Id, TipoControl) VALUES(Null, 'Nivel', 'ctrsos8Nivel', 0, @disFormularios, 'Permisos', 'SummaAdvDisenio.Controles.DisenioTxtNumericEditor')
INSERT INTO disTablasColumnas(AdicionalControl, Columna_Id, Control_Id, EsEspecializacion, Formulario_Id, Tabla_Id, TipoControl) VALUES(Null, 'Opcion', 'ctrsos8Opcion', 0, @disFormularios, 'Permisos', 'SummaAdvDisenio.Controles.DisenioTxtEditor')
INSERT INTO disTablasColumnas(AdicionalControl, Columna_Id, Control_Id, EsEspecializacion, Formulario_Id, Tabla_Id, TipoControl) VALUES(Null, 'Orden', 'ctrsos8Orden', 0, @disFormularios, 'Permisos', 'SummaAdvDisenio.Controles.DisenioTxtEditor')
INSERT INTO disTablasColumnas(AdicionalControl, Columna_Id, Control_Id, EsEspecializacion, Formulario_Id, Tabla_Id, TipoControl) VALUES(Null, 'OrdenId', 'ctrsos8OrdenId', 0, @disFormularios, 'Permisos', 'SummaAdvDisenio.Controles.DisenioTxtNumericEditor')
INSERT INTO disTablasColumnas(AdicionalControl, Columna_Id, Control_Id, EsEspecializacion, Formulario_Id, Tabla_Id, TipoControl) VALUES(Null, 'OrdenPadre', 'ctrsos8OrdenPadre', 0, @disFormularios, 'Permisos', 'SummaAdvDisenio.Controles.DisenioTxtNumericEditor')
INSERT INTO disTablasColumnas(AdicionalControl, Columna_Id, Control_Id, EsEspecializacion, Formulario_Id, Tabla_Id, TipoControl) VALUES(Null, 'ParaTodasLasEmpresas', 'ctrsos8ParaTodasLasEmpresas', 0, @disFormularios, 'Permisos', 'SummaAdvDisenio.Controles.DisenioCheck')
INSERT INTO disTablasColumnas(AdicionalControl, Columna_Id, Control_Id, EsEspecializacion, Formulario_Id, Tabla_Id, TipoControl) VALUES(Null, 'ParaTodasLasEmpresasA', 'ctrsos8ParaTodasLasEmpresasA', 0, @disFormularios, 'Permisos', 'SummaAdvDisenio.Controles.DisenioCheck')
INSERT INTO disTablasColumnas(AdicionalControl, Columna_Id, Control_Id, EsEspecializacion, Formulario_Id, Tabla_Id, TipoControl) VALUES(Null, 'Postear', 'ctrsos8Postear', 0, @disFormularios, 'Permisos', 'SummaAdvDisenio.Controles.DisenioCheck')
INSERT INTO disTablasColumnas(AdicionalControl, Columna_Id, Control_Id, EsEspecializacion, Formulario_Id, Tabla_Id, TipoControl) VALUES(Null, 'PostearA', 'ctrsos8PostearA', 0, @disFormularios, 'Permisos', 'SummaAdvDisenio.Controles.DisenioCheck')
INSERT INTO disTablasColumnas(AdicionalControl, Columna_Id, Control_Id, EsEspecializacion, Formulario_Id, Tabla_Id, TipoControl) VALUES(Null, 'Tipo', 'ctrsos8Tipo', 0, @disFormularios, 'Permisos', 'SummaAdvDisenio.Controles.DisenioTxtEditor')
INSERT INTO disTablasColumnas(AdicionalControl, Columna_Id, Control_Id, EsEspecializacion, Formulario_Id, Tabla_Id, TipoControl) VALUES('D', 'Apellido_y_Nombres', 'ctrUsuario_Id', 0, @disFormularios, 'Principal', 'SummaAdvDisenio.Controles.DisenioLupaAdv')
INSERT INTO disTablasColumnas(AdicionalControl, Columna_Id, Control_Id, EsEspecializacion, Formulario_Id, Tabla_Id, TipoControl) VALUES(Null, 'EsSupervisor', 'ctrEsSupervisor', 0, @disFormularios, 'Principal', 'SummaAdvDisenio.Controles.DisenioCheck')
INSERT INTO disTablasColumnas(AdicionalControl, Columna_Id, Control_Id, EsEspecializacion, Formulario_Id, Tabla_Id, TipoControl) VALUES(Null, 'Existe', 'ctrExiste', 0, @disFormularios, 'Principal', 'NoUsado')
INSERT INTO disTablasColumnas(AdicionalControl, Columna_Id, Control_Id, EsEspecializacion, Formulario_Id, Tabla_Id, TipoControl) VALUES('1', 'Usuario_Id', 'ctrUsuario_Id', 0, @disFormularios, 'Principal', 'SummaAdvDisenio.Controles.DisenioLupaAdv')
--disControlesSolapa
INSERT INTO disControlesSolapa(CantColumnas, CantFilas, Control_Id, Formulario_Id, FormularioPopup_Id, Parametros, Posicion, TablaPrimaria, TamanioPopup, TieneBtnCerrar, TieneBtnGuardar, TipoPopup) VALUES(6, 14, 'Solapa_Datos', @disFormularios, Null, Null, 0, Null, 'Medium', 0, 0, 'Ninguno')
INSERT INTO disControlesSolapa(CantColumnas, CantFilas, Control_Id, Formulario_Id, FormularioPopup_Id, Parametros, Posicion, TablaPrimaria, TamanioPopup, TieneBtnCerrar, TieneBtnGuardar, TipoPopup) VALUES(6, 12, 'solEspeciales', @disFormularios, Null, Null, 1, Null, 'Medium', 0, 0, 'Ninguno')
--disControlesFilaSolapa
INSERT INTO disControlesFilaSolapa(Alto, Control_Id, Fila, Formulario_Id, TipoValor) VALUES(40, 'Solapa_Datos', 0, @disFormularios, 'A')
INSERT INTO disControlesFilaSolapa(Alto, Control_Id, Fila, Formulario_Id, TipoValor) VALUES(40, 'Solapa_Datos', 1, @disFormularios, 'A')
INSERT INTO disControlesFilaSolapa(Alto, Control_Id, Fila, Formulario_Id, TipoValor) VALUES(40, 'Solapa_Datos', 2, @disFormularios, 'A')
INSERT INTO disControlesFilaSolapa(Alto, Control_Id, Fila, Formulario_Id, TipoValor) VALUES(40, 'Solapa_Datos', 3, @disFormularios, 'A')
INSERT INTO disControlesFilaSolapa(Alto, Control_Id, Fila, Formulario_Id, TipoValor) VALUES(40, 'Solapa_Datos', 4, @disFormularios, 'A')
INSERT INTO disControlesFilaSolapa(Alto, Control_Id, Fila, Formulario_Id, TipoValor) VALUES(40, 'Solapa_Datos', 5, @disFormularios, 'A')
INSERT INTO disControlesFilaSolapa(Alto, Control_Id, Fila, Formulario_Id, TipoValor) VALUES(40, 'Solapa_Datos', 6, @disFormularios, 'A')
INSERT INTO disControlesFilaSolapa(Alto, Control_Id, Fila, Formulario_Id, TipoValor) VALUES(40, 'Solapa_Datos', 7, @disFormularios, 'A')
INSERT INTO disControlesFilaSolapa(Alto, Control_Id, Fila, Formulario_Id, TipoValor) VALUES(40, 'Solapa_Datos', 8, @disFormularios, 'A')
INSERT INTO disControlesFilaSolapa(Alto, Control_Id, Fila, Formulario_Id, TipoValor) VALUES(40, 'Solapa_Datos', 9, @disFormularios, 'A')
INSERT INTO disControlesFilaSolapa(Alto, Control_Id, Fila, Formulario_Id, TipoValor) VALUES(40, 'Solapa_Datos', 10, @disFormularios, 'A')
INSERT INTO disControlesFilaSolapa(Alto, Control_Id, Fila, Formulario_Id, TipoValor) VALUES(40, 'Solapa_Datos', 11, @disFormularios, 'A')
INSERT INTO disControlesFilaSolapa(Alto, Control_Id, Fila, Formulario_Id, TipoValor) VALUES(40, 'Solapa_Datos', 12, @disFormularios, 'A')
INSERT INTO disControlesFilaSolapa(Alto, Control_Id, Fila, Formulario_Id, TipoValor) VALUES(40, 'Solapa_Datos', 13, @disFormularios, 'A')
INSERT INTO disControlesFilaSolapa(Alto, Control_Id, Fila, Formulario_Id, TipoValor) VALUES(40, 'solEspeciales', 0, @disFormularios, 'A')
INSERT INTO disControlesFilaSolapa(Alto, Control_Id, Fila, Formulario_Id, TipoValor) VALUES(40, 'solEspeciales', 1, @disFormularios, 'A')
INSERT INTO disControlesFilaSolapa(Alto, Control_Id, Fila, Formulario_Id, TipoValor) VALUES(40, 'solEspeciales', 2, @disFormularios, 'A')
INSERT INTO disControlesFilaSolapa(Alto, Control_Id, Fila, Formulario_Id, TipoValor) VALUES(40, 'solEspeciales', 3, @disFormularios, 'A')
INSERT INTO disControlesFilaSolapa(Alto, Control_Id, Fila, Formulario_Id, TipoValor) VALUES(40, 'solEspeciales', 4, @disFormularios, 'A')
INSERT INTO disControlesFilaSolapa(Alto, Control_Id, Fila, Formulario_Id, TipoValor) VALUES(40, 'solEspeciales', 5, @disFormularios, 'A')
INSERT INTO disControlesFilaSolapa(Alto, Control_Id, Fila, Formulario_Id, TipoValor) VALUES(40, 'solEspeciales', 6, @disFormularios, 'A')
INSERT INTO disControlesFilaSolapa(Alto, Control_Id, Fila, Formulario_Id, TipoValor) VALUES(40, 'solEspeciales', 7, @disFormularios, 'A')
INSERT INTO disControlesFilaSolapa(Alto, Control_Id, Fila, Formulario_Id, TipoValor) VALUES(40, 'solEspeciales', 8, @disFormularios, 'A')
INSERT INTO disControlesFilaSolapa(Alto, Control_Id, Fila, Formulario_Id, TipoValor) VALUES(40, 'solEspeciales', 9, @disFormularios, 'A')
INSERT INTO disControlesFilaSolapa(Alto, Control_Id, Fila, Formulario_Id, TipoValor) VALUES(40, 'solEspeciales', 10, @disFormularios, 'A')
INSERT INTO disControlesFilaSolapa(Alto, Control_Id, Fila, Formulario_Id, TipoValor) VALUES(40, 'solEspeciales', 11, @disFormularios, 'A')
--disControlesColumnaSolapa
INSERT INTO disControlesColumnaSolapa(Ancho, Columna, Control_Id, Formulario_Id, TipoValor) VALUES(16, 0, 'Solapa_Datos', @disFormularios, 'P')
INSERT INTO disControlesColumnaSolapa(Ancho, Columna, Control_Id, Formulario_Id, TipoValor) VALUES(16, 1, 'Solapa_Datos', @disFormularios, 'P')
INSERT INTO disControlesColumnaSolapa(Ancho, Columna, Control_Id, Formulario_Id, TipoValor) VALUES(16, 2, 'Solapa_Datos', @disFormularios, 'P')
INSERT INTO disControlesColumnaSolapa(Ancho, Columna, Control_Id, Formulario_Id, TipoValor) VALUES(16, 3, 'Solapa_Datos', @disFormularios, 'P')
INSERT INTO disControlesColumnaSolapa(Ancho, Columna, Control_Id, Formulario_Id, TipoValor) VALUES(16, 4, 'Solapa_Datos', @disFormularios, 'P')
INSERT INTO disControlesColumnaSolapa(Ancho, Columna, Control_Id, Formulario_Id, TipoValor) VALUES(20, 5, 'Solapa_Datos', @disFormularios, 'P')
INSERT INTO disControlesColumnaSolapa(Ancho, Columna, Control_Id, Formulario_Id, TipoValor) VALUES(16, 0, 'solEspeciales', @disFormularios, 'P')
INSERT INTO disControlesColumnaSolapa(Ancho, Columna, Control_Id, Formulario_Id, TipoValor) VALUES(16, 1, 'solEspeciales', @disFormularios, 'P')
INSERT INTO disControlesColumnaSolapa(Ancho, Columna, Control_Id, Formulario_Id, TipoValor) VALUES(16, 2, 'solEspeciales', @disFormularios, 'P')
INSERT INTO disControlesColumnaSolapa(Ancho, Columna, Control_Id, Formulario_Id, TipoValor) VALUES(16, 3, 'solEspeciales', @disFormularios, 'P')
INSERT INTO disControlesColumnaSolapa(Ancho, Columna, Control_Id, Formulario_Id, TipoValor) VALUES(16, 4, 'solEspeciales', @disFormularios, 'P')
INSERT INTO disControlesColumnaSolapa(Ancho, Columna, Control_Id, Formulario_Id, TipoValor) VALUES(20, 5, 'solEspeciales', @disFormularios, 'P')
--disControlesCheckBox
INSERT INTO disControlesCheckBox(Checked, Control_Id, Formulario_Id) VALUES(0, 'ctrEsSupervisor', @disFormularios)
--disControlesGrilla
INSERT INTO disControlesGrilla(AccionNuevoValorNodo, AnchoColPorContenido, AnchoColumnasFijas, AnchoMinimo, AutoFormateable, ColFormatoNumericoFila, ColumnaColorFondoFila, ColumnaColorTextoFila, ColumnasFijas, ColumnasOcultas, ColumnasSoloLectura, ColumnasTotalizarCantidad, ColumnasTotalizarMaximo, ColumnasTotalizarMinimo, ColumnasTotalizarPromedio, ColumnasTotalizarSuma, Control_Id, EditaEnGrilla, EsArbol, EsGrillaAdjuntos, ExpandirHastaNivel, FilasAMostrar, Formulario_Id, NombreColCalculoTotal, PermiteAgregarFilas, PermiteBorrarFilas, PermiteCambiarOrden, PermiteEditarCeldas, PermiteOrdenMultiCols, RegistrosxPagina, TotalizaColumnas) VALUES('Ninguna', 0, Null, 0, 0, Null, Null, Null, Null, Null, Null, Null, Null, Null, Null, Null, 'grdEspeciales', 1, 0, 0, 0, 0, @disFormularios, Null, 0, 0, 0, 1, 0, 0, 0)
INSERT INTO disControlesGrilla(AccionNuevoValorNodo, AnchoColPorContenido, AnchoColumnasFijas, AnchoMinimo, AutoFormateable, ColFormatoNumericoFila, ColumnaColorFondoFila, ColumnaColorTextoFila, ColumnasFijas, ColumnasOcultas, ColumnasSoloLectura, ColumnasTotalizarCantidad, ColumnasTotalizarMaximo, ColumnasTotalizarMinimo, ColumnasTotalizarPromedio, ColumnasTotalizarSuma, Control_Id, EditaEnGrilla, EsArbol, EsGrillaAdjuntos, ExpandirHastaNivel, FilasAMostrar, Formulario_Id, NombreColCalculoTotal, PermiteAgregarFilas, PermiteBorrarFilas, PermiteCambiarOrden, PermiteEditarCeldas, PermiteOrdenMultiCols, RegistrosxPagina, TotalizaColumnas) VALUES('Propagar_a_Hijos', 0, Null, 0, 0, Null, Null, Null, Null, Null, Null, Null, Null, Null, Null, Null, 'grdPermisos', 1, 1, 0, 0, 0, @disFormularios, Null, 0, 0, 0, 1, 0, 0, 0)
--disControlesGrillaColumnas
INSERT INTO disControlesGrillaColumnas(Alineacion, Ancho, AnchoMinimo, AnchoVariable, AutoNumerico, ColumnaColorFondoCelda, ColumnaColorTextoCelda, CongelarTamanio, Control_Id, ControlColumna_Id, EsParamAccionBoton, EsPrimaryKey, Formato, Formulario_Id, Heredado, Identidad_Id, ItemsCombo, ModoOrdenamiento, ModoTamanioVariable, NombreCampo, Posicion, Requerido, SoloLectura, Texto, TextoColumnaVacia, TipoDato, Titulo, TotalizarCantidad, TotalizarMaximo, TotalizarMinimo, TotalizarPromedio, TotalizarSuma, Visible) VALUES('izquierda', 100, 5, 1, 0, Null, Null, 0, 'grdEspeciales', Null, 0, 0, Null, @disFormularios, 0, Null, Null, 'Automatic', 'NotSet', 'DescripcionPermiosEsp', 1, 0, 1, Null, Null, 'String', 'DescripcionPermiosEsp', 0, 0, 0, 0, 0, 1)
INSERT INTO disControlesGrillaColumnas(Alineacion, Ancho, AnchoMinimo, AnchoVariable, AutoNumerico, ColumnaColorFondoCelda, ColumnaColorTextoCelda, CongelarTamanio, Control_Id, ControlColumna_Id, EsParamAccionBoton, EsPrimaryKey, Formato, Formulario_Id, Heredado, Identidad_Id, ItemsCombo, ModoOrdenamiento, ModoTamanioVariable, NombreCampo, Posicion, Requerido, SoloLectura, Texto, TextoColumnaVacia, TipoDato, Titulo, TotalizarCantidad, TotalizarMaximo, TotalizarMinimo, TotalizarPromedio, TotalizarSuma, Visible) VALUES('izquierda', 100, 5, 1, 0, Null, Null, 0, 'grdEspeciales', Null, 0, 0, Null, @disFormularios, 0, Null, Null, 'NotSortable', 'NotSet', 'Marcado', 2, 0, 0, Null, Null, 'Boolean', 'Marcado', 0, 0, 0, 0, 0, 1)
INSERT INTO disControlesGrillaColumnas(Alineacion, Ancho, AnchoMinimo, AnchoVariable, AutoNumerico, ColumnaColorFondoCelda, ColumnaColorTextoCelda, CongelarTamanio, Control_Id, ControlColumna_Id, EsParamAccionBoton, EsPrimaryKey, Formato, Formulario_Id, Heredado, Identidad_Id, ItemsCombo, ModoOrdenamiento, ModoTamanioVariable, NombreCampo, Posicion, Requerido, SoloLectura, Texto, TextoColumnaVacia, TipoDato, Titulo, TotalizarCantidad, TotalizarMaximo, TotalizarMinimo, TotalizarPromedio, TotalizarSuma, Visible) VALUES('izquierda', 100, 5, 1, 0, Null, Null, 0, 'grdEspeciales', Null, 0, 0, Null, @disFormularios, 0, Null, Null, 'Automatic', 'NotSet', 'Permiso_Id', 0, 0, 1, Null, Null, 'Int32', 'Permiso_Id', 0, 0, 0, 0, 0, 1)
INSERT INTO disControlesGrillaColumnas(Alineacion, Ancho, AnchoMinimo, AnchoVariable, AutoNumerico, ColumnaColorFondoCelda, ColumnaColorTextoCelda, CongelarTamanio, Control_Id, ControlColumna_Id, EsParamAccionBoton, EsPrimaryKey, Formato, Formulario_Id, Heredado, Identidad_Id, ItemsCombo, ModoOrdenamiento, ModoTamanioVariable, NombreCampo, Posicion, Requerido, SoloLectura, Texto, TextoColumnaVacia, TipoDato, Titulo, TotalizarCantidad, TotalizarMaximo, TotalizarMinimo, TotalizarPromedio, TotalizarSuma, Visible) VALUES('izquierda', 70, 5, 1, 0, Null, Null, 0, 'grdPermisos', Null, 0, 0, Null, @disFormularios, 0, Null, Null, 'NotSortable', 'NotSet', 'Actualizar', 4, 0, 0, Null, Null, 'Boolean', 'Preguardar', 0, 0, 0, 0, 0, 1)
INSERT INTO disControlesGrillaColumnas(Alineacion, Ancho, AnchoMinimo, AnchoVariable, AutoNumerico, ColumnaColorFondoCelda, ColumnaColorTextoCelda, CongelarTamanio, Control_Id, ControlColumna_Id, EsParamAccionBoton, EsPrimaryKey, Formato, Formulario_Id, Heredado, Identidad_Id, ItemsCombo, ModoOrdenamiento, ModoTamanioVariable, NombreCampo, Posicion, Requerido, SoloLectura, Texto, TextoColumnaVacia, TipoDato, Titulo, TotalizarCantidad, TotalizarMaximo, TotalizarMinimo, TotalizarPromedio, TotalizarSuma, Visible) VALUES('izquierda', 100, 5, 1, 0, Null, Null, 0, 'grdPermisos', Null, 0, 0, Null, @disFormularios, 0, Null, Null, 'NotSortable', 'NotSet', 'ActualizarA', 10, 0, 0, Null, Null, 'Boolean', 'ActualizarA', 0, 0, 0, 0, 0, 0)
INSERT INTO disControlesGrillaColumnas(Alineacion, Ancho, AnchoMinimo, AnchoVariable, AutoNumerico, ColumnaColorFondoCelda, ColumnaColorTextoCelda, CongelarTamanio, Control_Id, ControlColumna_Id, EsParamAccionBoton, EsPrimaryKey, Formato, Formulario_Id, Heredado, Identidad_Id, ItemsCombo, ModoOrdenamiento, ModoTamanioVariable, NombreCampo, Posicion, Requerido, SoloLectura, Texto, TextoColumnaVacia, TipoDato, Titulo, TotalizarCantidad, TotalizarMaximo, TotalizarMinimo, TotalizarPromedio, TotalizarSuma, Visible) VALUES('izquierda', 70, 5, 1, 0, Null, Null, 0, 'grdPermisos', Null, 0, 0, Null, @disFormularios, 0, Null, Null, 'NotSortable', 'NotSet', 'Borrar', 6, 0, 0, Null, Null, 'Boolean', 'Borrar', 0, 0, 0, 0, 0, 1)
INSERT INTO disControlesGrillaColumnas(Alineacion, Ancho, AnchoMinimo, AnchoVariable, AutoNumerico, ColumnaColorFondoCelda, ColumnaColorTextoCelda, CongelarTamanio, Control_Id, ControlColumna_Id, EsParamAccionBoton, EsPrimaryKey, Formato, Formulario_Id, Heredado, Identidad_Id, ItemsCombo, ModoOrdenamiento, ModoTamanioVariable, NombreCampo, Posicion, Requerido, SoloLectura, Texto, TextoColumnaVacia, TipoDato, Titulo, TotalizarCantidad, TotalizarMaximo, TotalizarMinimo, TotalizarPromedio, TotalizarSuma, Visible) VALUES('izquierda', 100, 5, 1, 0, Null, Null, 0, 'grdPermisos', Null, 0, 0, Null, @disFormularios, 0, Null, Null, 'NotSortable', 'NotSet', 'BorrarA', 11, 0, 0, Null, Null, 'Boolean', 'BorrarA', 0, 0, 0, 0, 0, 0)
INSERT INTO disControlesGrillaColumnas(Alineacion, Ancho, AnchoMinimo, AnchoVariable, AutoNumerico, ColumnaColorFondoCelda, ColumnaColorTextoCelda, CongelarTamanio, Control_Id, ControlColumna_Id, EsParamAccionBoton, EsPrimaryKey, Formato, Formulario_Id, Heredado, Identidad_Id, ItemsCombo, ModoOrdenamiento, ModoTamanioVariable, NombreCampo, Posicion, Requerido, SoloLectura, Texto, TextoColumnaVacia, TipoDato, Titulo, TotalizarCantidad, TotalizarMaximo, TotalizarMinimo, TotalizarPromedio, TotalizarSuma, Visible) VALUES('izquierda', 70, 5, 1, 0, Null, Null, 0, 'grdPermisos', Null, 0, 0, Null, @disFormularios, 0, Null, Null, 'NotSortable', 'NotSet', 'Consultar', 3, 0, 0, Null, Null, 'Boolean', 'Consultar', 0, 0, 0, 0, 0, 1)
INSERT INTO disControlesGrillaColumnas(Alineacion, Ancho, AnchoMinimo, AnchoVariable, AutoNumerico, ColumnaColorFondoCelda, ColumnaColorTextoCelda, CongelarTamanio, Control_Id, ControlColumna_Id, EsParamAccionBoton, EsPrimaryKey, Formato, Formulario_Id, Heredado, Identidad_Id, ItemsCombo, ModoOrdenamiento, ModoTamanioVariable, NombreCampo, Posicion, Requerido, SoloLectura, Texto, TextoColumnaVacia, TipoDato, Titulo, TotalizarCantidad, TotalizarMaximo, TotalizarMinimo, TotalizarPromedio, TotalizarSuma, Visible) VALUES('izquierda', 100, 5, 1, 0, Null, Null, 0, 'grdPermisos', Null, 0, 0, Null, @disFormularios, 0, Null, Null, 'NotSortable', 'NotSet', 'ConsultarA', 9, 0, 0, Null, Null, 'Boolean', 'ConsultarA', 0, 0, 0, 0, 0, 0)
INSERT INTO disControlesGrillaColumnas(Alineacion, Ancho, AnchoMinimo, AnchoVariable, AutoNumerico, ColumnaColorFondoCelda, ColumnaColorTextoCelda, CongelarTamanio, Control_Id, ControlColumna_Id, EsParamAccionBoton, EsPrimaryKey, Formato, Formulario_Id, Heredado, Identidad_Id, ItemsCombo, ModoOrdenamiento, ModoTamanioVariable, NombreCampo, Posicion, Requerido, SoloLectura, Texto, TextoColumnaVacia, TipoDato, Titulo, TotalizarCantidad, TotalizarMaximo, TotalizarMinimo, TotalizarPromedio, TotalizarSuma, Visible) VALUES('izquierda', 100, 5, 1, 0, Null, Null, 0, 'grdPermisos', Null, 0, 0, Null, @disFormularios, 0, Null, Null, 'Automatic', 'NotSet', 'genMenus', 18, 0, 0, Null, Null, 'Int32', 'genMenus', 0, 0, 0, 0, 0, 0)
INSERT INTO disControlesGrillaColumnas(Alineacion, Ancho, AnchoMinimo, AnchoVariable, AutoNumerico, ColumnaColorFondoCelda, ColumnaColorTextoCelda, CongelarTamanio, Control_Id, ControlColumna_Id, EsParamAccionBoton, EsPrimaryKey, Formato, Formulario_Id, Heredado, Identidad_Id, ItemsCombo, ModoOrdenamiento, ModoTamanioVariable, NombreCampo, Posicion, Requerido, SoloLectura, Texto, TextoColumnaVacia, TipoDato, Titulo, TotalizarCantidad, TotalizarMaximo, TotalizarMinimo, TotalizarPromedio, TotalizarSuma, Visible) VALUES('izquierda', 70, 5, 1, 0, Null, Null, 0, 'grdPermisos', Null, 0, 0, Null, @disFormularios, 0, Null, Null, 'NotSortable', 'NotSet', 'ModificaCodigos', 7, 0, 0, Null, Null, 'Boolean', 'ModificaCodigos', 0, 0, 0, 0, 0, 1)
INSERT INTO disControlesGrillaColumnas(Alineacion, Ancho, AnchoMinimo, AnchoVariable, AutoNumerico, ColumnaColorFondoCelda, ColumnaColorTextoCelda, CongelarTamanio, Control_Id, ControlColumna_Id, EsParamAccionBoton, EsPrimaryKey, Formato, Formulario_Id, Heredado, Identidad_Id, ItemsCombo, ModoOrdenamiento, ModoTamanioVariable, NombreCampo, Posicion, Requerido, SoloLectura, Texto, TextoColumnaVacia, TipoDato, Titulo, TotalizarCantidad, TotalizarMaximo, TotalizarMinimo, TotalizarPromedio, TotalizarSuma, Visible) VALUES('izquierda', 100, 5, 1, 0, Null, Null, 0, 'grdPermisos', Null, 0, 0, Null, @disFormularios, 0, Null, Null, 'NotSortable', 'NotSet', 'ModificaCodigosA', 13, 0, 0, Null, Null, 'Boolean', 'ModificaCodigosA', 0, 0, 0, 0, 0, 0)
INSERT INTO disControlesGrillaColumnas(Alineacion, Ancho, AnchoMinimo, AnchoVariable, AutoNumerico, ColumnaColorFondoCelda, ColumnaColorTextoCelda, CongelarTamanio, Control_Id, ControlColumna_Id, EsParamAccionBoton, EsPrimaryKey, Formato, Formulario_Id, Heredado, Identidad_Id, ItemsCombo, ModoOrdenamiento, ModoTamanioVariable, NombreCampo, Posicion, Requerido, SoloLectura, Texto, TextoColumnaVacia, TipoDato, Titulo, TotalizarCantidad, TotalizarMaximo, TotalizarMinimo, TotalizarPromedio, TotalizarSuma, Visible) VALUES('izquierda', 100, 5, 1, 0, Null, Null, 0, 'grdPermisos', Null, 0, 0, Null, @disFormularios, 0, Null, Null, 'Automatic', 'NotSet', 'Nivel', 2, 0, 1, Null, Null, 'Int32', 'Nivel', 0, 0, 0, 0, 0, 1)
INSERT INTO disControlesGrillaColumnas(Alineacion, Ancho, AnchoMinimo, AnchoVariable, AutoNumerico, ColumnaColorFondoCelda, ColumnaColorTextoCelda, CongelarTamanio, Control_Id, ControlColumna_Id, EsParamAccionBoton, EsPrimaryKey, Formato, Formulario_Id, Heredado, Identidad_Id, ItemsCombo, ModoOrdenamiento, ModoTamanioVariable, NombreCampo, Posicion, Requerido, SoloLectura, Texto, TextoColumnaVacia, TipoDato, Titulo, TotalizarCantidad, TotalizarMaximo, TotalizarMinimo, TotalizarPromedio, TotalizarSuma, Visible) VALUES('izquierda', 300, 5, 1, 0, Null, Null, 0, 'grdPermisos', Null, 0, 0, Null, @disFormularios, 0, Null, Null, 'Automatic', 'NotSet', 'Opcion', 1, 0, 1, Null, Null, 'String', 'Opcion', 0, 0, 0, 0, 0, 1)
INSERT INTO disControlesGrillaColumnas(Alineacion, Ancho, AnchoMinimo, AnchoVariable, AutoNumerico, ColumnaColorFondoCelda, ColumnaColorTextoCelda, CongelarTamanio, Control_Id, ControlColumna_Id, EsParamAccionBoton, EsPrimaryKey, Formato, Formulario_Id, Heredado, Identidad_Id, ItemsCombo, ModoOrdenamiento, ModoTamanioVariable, NombreCampo, Posicion, Requerido, SoloLectura, Texto, TextoColumnaVacia, TipoDato, Titulo, TotalizarCantidad, TotalizarMaximo, TotalizarMinimo, TotalizarPromedio, TotalizarSuma, Visible) VALUES('izquierda', 100, 5, 1, 0, Null, Null, 0, 'grdPermisos', Null, 0, 0, Null, @disFormularios, 0, Null, Null, 'Automatic', 'NotSet', 'Orden', 0, 0, 1, Null, Null, 'String', 'Orden', 0, 0, 0, 0, 0, 0)
INSERT INTO disControlesGrillaColumnas(Alineacion, Ancho, AnchoMinimo, AnchoVariable, AutoNumerico, ColumnaColorFondoCelda, ColumnaColorTextoCelda, CongelarTamanio, Control_Id, ControlColumna_Id, EsParamAccionBoton, EsPrimaryKey, Formato, Formulario_Id, Heredado, Identidad_Id, ItemsCombo, ModoOrdenamiento, ModoTamanioVariable, NombreCampo, Posicion, Requerido, SoloLectura, Texto, TextoColumnaVacia, TipoDato, Titulo, TotalizarCantidad, TotalizarMaximo, TotalizarMinimo, TotalizarPromedio, TotalizarSuma, Visible) VALUES('izquierda', 100, 5, 1, 0, Null, Null, 0, 'grdPermisos', Null, 0, 0, Null, @disFormularios, 0, Null, Null, 'Automatic', 'NotSet', 'OrdenId', 16, 0, 0, Null, Null, 'Int32', 'OrdenId', 0, 0, 0, 0, 0, 0)
INSERT INTO disControlesGrillaColumnas(Alineacion, Ancho, AnchoMinimo, AnchoVariable, AutoNumerico, ColumnaColorFondoCelda, ColumnaColorTextoCelda, CongelarTamanio, Control_Id, ControlColumna_Id, EsParamAccionBoton, EsPrimaryKey, Formato, Formulario_Id, Heredado, Identidad_Id, ItemsCombo, ModoOrdenamiento, ModoTamanioVariable, NombreCampo, Posicion, Requerido, SoloLectura, Texto, TextoColumnaVacia, TipoDato, Titulo, TotalizarCantidad, TotalizarMaximo, TotalizarMinimo, TotalizarPromedio, TotalizarSuma, Visible) VALUES('izquierda', 100, 5, 1, 0, Null, Null, 0, 'grdPermisos', Null, 0, 0, Null, @disFormularios, 0, Null, Null, 'Automatic', 'NotSet', 'OrdenPadre', 17, 0, 0, Null, Null, 'Int32', 'OrdenPadre', 0, 0, 0, 0, 0, 0)
INSERT INTO disControlesGrillaColumnas(Alineacion, Ancho, AnchoMinimo, AnchoVariable, AutoNumerico, ColumnaColorFondoCelda, ColumnaColorTextoCelda, CongelarTamanio, Control_Id, ControlColumna_Id, EsParamAccionBoton, EsPrimaryKey, Formato, Formulario_Id, Heredado, Identidad_Id, ItemsCombo, ModoOrdenamiento, ModoTamanioVariable, NombreCampo, Posicion, Requerido, SoloLectura, Texto, TextoColumnaVacia, TipoDato, Titulo, TotalizarCantidad, TotalizarMaximo, TotalizarMinimo, TotalizarPromedio, TotalizarSuma, Visible) VALUES('izquierda', 70, 5, 1, 0, Null, Null, 0, 'grdPermisos', Null, 0, 0, Null, @disFormularios, 0, Null, Null, 'NotSortable', 'NotSet', 'ParaTodasLasEmpresas', 8, 0, 0, Null, Null, 'Boolean', 'ParaTodasLasEmpresas', 0, 0, 0, 0, 0, 1)
INSERT INTO disControlesGrillaColumnas(Alineacion, Ancho, AnchoMinimo, AnchoVariable, AutoNumerico, ColumnaColorFondoCelda, ColumnaColorTextoCelda, CongelarTamanio, Control_Id, ControlColumna_Id, EsParamAccionBoton, EsPrimaryKey, Formato, Formulario_Id, Heredado, Identidad_Id, ItemsCombo, ModoOrdenamiento, ModoTamanioVariable, NombreCampo, Posicion, Requerido, SoloLectura, Texto, TextoColumnaVacia, TipoDato, Titulo, TotalizarCantidad, TotalizarMaximo, TotalizarMinimo, TotalizarPromedio, TotalizarSuma, Visible) VALUES('izquierda', 100, 5, 1, 0, Null, Null, 0, 'grdPermisos', Null, 0, 0, Null, @disFormularios, 0, Null, Null, 'NotSortable', 'NotSet', 'ParaTodasLasEmpresasA', 14, 0, 0, Null, Null, 'Boolean', 'ParaTodasLasEmpresasA', 0, 0, 0, 0, 0, 0)
INSERT INTO disControlesGrillaColumnas(Alineacion, Ancho, AnchoMinimo, AnchoVariable, AutoNumerico, ColumnaColorFondoCelda, ColumnaColorTextoCelda, CongelarTamanio, Control_Id, ControlColumna_Id, EsParamAccionBoton, EsPrimaryKey, Formato, Formulario_Id, Heredado, Identidad_Id, ItemsCombo, ModoOrdenamiento, ModoTamanioVariable, NombreCampo, Posicion, Requerido, SoloLectura, Texto, TextoColumnaVacia, TipoDato, Titulo, TotalizarCantidad, TotalizarMaximo, TotalizarMinimo, TotalizarPromedio, TotalizarSuma, Visible) VALUES('izquierda', 70, 5, 1, 0, Null, Null, 0, 'grdPermisos', Null, 0, 0, Null, @disFormularios, 0, Null, Null, 'NotSortable', 'NotSet', 'Postear', 5, 0, 0, Null, Null, 'Boolean', 'Postear', 0, 0, 0, 0, 0, 1)
INSERT INTO disControlesGrillaColumnas(Alineacion, Ancho, AnchoMinimo, AnchoVariable, AutoNumerico, ColumnaColorFondoCelda, ColumnaColorTextoCelda, CongelarTamanio, Control_Id, ControlColumna_Id, EsParamAccionBoton, EsPrimaryKey, Formato, Formulario_Id, Heredado, Identidad_Id, ItemsCombo, ModoOrdenamiento, ModoTamanioVariable, NombreCampo, Posicion, Requerido, SoloLectura, Texto, TextoColumnaVacia, TipoDato, Titulo, TotalizarCantidad, TotalizarMaximo, TotalizarMinimo, TotalizarPromedio, TotalizarSuma, Visible) VALUES('izquierda', 100, 5, 1, 0, Null, Null, 0, 'grdPermisos', Null, 0, 0, Null, @disFormularios, 0, Null, Null, 'NotSortable', 'NotSet', 'PostearA', 12, 0, 0, Null, Null, 'Boolean', 'PostearA', 0, 0, 0, 0, 0, 0)
INSERT INTO disControlesGrillaColumnas(Alineacion, Ancho, AnchoMinimo, AnchoVariable, AutoNumerico, ColumnaColorFondoCelda, ColumnaColorTextoCelda, CongelarTamanio, Control_Id, ControlColumna_Id, EsParamAccionBoton, EsPrimaryKey, Formato, Formulario_Id, Heredado, Identidad_Id, ItemsCombo, ModoOrdenamiento, ModoTamanioVariable, NombreCampo, Posicion, Requerido, SoloLectura, Texto, TextoColumnaVacia, TipoDato, Titulo, TotalizarCantidad, TotalizarMaximo, TotalizarMinimo, TotalizarPromedio, TotalizarSuma, Visible) VALUES('izquierda', 100, 5, 1, 0, Null, Null, 0, 'grdPermisos', Null, 0, 0, Null, @disFormularios, 0, Null, Null, 'Automatic', 'NotSet', 'Tipo', 15, 0, 0, Null, Null, 'String', 'Tipo', 0, 0, 0, 0, 0, 0)
--disControlesGrupoSolapa
INSERT INTO disControlesGrupoSolapa(CantSolapas, Control_Id, Formulario_Id) VALUES(2, 'Solapas', @disFormularios)
--disControlesLupa
INSERT INTO disControlesLupa(AdicionalesCampos, AdicionalesControles, AdicionalesParametros, CamposClave, CantMaxRegAMostrar, CodigoCharCasing, CodigoMask, CodigoMaxLength, CodigoNombreColumna, CodigoRegExpression, CodigoTexto, CodigoTipo, CodigoWidth, ColumnaGrillaDescripcion, Control_Id, DescripcionCharCasing, DescripcionMaxLength, DescripcionOculta, DescripcionTexto, EsLaEntidadDelForm, Filtros, Formulario_Id, Identidad_Id, Mascara, OrderBy, PermiteNoExistentes, TraePrimerRegistro, UsaAccion) VALUES(Null, Null, Null, 1, 70, 'Upper', 'Alfanumerico', 25, 'Usuario_Id', Null, Null, 'String', 150, Null, 'ctrUsuario_Id', 'Normal', 32767, 0, Null, 1, Null, @disFormularios, dbo.FuncFKlupIdentidades('genUsuarios'), Null, Null, 0, 0, 0)
--disEventos
INSERT INTO disEventos(Control_Id, EsMetodo, Formulario_Id, Habilitado, Heredado, TipoEvento) VALUES('ctrUsuario_Id', 0, @disFormularios, 1, 0, 'Change')
INSERT INTO disEventos(Control_Id, EsMetodo, Formulario_Id, Habilitado, Heredado, TipoEvento) VALUES('frmgenPermisos', 0, @disFormularios, 1, 0, 'Guardar')
INSERT INTO disEventos(Control_Id, EsMetodo, Formulario_Id, Habilitado, Heredado, TipoEvento) VALUES('frmgenPermisos', 0, @disFormularios, 0, 0, 'Post_Load')
--disAcciones
INSERT INTO disAcciones(Accion, Accion_Id, AccionPadre_Id, AdicionalInfo, Control_Id, ControlDestino_Id, ControlTexto_Id, EsEspecializacion, Formulario_Id, Habilitado, Heredado, OrdenAccion, Texto, TipoEvento, ValorCondicion) VALUES('Ejecutar', 'c068e125-45ed-4c08-9313-90785c110b5b', Null, Null, 'ctrUsuario_Id', Null, Null, 0, @disFormularios, 1, 0, 1, 'Datos', 'Change', Null)
INSERT INTO disAcciones(Accion, Accion_Id, AccionPadre_Id, AdicionalInfo, Control_Id, ControlDestino_Id, ControlTexto_Id, EsEspecializacion, Formulario_Id, Habilitado, Heredado, OrdenAccion, Texto, TipoEvento, ValorCondicion) VALUES('Ejecutar', '2d5a95af-3cba-4096-ab9d-921558dbdab1', Null, Null, 'frmgenPermisos', Null, Null, 0, @disFormularios, 1, 0, 2, 'Guardar', 'Guardar', Null)
INSERT INTO disAcciones(Accion, Accion_Id, AccionPadre_Id, AdicionalInfo, Control_Id, ControlDestino_Id, ControlTexto_Id, EsEspecializacion, Formulario_Id, Habilitado, Heredado, OrdenAccion, Texto, TipoEvento, ValorCondicion) VALUES('EstablecerFoco', 'ac7f5d92-01a9-4d86-9075-c9654bd5bf22', Null, Null, 'frmgenPermisos', 'ctrUsuario_Id', Null, 0, @disFormularios, 0, 0, 3, Null, 'Post_Load', Null)
--disRelacionesTablas
INSERT INTO disRelacionesTablas(ColumnaDetalle_Id, ColumnaDetalle2_Id, ColumnaDetalle3_Id, ColumnaMaster_Id, ColumnaMaster2_Id, ColumnaMaster3_Id, Formulario_Id, TablaDetalle_Id, TablaMaster_Id) VALUES('OrdenId', Null, Null, 'OrdenPadre', Null, Null, @disFormularios, 'Permisos', 'Permisos')
--disControles
/**
	INSERT INTO disControles(Alineacion, AlineacionLabel, Alto, Ancho, Ancla, Arriba, ClickNuevoBlanquea, Columna, ColumnasExtension, Control_Id, ControlaCambios, ControlParent_Id, ControlSegmento, Embebido, EsCodigoNuevo, Estilo, Fila, FilasExtension, Formulario_Id, Habilitado, Heredado, IgualaAnchoColumna, Izquierda, MaximaLongitud, Paises, Requerido, SegmentoOrigen, SoloLectura, TabOrden, TabStop, Texto, TextoControlVacio, TextoFijo, TipoControl, TituloLabel, Visible) VALUES('', '', 17, 88, 'L', 12, 1, 3, 1, 'ctrEsSupervisor', 1, 'Solapa_Datos', Null, 0, 0, 'Default', 0, 1, @disFormularios, 1, 0, 0, 18, Null, Null, 0, Null, 0, 0, 1, 'EsSupervisor', Null, 0, 'SummaAdvDisenio.Controles.DisenioCheck', Null, 1)
INSERT INTO disControles(Alineacion, AlineacionLabel, Alto, Ancho, Ancla, Arriba, ClickNuevoBlanquea, Columna, ColumnasExtension, Control_Id, ControlaCambios, ControlParent_Id, ControlSegmento, Embebido, EsCodigoNuevo, Estilo, Fila, FilasExtension, Formulario_Id, Habilitado, Heredado, IgualaAnchoColumna, Izquierda, MaximaLongitud, Paises, Requerido, SegmentoOrigen, SoloLectura, TabOrden, TabStop, Texto, TextoControlVacio, TextoFijo, TipoControl, TituloLabel, Visible) VALUES('', 'Izquierda', 37, 494, 'L', 1, 1, 0, 3, 'ctrUsuario_Id', 1, 'Solapa_Datos', Null, 0, 0, 'Default', 0, 1, @disFormularios, 1, 0, 1, 1, Null, Null, 0, Null, 0, 0, 1, Null, Null, 0, 'SummaAdvDisenio.Controles.DisenioLupaAdv', 'Usuario_Id', 1)
INSERT INTO disControles(Alineacion, AlineacionLabel, Alto, Ancho, Ancla, Arriba, ClickNuevoBlanquea, Columna, ColumnasExtension, Control_Id, ControlaCambios, ControlParent_Id, ControlSegmento, Embebido, EsCodigoNuevo, Estilo, Fila, FilasExtension, Formulario_Id, Habilitado, Heredado, IgualaAnchoColumna, Izquierda, MaximaLongitud, Paises, Requerido, SegmentoOrigen, SoloLectura, TabOrden, TabStop, Texto, TextoControlVacio, TextoFijo, TipoControl, TituloLabel, Visible) VALUES('', Null, 600, 1024, 'T,L', 58, 1, 0, 0, 'frmgenPermisos', 1, Null, Null, 0, 0, Null, 0, 0, @disFormularios, 1, 0, 0, 3, 0, Null, 0, Null, 0, 0, 1, 'Permisos', Null, 0, 'frm', Null, 1)
INSERT INTO disControles(Alineacion, AlineacionLabel, Alto, Ancho, Ancla, Arriba, ClickNuevoBlanquea, Columna, ColumnasExtension, Control_Id, ControlaCambios, ControlParent_Id, ControlSegmento, Embebido, EsCodigoNuevo, Estilo, Fila, FilasExtension, Formulario_Id, Habilitado, Heredado, IgualaAnchoColumna, Izquierda, MaximaLongitud, Paises, Requerido, SegmentoOrigen, SoloLectura, TabOrden, TabStop, Texto, TextoControlVacio, TextoFijo, TipoControl, TituloLabel, Visible) VALUES('', '', 81, 996, 'L', 1, 1, 0, 6, 'grdEspeciales', 1, 'solEspeciales', Null, 0, 0, Null, 0, 1, @disFormularios, 1, 0, 0, 1, Null, Null, 0, Null, 0, 0, 1, Null, Null, 0, 'SummaAdvDisenio.Controles.DisenioGridView', Null, 1)
INSERT INTO disControles(Alineacion, AlineacionLabel, Alto, Ancho, Ancla, Arriba, ClickNuevoBlanquea, Columna, ColumnasExtension, Control_Id, ControlaCambios, ControlParent_Id, ControlSegmento, Embebido, EsCodigoNuevo, Estilo, Fila, FilasExtension, Formulario_Id, Habilitado, Heredado, IgualaAnchoColumna, Izquierda, MaximaLongitud, Paises, Requerido, SegmentoOrigen, SoloLectura, TabOrden, TabStop, Texto, TextoControlVacio, TextoFijo, TipoControl, TituloLabel, Visible) VALUES('', '', 81, 1004, 'L', 1, 1, 0, 6, 'grdPermisos', 1, 'Solapa_Datos', Null, 0, 0, Null, 1, 1, @disFormularios, 1, 0, 0, 1, Null, Null, 0, Null, 0, 0, 1, Null, Null, 0, 'SummaAdvDisenio.Controles.DisenioGridView', 'Opciones', 1)
INSERT INTO disControles(Alineacion, AlineacionLabel, Alto, Ancho, Ancla, Arriba, ClickNuevoBlanquea, Columna, ColumnasExtension, Control_Id, ControlaCambios, ControlParent_Id, ControlSegmento, Embebido, EsCodigoNuevo, Estilo, Fila, FilasExtension, Formulario_Id, Habilitado, Heredado, IgualaAnchoColumna, Izquierda, MaximaLongitud, Paises, Requerido, SegmentoOrigen, SoloLectura, TabOrden, TabStop, Texto, TextoControlVacio, TextoFijo, TipoControl, TituloLabel, Visible) VALUES('', '', 535, 1000, 'L', 22, 1, 0, 0, 'Solapa_Datos', 1, 'Solapas', Null, 0, 0, Null, 0, 0, @disFormularios, 1, 0, 0, 4, Null, Null, 1, Null, 0, 0, 0, 'Datos', Null, 0, 'System.Windows.Forms.TabPage', Null, 0)
INSERT INTO disControles(Alineacion, AlineacionLabel, Alto, Ancho, Ancla, Arriba, ClickNuevoBlanquea, Columna, ColumnasExtension, Control_Id, ControlaCambios, ControlParent_Id, ControlSegmento, Embebido, EsCodigoNuevo, Estilo, Fila, FilasExtension, Formulario_Id, Habilitado, Heredado, IgualaAnchoColumna, Izquierda, MaximaLongitud, Paises, Requerido, SegmentoOrigen, SoloLectura, TabOrden, TabStop, Texto, TextoControlVacio, TextoFijo, TipoControl, TituloLabel, Visible) VALUES('', '', 561, 1008, 'L', 0, 1, 0, 0, 'Solapas', 1, 'frmgenPermisos', Null, 0, 0, Null, 0, 0, @disFormularios, 1, 0, 0, 0, Null, Null, 1, Null, 0, 0, 1, Null, Null, 0, 'SummaAdvDisenio.Controles.DisenioTabControl', Null, 1)
INSERT INTO disControles(Alineacion, AlineacionLabel, Alto, Ancho, Ancla, Arriba, ClickNuevoBlanquea, Columna, ColumnasExtension, Control_Id, ControlaCambios, ControlParent_Id, ControlSegmento, Embebido, EsCodigoNuevo, Estilo, Fila, FilasExtension, Formulario_Id, Habilitado, Heredado, IgualaAnchoColumna, Izquierda, MaximaLongitud, Paises, Requerido, SegmentoOrigen, SoloLectura, TabOrden, TabStop, Texto, TextoControlVacio, TextoFijo, TipoControl, TituloLabel, Visible) VALUES('', '', 535, 1000, 'L', 22, 1, 0, 0, 'solEspeciales', 1, 'Solapas', Null, 0, 0, Null, 0, 0, @disFormularios, 1, 0, 0, 4, Null, Null, 1, Null, 0, 1, 0, 'Especiales', Null, 0, 'System.Windows.Forms.TabPage', Null, 0)
INSERT INTO disControles(Alineacion, AlineacionLabel, Alto, Ancho, Ancla, Arriba, ClickNuevoBlanquea, Columna, ColumnasExtension, Control_Id, ControlaCambios, ControlParent_Id, ControlSegmento, Embebido, EsCodigoNuevo, Estilo, Fila, FilasExtension, Formulario_Id, Habilitado, Heredado, IgualaAnchoColumna, Izquierda, MaximaLongitud, Paises, Requerido, SegmentoOrigen, SoloLectura, TabOrden, TabStop, Texto, TextoControlVacio, TextoFijo, TipoControl, TituloLabel, Visible) VALUES('', '', 0, 0, '', 0, 1, 0, 0, 'var_Auxiliar1', 1, 'frmgenPermisos', Null, 0, 0, Null, 0, 0, @disFormularios, 0, 0, 0, 0, Null, Null, 1, Null, 0, -1, 0, Null, Null, 0, 'Variable', Null, 0)
INSERT INTO disControles(Alineacion, AlineacionLabel, Alto, Ancho, Ancla, Arriba, ClickNuevoBlanquea, Columna, ColumnasExtension, Control_Id, ControlaCambios, ControlParent_Id, ControlSegmento, Embebido, EsCodigoNuevo, Estilo, Fila, FilasExtension, Formulario_Id, Habilitado, Heredado, IgualaAnchoColumna, Izquierda, MaximaLongitud, Paises, Requerido, SegmentoOrigen, SoloLectura, TabOrden, TabStop, Texto, TextoControlVacio, TextoFijo, TipoControl, TituloLabel, Visible) VALUES('', '', 0, 0, '', 0, 1, 0, 0, 'var_Auxiliar2', 1, 'frmgenPermisos', Null, 0, 0, Null, 0, 0, @disFormularios, 0, 0, 0, 0, Null, Null, 1, Null, 0, -1, 0, Null, Null, 0, 'Variable', Null, 0)
INSERT INTO disControles(Alineacion, AlineacionLabel, Alto, Ancho, Ancla, Arriba, ClickNuevoBlanquea, Columna, ColumnasExtension, Control_Id, ControlaCambios, ControlParent_Id, ControlSegmento, Embebido, EsCodigoNuevo, Estilo, Fila, FilasExtension, Formulario_Id, Habilitado, Heredado, IgualaAnchoColumna, Izquierda, MaximaLongitud, Paises, Requerido, SegmentoOrigen, SoloLectura, TabOrden, TabStop, Texto, TextoControlVacio, TextoFijo, TipoControl, TituloLabel, Visible) VALUES('', '', 0, 0, '', 0, 1, 0, 0, 'var_Auxiliar3', 1, 'frmgenPermisos', Null, 0, 0, Null, 0, 0, @disFormularios, 0, 0, 0, 0, Null, Null, 1, Null, 0, -1, 0, Null, Null, 0, 'Variable', Null, 0)
**/
	--disAcciones
/**
	INSERT INTO disAcciones(Accion, AdicionalInfo, Control_Id, ControlDestino_Id, ControlTexto_Id, EsEspecializacion, Formulario_Id, Habilitado, Heredado, Texto, TipoEvento, ValorCondicion) VALUES('Ejecutar', Null, 'ctrUsuario_Id', Null, Null, 0, @disFormularios, 1, 0, 'Datos', 'Change', Null)
INSERT INTO disAcciones(Accion, AdicionalInfo, Control_Id, ControlDestino_Id, ControlTexto_Id, EsEspecializacion, Formulario_Id, Habilitado, Heredado, Texto, TipoEvento, ValorCondicion) VALUES('Ejecutar', Null, 'frmgenPermisos', Null, Null, 0, @disFormularios, 1, 0, 'Guardar', 'Guardar', Null)
INSERT INTO disAcciones(Accion, AdicionalInfo, Control_Id, ControlDestino_Id, ControlTexto_Id, EsEspecializacion, Formulario_Id, Habilitado, Heredado, Texto, TipoEvento, ValorCondicion) VALUES('EstablecerFoco', Null, 'frmgenPermisos', 'ctrUsuario_Id', Null, 0, @disFormularios, 0, 0, Null, 'Post_Load', Null)
**/
	