Exec Borra_cuerpoForm 'frmsueCategorias'
--disFormularios
IF Exists(SELECT 1 FROM disFormularios WHERE Formulario_Id ='frmsueCategorias')
UPDATE disFormularios SET 
	Alto = 600,
	Ancho = 819,
	Arriba = 58,
	BotonCopiar = 1,
	BotonEliminar = 1,
	BotonGuardar = 1,
	BotonImprimir = 0,
	BotonNuevo = 1,
	BotonPostear = 1,
	BotonRptImprimir = 0,
	BotonRptPdf = 0,
	BotonRptVer = 0,
	BotonRptXls = 0,
	ClaseCommon = 'SueldosCommon.sueCategoriasDS',
	ClaseCommonEsp = Null,
	ClaseEnum = 'EnumsueCategoriasAction',
	ClaseEnumEsp = Null,
	ClaseEventos = '',
	ClaseEventosEsp = Null,
	ClaseExchange = 'SueldosExchange.sueCategoriasActionExchange',
	ClaseExchangeEsp = Null,
	CodigoLnk = 'frmsueCategorias',
	Descripcion = 'Categorias',
	DllCommon = 'SueldosCommon',
	DllCommonEsp = Null,
	DllEventos = 'ComprasFEEventos',
	DllEventosEsp = Null,
	DllExchange = 'SueldosExchange',
	DllExchangeEsp = Null,
	Especializacion = Null,
	Formulario_Id = 'frmsueCategorias',
	FormularioPadre_Id = null ,
	GuardaeImprime = 0,
	Inactivo = 0,
	Izquierda = 3,
	PosicionInicial = 'D',
	Posteado = 1,
	Tabla_Id = 'sueCategorias',
	TipoEspecial = Null,
	Titulo = 'Categorias',
	UltimaModif = '20201217 15:30:40:663',
	Usuario_Id = 1,
	Version = 'V2'
	WHERE Formulario_Id ='frmsueCategorias'
ELSE
	INSERT INTO disFormularios(Alto, Ancho, Arriba, BotonCopiar, BotonEliminar, BotonGuardar, BotonImprimir, BotonNuevo, BotonPostear, BotonRptImprimir, BotonRptPdf, BotonRptVer, BotonRptXls, ClaseCommon, ClaseCommonEsp, ClaseEnum, ClaseEnumEsp, ClaseEventos, ClaseEventosEsp, ClaseExchange, ClaseExchangeEsp, CodigoLnk, Descripcion, DllCommon, DllCommonEsp, DllEventos, DllEventosEsp, DllExchange, DllExchangeEsp, Especializacion, Formulario_Id, FormularioPadre_Id, GuardaeImprime, Inactivo, Izquierda, PosicionInicial, Posteado, Tabla_Id, TipoEspecial, Titulo, UltimaModif, Usuario_Id, Version) VALUES(600, 819, 58, 1, 1, 1, 0, 1, 1, 0, 0, 0, 0, 'SueldosCommon.sueCategoriasDS', Null, 'EnumsueCategoriasAction', Null, '', Null, 'SueldosExchange.sueCategoriasActionExchange', Null, 'frmsueCategorias', 'Categorias', 'SueldosCommon', Null, 'ComprasFEEventos', Null, 'SueldosExchange', Null, Null, 'frmsueCategorias', Null, 0, 0, 3, 'D', 1, 'sueCategorias', Null, 'Categorias', '20201217 15:30:40:663', 1, 'V2')
Declare @disFormularios int 
set @disFormularios = dbo.FuncFKdisFormularios('frmsueCategorias')
--disControles
IF NOT Exists(SELECT 1 FROM disControles Where Formulario_Id =  @disFormularios and Control_Id ='frmsueCategorias')
	INSERT INTO disControles(Alineacion, AlineacionLabel, Alto, Ancho, Ancla, Arriba, ClickNuevoBlanquea, Columna, ColumnasExtension, Control_Id, ControlaCambios, ControlParent_Id, ControlSegmento, Embebido, EsCodigoNuevo, Estilo, Fila, FilasExtension, Formulario_Id, Habilitado, Heredado, IgualaAnchoColumna, Izquierda, MaximaLongitud, NroControl, Paises, Requerido, SegmentoOrigen, SoloLectura, TabOrden, TabStop, Texto, TextoControlVacio, TextoFijo, TipoControl, TituloLabel, Visible) VALUES('', Null, 600, 819, 'T,L', 58, 1, 0, 0, 'frmsueCategorias', 1, Null, Null, 0, 0, Null, 0, 0, @disFormularios, 1, 0, 0, 3, 0, 0, Null, 0, Null, 0, 0, 1, 'Categorias', Null, 0, 'frm', Null, 1)
INSERT INTO disControles(Alineacion, AlineacionLabel, Alto, Ancho, Ancla, Arriba, ClickNuevoBlanquea, Columna, ColumnasExtension, Control_Id, ControlaCambios, ControlParent_Id, ControlSegmento, Embebido, EsCodigoNuevo, Estilo, Fila, FilasExtension, Formulario_Id, Habilitado, Heredado, IgualaAnchoColumna, Izquierda, MaximaLongitud, NroControl, Paises, Requerido, SegmentoOrigen, SoloLectura, TabOrden, TabStop, Texto, TextoControlVacio, TextoFijo, TipoControl, TituloLabel, Visible) VALUES('', '', 561, 803, 'L', 0, 1, 0, 0, 'Solapas', 1, 'frmsueCategorias', Null, 0, 0, Null, 0, 0, @disFormularios, 1, 0, 0, 0, Null, 1, Null, 1, Null, 0, 0, 1, Null, Null, 0, 'SummaAdvDisenio.Controles.DisenioTabControl', Null, 1)
INSERT INTO disControles(Alineacion, AlineacionLabel, Alto, Ancho, Ancla, Arriba, ClickNuevoBlanquea, Columna, ColumnasExtension, Control_Id, ControlaCambios, ControlParent_Id, ControlSegmento, Embebido, EsCodigoNuevo, Estilo, Fila, FilasExtension, Formulario_Id, Habilitado, Heredado, IgualaAnchoColumna, Izquierda, MaximaLongitud, NroControl, Paises, Requerido, SegmentoOrigen, SoloLectura, TabOrden, TabStop, Texto, TextoControlVacio, TextoFijo, TipoControl, TituloLabel, Visible) VALUES('', '', 535, 795, 'L', 22, 1, 0, 0, 'Solapa_Datos', 1, 'Solapas', Null, 0, 0, Null, 0, 0, @disFormularios, 1, 0, 0, 4, Null, 2, Null, 1, Null, 0, 0, 0, 'Datos', Null, 0, 'System.Windows.Forms.TabPage', Null, 0)
INSERT INTO disControles(Alineacion, AlineacionLabel, Alto, Ancho, Ancla, Arriba, ClickNuevoBlanquea, Columna, ColumnasExtension, Control_Id, ControlaCambios, ControlParent_Id, ControlSegmento, Embebido, EsCodigoNuevo, Estilo, Fila, FilasExtension, Formulario_Id, Habilitado, Heredado, IgualaAnchoColumna, Izquierda, MaximaLongitud, NroControl, Paises, Requerido, SegmentoOrigen, SoloLectura, TabOrden, TabStop, Texto, TextoControlVacio, TextoFijo, TipoControl, TituloLabel, Visible) VALUES('', 'Izquierda', 36, 128, 'L', 1, 1, 0, 1, 'ctrCategoria_Id', 1, 'Solapa_Datos', Null, 0, 0, 'Default', 0, 1, @disFormularios, 1, 0, 1, 1, Null, 4, Null, 0, Null, 0, 0, 1, Null, Null, 0, 'SummaAdvDisenio.Controles.DisenioLupaAdv', 'Categoria_Id', 1)
INSERT INTO disControles(Alineacion, AlineacionLabel, Alto, Ancho, Ancla, Arriba, ClickNuevoBlanquea, Columna, ColumnasExtension, Control_Id, ControlaCambios, ControlParent_Id, ControlSegmento, Embebido, EsCodigoNuevo, Estilo, Fila, FilasExtension, Formulario_Id, Habilitado, Heredado, IgualaAnchoColumna, Izquierda, MaximaLongitud, NroControl, Paises, Requerido, SegmentoOrigen, SoloLectura, TabOrden, TabStop, Texto, TextoControlVacio, TextoFijo, TipoControl, TituloLabel, Visible) VALUES('', 'Izquierda', 38, 128, 'L', 1, 1, 1, 1, 'ctrCategoria_Id_Nueva', 1, 'Solapa_Datos', Null, 0, 1, 'Default', 0, 1, @disFormularios, 1, 0, 1, 1, 5, 5, Null, 0, Null, 0, 0, 1, Null, Null, 0, 'SummaAdvDisenio.Controles.DisenioTxtEditor', 'Categoria_Id_Nueva', 1)
INSERT INTO disControles(Alineacion, AlineacionLabel, Alto, Ancho, Ancla, Arriba, ClickNuevoBlanquea, Columna, ColumnasExtension, Control_Id, ControlaCambios, ControlParent_Id, ControlSegmento, Embebido, EsCodigoNuevo, Estilo, Fila, FilasExtension, Formulario_Id, Habilitado, Heredado, IgualaAnchoColumna, Izquierda, MaximaLongitud, NroControl, Paises, Requerido, SegmentoOrigen, SoloLectura, TabOrden, TabStop, Texto, TextoControlVacio, TextoFijo, TipoControl, TituloLabel, Visible) VALUES('', '', 17, 64, 'L', 16, 1, 2, 1, 'ctrInactivo', 1, 'Solapa_Datos', Null, 0, 0, 'Default', 0, 1, @disFormularios, 1, 0, 0, 29, Null, 6, Null, 0, Null, 0, 0, 1, 'Inactivo', Null, 0, 'SummaAdvDisenio.Controles.DisenioCheck', Null, 1)
INSERT INTO disControles(Alineacion, AlineacionLabel, Alto, Ancho, Ancla, Arriba, ClickNuevoBlanquea, Columna, ColumnasExtension, Control_Id, ControlaCambios, ControlParent_Id, ControlSegmento, Embebido, EsCodigoNuevo, Estilo, Fila, FilasExtension, Formulario_Id, Habilitado, Heredado, IgualaAnchoColumna, Izquierda, MaximaLongitud, NroControl, Paises, Requerido, SegmentoOrigen, SoloLectura, TabOrden, TabStop, Texto, TextoControlVacio, TextoFijo, TipoControl, TituloLabel, Visible) VALUES('', 'Izquierda', 38, 260, 'L', 1, 1, 0, 2, 'ctrDescripcion', 1, 'Solapa_Datos', Null, 0, 0, 'Default', 1, 1, @disFormularios, 1, 0, 1, 1, 32767, 7, Null, 0, Null, 0, 0, 1, Null, Null, 0, 'SummaAdvDisenio.Controles.DisenioTxtEditor', 'Descripcion', 1)
INSERT INTO disControles(Alineacion, AlineacionLabel, Alto, Ancho, Ancla, Arriba, ClickNuevoBlanquea, Columna, ColumnasExtension, Control_Id, ControlaCambios, ControlParent_Id, ControlSegmento, Embebido, EsCodigoNuevo, Estilo, Fila, FilasExtension, Formulario_Id, Habilitado, Heredado, IgualaAnchoColumna, Izquierda, MaximaLongitud, NroControl, Paises, Requerido, SegmentoOrigen, SoloLectura, TabOrden, TabStop, Texto, TextoControlVacio, TextoFijo, TipoControl, TituloLabel, Visible) VALUES('', '', 17, 109, 'L', 5, 1, 2, 1, 'ctrPTodasEmpresas', 1, 'Solapa_Datos', Null, 0, 0, 'Default', 1, 1, @disFormularios, 1, 0, 0, 17, Null, 8, Null, 0, Null, 0, 0, 1, 'PTodasEmpresas', Null, 0, 'SummaAdvDisenio.Controles.DisenioCheck', Null, 1)
INSERT INTO disControles(Alineacion, AlineacionLabel, Alto, Ancho, Ancla, Arriba, ClickNuevoBlanquea, Columna, ColumnasExtension, Control_Id, ControlaCambios, ControlParent_Id, ControlSegmento, Embebido, EsCodigoNuevo, Estilo, Fila, FilasExtension, Formulario_Id, Habilitado, Heredado, IgualaAnchoColumna, Izquierda, MaximaLongitud, NroControl, Paises, Requerido, SegmentoOrigen, SoloLectura, TabOrden, TabStop, Texto, TextoControlVacio, TextoFijo, TipoControl, TituloLabel, Visible) VALUES('', 'Izquierda', 37, 260, 'L', 1, 1, 0, 2, 'ctrPeriodo_Id', 1, 'Solapa_Datos', Null, 0, 0, 'Default', 2, 1, @disFormularios, 1, 0, 1, 1, Null, 9, Null, 0, Null, 0, 0, 1, Null, Null, 0, 'SummaAdvDisenio.Controles.DisenioLupaAdv', 'Periodo_Id', 1)
INSERT INTO disControles(Alineacion, AlineacionLabel, Alto, Ancho, Ancla, Arriba, ClickNuevoBlanquea, Columna, ColumnasExtension, Control_Id, ControlaCambios, ControlParent_Id, ControlSegmento, Embebido, EsCodigoNuevo, Estilo, Fila, FilasExtension, Formulario_Id, Habilitado, Heredado, IgualaAnchoColumna, Izquierda, MaximaLongitud, NroControl, Paises, Requerido, SegmentoOrigen, SoloLectura, TabOrden, TabStop, Texto, TextoControlVacio, TextoFijo, TipoControl, TituloLabel, Visible) VALUES('', 'Izquierda', 35, 128, 'L', 1, 1, 0, 1, 'ctrFecha', 1, 'Solapa_Datos', Null, 0, 0, 'Default', 3, 1, @disFormularios, 1, 0, 1, 1, Null, 10, Null, 0, Null, 0, 0, 1, 'Hoy', Null, 0, 'SummaAdvDisenio.Controles.DisenioDatePicker', 'Fecha', 1)
INSERT INTO disControles(Alineacion, AlineacionLabel, Alto, Ancho, Ancla, Arriba, ClickNuevoBlanquea, Columna, ColumnasExtension, Control_Id, ControlaCambios, ControlParent_Id, ControlSegmento, Embebido, EsCodigoNuevo, Estilo, Fila, FilasExtension, Formulario_Id, Habilitado, Heredado, IgualaAnchoColumna, Izquierda, MaximaLongitud, NroControl, Paises, Requerido, SegmentoOrigen, SoloLectura, TabOrden, TabStop, Texto, TextoControlVacio, TextoFijo, TipoControl, TituloLabel, Visible) VALUES('', '', 81, 791, 'L', 1, 1, 0, 6, 'grdCuerpo', 1, 'Solapa_Datos', Null, 0, 0, Null, 4, 1, @disFormularios, 1, 0, 0, 1, Null, 11, Null, 0, Null, 0, 0, 1, Null, Null, 0, 'SummaAdvDisenio.Controles.DisenioGridView', 'Valores', 1)
INSERT INTO disControles(Alineacion, AlineacionLabel, Alto, Ancho, Ancla, Arriba, ClickNuevoBlanquea, Columna, ColumnasExtension, Control_Id, ControlaCambios, ControlParent_Id, ControlSegmento, Embebido, EsCodigoNuevo, Estilo, Fila, FilasExtension, Formulario_Id, Habilitado, Heredado, IgualaAnchoColumna, Izquierda, MaximaLongitud, NroControl, Paises, Requerido, SegmentoOrigen, SoloLectura, TabOrden, TabStop, Texto, TextoControlVacio, TextoFijo, TipoControl, TituloLabel, Visible) VALUES('', '', 535, 795, 'L', 22, 1, 0, 0, 'Solapa_Atri', 1, 'Solapas', Null, 0, 0, Null, 0, 0, @disFormularios, 1, 0, 0, 4, Null, 11, Null, 1, Null, 0, 1, 0, 'Atributos', Null, 0, 'System.Windows.Forms.TabPage', Null, 1)
INSERT INTO disControles(Alineacion, AlineacionLabel, Alto, Ancho, Ancla, Arriba, ClickNuevoBlanquea, Columna, ColumnasExtension, Control_Id, ControlaCambios, ControlParent_Id, ControlSegmento, Embebido, EsCodigoNuevo, Estilo, Fila, FilasExtension, Formulario_Id, Habilitado, Heredado, IgualaAnchoColumna, Izquierda, MaximaLongitud, NroControl, Paises, Requerido, SegmentoOrigen, SoloLectura, TabOrden, TabStop, Texto, TextoControlVacio, TextoFijo, TipoControl, TituloLabel, Visible) VALUES('', '', 0, 0, '', 0, 1, 0, 0, 'var_Auxiliar1', 1, 'frmsueCategorias', Null, 0, 0, Null, 0, 0, @disFormularios, 0, 0, 0, 0, Null, 12, Null, 1, Null, 0, -1, 0, Null, Null, 0, 'Variable', Null, 0)
INSERT INTO disControles(Alineacion, AlineacionLabel, Alto, Ancho, Ancla, Arriba, ClickNuevoBlanquea, Columna, ColumnasExtension, Control_Id, ControlaCambios, ControlParent_Id, ControlSegmento, Embebido, EsCodigoNuevo, Estilo, Fila, FilasExtension, Formulario_Id, Habilitado, Heredado, IgualaAnchoColumna, Izquierda, MaximaLongitud, NroControl, Paises, Requerido, SegmentoOrigen, SoloLectura, TabOrden, TabStop, Texto, TextoControlVacio, TextoFijo, TipoControl, TituloLabel, Visible) VALUES('', '', 0, 0, '', 0, 1, 0, 0, 'var_Auxiliar2', 1, 'frmsueCategorias', Null, 0, 0, Null, 0, 0, @disFormularios, 0, 0, 0, 0, Null, 13, Null, 1, Null, 0, -1, 0, Null, Null, 0, 'Variable', Null, 0)
INSERT INTO disControles(Alineacion, AlineacionLabel, Alto, Ancho, Ancla, Arriba, ClickNuevoBlanquea, Columna, ColumnasExtension, Control_Id, ControlaCambios, ControlParent_Id, ControlSegmento, Embebido, EsCodigoNuevo, Estilo, Fila, FilasExtension, Formulario_Id, Habilitado, Heredado, IgualaAnchoColumna, Izquierda, MaximaLongitud, NroControl, Paises, Requerido, SegmentoOrigen, SoloLectura, TabOrden, TabStop, Texto, TextoControlVacio, TextoFijo, TipoControl, TituloLabel, Visible) VALUES('', '', 81, 785, 'L', 1, 1, 0, 6, 'grdgenAtributosGenerales', 1, 'Solapa_Atri', Null, 0, 0, Null, 0, 1, @disFormularios, 1, 0, 0, 1, Null, 13, Null, 0, Null, 0, 0, 1, Null, Null, 0, 'SummaAdvDisenio.Controles.DisenioGridView', 'Atributos', 1)
INSERT INTO disControles(Alineacion, AlineacionLabel, Alto, Ancho, Ancla, Arriba, ClickNuevoBlanquea, Columna, ColumnasExtension, Control_Id, ControlaCambios, ControlParent_Id, ControlSegmento, Embebido, EsCodigoNuevo, Estilo, Fila, FilasExtension, Formulario_Id, Habilitado, Heredado, IgualaAnchoColumna, Izquierda, MaximaLongitud, NroControl, Paises, Requerido, SegmentoOrigen, SoloLectura, TabOrden, TabStop, Texto, TextoControlVacio, TextoFijo, TipoControl, TituloLabel, Visible) VALUES('', '', 0, 0, '', 0, 1, 0, 0, 'var_Auxiliar3', 1, 'frmsueCategorias', Null, 0, 0, Null, 0, 0, @disFormularios, 0, 0, 0, 0, Null, 14, Null, 1, Null, 0, -1, 0, Null, Null, 0, 'Variable', Null, 0)
--disTablas
INSERT INTO disTablas(Control_Id, EsEspecializacion, Formulario_Id, Tabla_Id, TipoControl) VALUES('grdCuerpo', 0, @disFormularios, 'Cuerpo', 'SummaAdvDisenio.Controles.DisenioGridView')
INSERT INTO disTablas(Control_Id, EsEspecializacion, Formulario_Id, Tabla_Id, TipoControl) VALUES('grdgenAtributosGenerales', 0, @disFormularios, 'genAtributosGenerales', 'SummaAdvDisenio.Controles.DisenioGridView')
INSERT INTO disTablas(Control_Id, EsEspecializacion, Formulario_Id, Tabla_Id, TipoControl) VALUES(Null, 0, @disFormularios, 'Principal', Null)
--disTablasColumnas
INSERT INTO disTablasColumnas(AdicionalControl, Columna_Id, Control_Id, EsEspecializacion, Formulario_Id, Tabla_Id, TipoControl) VALUES(Null, 'Categoria_Id', 'ctrrpo6Categoria_Id', 0, @disFormularios, 'Cuerpo', 'NoUsado')
INSERT INTO disTablasColumnas(AdicionalControl, Columna_Id, Control_Id, EsEspecializacion, Formulario_Id, Tabla_Id, TipoControl) VALUES('1', 'CateNombre_Id', 'ctrrpo6CateNombre_Id', 0, @disFormularios, 'Cuerpo', 'SummaAdvDisenio.Controles.DisenioLupaAdv')
INSERT INTO disTablasColumnas(AdicionalControl, Columna_Id, Control_Id, EsEspecializacion, Formulario_Id, Tabla_Id, TipoControl) VALUES(Null, 'DescripcionCategoria', 'ctrrpo6DescripcionCategoria', 0, @disFormularios, 'Cuerpo', 'NoUsado')
INSERT INTO disTablasColumnas(AdicionalControl, Columna_Id, Control_Id, EsEspecializacion, Formulario_Id, Tabla_Id, TipoControl) VALUES('D', 'DescripcionCateNombre', 'ctrrpo6CateNombre_Id', 0, @disFormularios, 'Cuerpo', 'SummaAdvDisenio.Controles.DisenioLupaAdv')
INSERT INTO disTablasColumnas(AdicionalControl, Columna_Id, Control_Id, EsEspecializacion, Formulario_Id, Tabla_Id, TipoControl) VALUES(Null, 'Empresa_Id', 'ctrrpo6Empresa_Id', 0, @disFormularios, 'Cuerpo', 'NoUsado')
INSERT INTO disTablasColumnas(AdicionalControl, Columna_Id, Control_Id, EsEspecializacion, Formulario_Id, Tabla_Id, TipoControl) VALUES(Null, 'Fecha_Desde', 'ctrrpo6Fecha_Desde', 0, @disFormularios, 'Cuerpo', 'NoUsado')
INSERT INTO disTablasColumnas(AdicionalControl, Columna_Id, Control_Id, EsEspecializacion, Formulario_Id, Tabla_Id, TipoControl) VALUES(Null, 'Usuario_Id', 'ctrrpo6Usuario_Id', 0, @disFormularios, 'Cuerpo', 'NoUsado')
INSERT INTO disTablasColumnas(AdicionalControl, Columna_Id, Control_Id, EsEspecializacion, Formulario_Id, Tabla_Id, TipoControl) VALUES(Null, 'Valor', 'ctrrpo6Valor', 0, @disFormularios, 'Cuerpo', 'SummaAdvDisenio.Controles.DisenioTxtNumericEditor')
INSERT INTO disTablasColumnas(AdicionalControl, Columna_Id, Control_Id, EsEspecializacion, Formulario_Id, Tabla_Id, TipoControl) VALUES(Null, 'AtributoNro', 'ctrgenAtributoNro', 0, @disFormularios, 'genAtributosGenerales', 'SummaAdvDisenio.Controles.DisenioTxtNumericEditor')
INSERT INTO disTablasColumnas(AdicionalControl, Columna_Id, Control_Id, EsEspecializacion, Formulario_Id, Tabla_Id, TipoControl) VALUES(Null, 'Descripcion', 'ctrgenDescripcion', 0, @disFormularios, 'genAtributosGenerales', 'SummaAdvDisenio.Controles.DisenioTxtEditor')
INSERT INTO disTablasColumnas(AdicionalControl, Columna_Id, Control_Id, EsEspecializacion, Formulario_Id, Tabla_Id, TipoControl) VALUES(Null, 'Tipo', 'ctrgenTipo', 0, @disFormularios, 'genAtributosGenerales', 'SummaAdvDisenio.Controles.DisenioTxtEditor')
INSERT INTO disTablasColumnas(AdicionalControl, Columna_Id, Control_Id, EsEspecializacion, Formulario_Id, Tabla_Id, TipoControl) VALUES(Null, 'ValorC', 'ctrgenValorC', 0, @disFormularios, 'genAtributosGenerales', 'SummaAdvDisenio.Controles.DisenioTxtEditor')
INSERT INTO disTablasColumnas(AdicionalControl, Columna_Id, Control_Id, EsEspecializacion, Formulario_Id, Tabla_Id, TipoControl) VALUES(Null, 'ValorF', 'ctrgenValorF', 0, @disFormularios, 'genAtributosGenerales', 'SummaAdvDisenio.Controles.DisenioDatePicker')
INSERT INTO disTablasColumnas(AdicionalControl, Columna_Id, Control_Id, EsEspecializacion, Formulario_Id, Tabla_Id, TipoControl) VALUES(Null, 'ValorN', 'ctrgenValorN', 0, @disFormularios, 'genAtributosGenerales', 'SummaAdvDisenio.Controles.DisenioTxtNumericEditor')
INSERT INTO disTablasColumnas(AdicionalControl, Columna_Id, Control_Id, EsEspecializacion, Formulario_Id, Tabla_Id, TipoControl) VALUES('1', 'Categoria_Id', 'ctrCategoria_Id', 0, @disFormularios, 'Principal', 'SummaAdvDisenio.Controles.DisenioLupaAdv')
INSERT INTO disTablasColumnas(AdicionalControl, Columna_Id, Control_Id, EsEspecializacion, Formulario_Id, Tabla_Id, TipoControl) VALUES(Null, 'Categoria_Id_Nueva', 'ctrCategoria_Id_Nueva', 0, @disFormularios, 'Principal', 'SummaAdvDisenio.Controles.DisenioTxtEditor')
INSERT INTO disTablasColumnas(AdicionalControl, Columna_Id, Control_Id, EsEspecializacion, Formulario_Id, Tabla_Id, TipoControl) VALUES(Null, 'Descripcion', 'ctrDescripcion', 0, @disFormularios, 'Principal', 'SummaAdvDisenio.Controles.DisenioTxtEditor')
INSERT INTO disTablasColumnas(AdicionalControl, Columna_Id, Control_Id, EsEspecializacion, Formulario_Id, Tabla_Id, TipoControl) VALUES('D', 'DescripcionPeriodicidad', 'ctrPeriodo_Id', 0, @disFormularios, 'Principal', 'SummaAdvDisenio.Controles.DisenioLupaAdv')
INSERT INTO disTablasColumnas(AdicionalControl, Columna_Id, Control_Id, EsEspecializacion, Formulario_Id, Tabla_Id, TipoControl) VALUES(Null, 'Empresa_Id', 'ctrEmpresa_Id', 0, @disFormularios, 'Principal', 'NoUsado')
INSERT INTO disTablasColumnas(AdicionalControl, Columna_Id, Control_Id, EsEspecializacion, Formulario_Id, Tabla_Id, TipoControl) VALUES(Null, 'Existe', 'ctrExiste', 0, @disFormularios, 'Principal', 'NoUsado')
INSERT INTO disTablasColumnas(AdicionalControl, Columna_Id, Control_Id, EsEspecializacion, Formulario_Id, Tabla_Id, TipoControl) VALUES(Null, 'Fecha', 'ctrFecha', 0, @disFormularios, 'Principal', 'SummaAdvDisenio.Controles.DisenioDatePicker')
INSERT INTO disTablasColumnas(AdicionalControl, Columna_Id, Control_Id, EsEspecializacion, Formulario_Id, Tabla_Id, TipoControl) VALUES(Null, 'Inactivo', 'ctrInactivo', 0, @disFormularios, 'Principal', 'SummaAdvDisenio.Controles.DisenioCheck')
INSERT INTO disTablasColumnas(AdicionalControl, Columna_Id, Control_Id, EsEspecializacion, Formulario_Id, Tabla_Id, TipoControl) VALUES('1', 'Periodo_Id', 'ctrPeriodo_Id', 0, @disFormularios, 'Principal', 'SummaAdvDisenio.Controles.DisenioLupaAdv')
INSERT INTO disTablasColumnas(AdicionalControl, Columna_Id, Control_Id, EsEspecializacion, Formulario_Id, Tabla_Id, TipoControl) VALUES(Null, 'Posteado', 'ctrPosteado', 0, @disFormularios, 'Principal', 'NoUsado')
INSERT INTO disTablasColumnas(AdicionalControl, Columna_Id, Control_Id, EsEspecializacion, Formulario_Id, Tabla_Id, TipoControl) VALUES(Null, 'PTodasEmpresas', 'ctrPTodasEmpresas', 0, @disFormularios, 'Principal', 'SummaAdvDisenio.Controles.DisenioCheck')
INSERT INTO disTablasColumnas(AdicionalControl, Columna_Id, Control_Id, EsEspecializacion, Formulario_Id, Tabla_Id, TipoControl) VALUES(Null, 'sueCategorias', 'ctrsueCategorias', 0, @disFormularios, 'Principal', 'NoUsado')
INSERT INTO disTablasColumnas(AdicionalControl, Columna_Id, Control_Id, EsEspecializacion, Formulario_Id, Tabla_Id, TipoControl) VALUES(Null, 'Usuario_Id', 'ctrUsuario_Id', 0, @disFormularios, 'Principal', 'NoUsado')
--disControlesSolapa
INSERT INTO disControlesSolapa(CantColumnas, CantFilas, Control_Id, Formulario_Id, FormularioPopup_Id, Parametros, Posicion, TablaPrimaria, TamanioPopup, TieneBtnCerrar, TieneBtnGuardar, TipoPopup) VALUES(6, 12, 'Solapa_Atri', @disFormularios, Null, Null, 1, Null, 'Medium', 0, 0, 'AtributosGenerales')
INSERT INTO disControlesSolapa(CantColumnas, CantFilas, Control_Id, Formulario_Id, FormularioPopup_Id, Parametros, Posicion, TablaPrimaria, TamanioPopup, TieneBtnCerrar, TieneBtnGuardar, TipoPopup) VALUES(6, 12, 'Solapa_Datos', @disFormularios, Null, Null, 0, Null, 'Medium', 0, 0, 'Ninguno')
--disControlesFilaSolapa
INSERT INTO disControlesFilaSolapa(Alto, Control_Id, Fila, Formulario_Id, TipoValor) VALUES(40, 'Solapa_Atri', 0, @disFormularios, 'A')
INSERT INTO disControlesFilaSolapa(Alto, Control_Id, Fila, Formulario_Id, TipoValor) VALUES(40, 'Solapa_Atri', 1, @disFormularios, 'A')
INSERT INTO disControlesFilaSolapa(Alto, Control_Id, Fila, Formulario_Id, TipoValor) VALUES(40, 'Solapa_Atri', 2, @disFormularios, 'A')
INSERT INTO disControlesFilaSolapa(Alto, Control_Id, Fila, Formulario_Id, TipoValor) VALUES(40, 'Solapa_Atri', 3, @disFormularios, 'A')
INSERT INTO disControlesFilaSolapa(Alto, Control_Id, Fila, Formulario_Id, TipoValor) VALUES(40, 'Solapa_Atri', 4, @disFormularios, 'A')
INSERT INTO disControlesFilaSolapa(Alto, Control_Id, Fila, Formulario_Id, TipoValor) VALUES(40, 'Solapa_Atri', 5, @disFormularios, 'A')
INSERT INTO disControlesFilaSolapa(Alto, Control_Id, Fila, Formulario_Id, TipoValor) VALUES(40, 'Solapa_Atri', 6, @disFormularios, 'A')
INSERT INTO disControlesFilaSolapa(Alto, Control_Id, Fila, Formulario_Id, TipoValor) VALUES(40, 'Solapa_Atri', 7, @disFormularios, 'A')
INSERT INTO disControlesFilaSolapa(Alto, Control_Id, Fila, Formulario_Id, TipoValor) VALUES(40, 'Solapa_Atri', 8, @disFormularios, 'A')
INSERT INTO disControlesFilaSolapa(Alto, Control_Id, Fila, Formulario_Id, TipoValor) VALUES(40, 'Solapa_Atri', 9, @disFormularios, 'A')
INSERT INTO disControlesFilaSolapa(Alto, Control_Id, Fila, Formulario_Id, TipoValor) VALUES(40, 'Solapa_Atri', 10, @disFormularios, 'A')
INSERT INTO disControlesFilaSolapa(Alto, Control_Id, Fila, Formulario_Id, TipoValor) VALUES(40, 'Solapa_Atri', 11, @disFormularios, 'A')
INSERT INTO disControlesFilaSolapa(Alto, Control_Id, Fila, Formulario_Id, TipoValor) VALUES(40, 'Solapa_Datos', 0, @disFormularios, 'A')
INSERT INTO disControlesFilaSolapa(Alto, Control_Id, Fila, Formulario_Id, TipoValor) VALUES(40, 'Solapa_Datos', 1, @disFormularios, 'A')
INSERT INTO disControlesFilaSolapa(Alto, Control_Id, Fila, Formulario_Id, TipoValor) VALUES(40, 'Solapa_Datos', 2, @disFormularios, 'A')
INSERT INTO disControlesFilaSolapa(Alto, Control_Id, Fila, Formulario_Id, TipoValor) VALUES(40, 'Solapa_Datos', 3, @disFormularios, 'A')
INSERT INTO disControlesFilaSolapa(Alto, Control_Id, Fila, Formulario_Id, TipoValor) VALUES(40, 'Solapa_Datos', 4, @disFormularios, 'A')
INSERT INTO disControlesFilaSolapa(Alto, Control_Id, Fila, Formulario_Id, TipoValor) VALUES(40, 'Solapa_Datos', 5, @disFormularios, 'A')
INSERT INTO disControlesFilaSolapa(Alto, Control_Id, Fila, Formulario_Id, TipoValor) VALUES(40, 'Solapa_Datos', 6, @disFormularios, 'A')
INSERT INTO disControlesFilaSolapa(Alto, Control_Id, Fila, Formulario_Id, TipoValor) VALUES(40, 'Solapa_Datos', 7, @disFormularios, 'A')
INSERT INTO disControlesFilaSolapa(Alto, Control_Id, Fila, Formulario_Id, TipoValor) VALUES(40, 'Solapa_Datos', 8, @disFormularios, 'A')
INSERT INTO disControlesFilaSolapa(Alto, Control_Id, Fila, Formulario_Id, TipoValor) VALUES(40, 'Solapa_Datos', 9, @disFormularios, 'A')
INSERT INTO disControlesFilaSolapa(Alto, Control_Id, Fila, Formulario_Id, TipoValor) VALUES(40, 'Solapa_Datos', 10, @disFormularios, 'A')
INSERT INTO disControlesFilaSolapa(Alto, Control_Id, Fila, Formulario_Id, TipoValor) VALUES(40, 'Solapa_Datos', 11, @disFormularios, 'A')
--disControlesColumnaSolapa
INSERT INTO disControlesColumnaSolapa(Ancho, Columna, Control_Id, Formulario_Id, TipoValor) VALUES(16, 0, 'Solapa_Atri', @disFormularios, 'P')
INSERT INTO disControlesColumnaSolapa(Ancho, Columna, Control_Id, Formulario_Id, TipoValor) VALUES(16, 1, 'Solapa_Atri', @disFormularios, 'P')
INSERT INTO disControlesColumnaSolapa(Ancho, Columna, Control_Id, Formulario_Id, TipoValor) VALUES(16, 2, 'Solapa_Atri', @disFormularios, 'P')
INSERT INTO disControlesColumnaSolapa(Ancho, Columna, Control_Id, Formulario_Id, TipoValor) VALUES(16, 3, 'Solapa_Atri', @disFormularios, 'P')
INSERT INTO disControlesColumnaSolapa(Ancho, Columna, Control_Id, Formulario_Id, TipoValor) VALUES(16, 4, 'Solapa_Atri', @disFormularios, 'P')
INSERT INTO disControlesColumnaSolapa(Ancho, Columna, Control_Id, Formulario_Id, TipoValor) VALUES(20, 5, 'Solapa_Atri', @disFormularios, 'P')
INSERT INTO disControlesColumnaSolapa(Ancho, Columna, Control_Id, Formulario_Id, TipoValor) VALUES(16, 0, 'Solapa_Datos', @disFormularios, 'P')
INSERT INTO disControlesColumnaSolapa(Ancho, Columna, Control_Id, Formulario_Id, TipoValor) VALUES(16, 1, 'Solapa_Datos', @disFormularios, 'P')
INSERT INTO disControlesColumnaSolapa(Ancho, Columna, Control_Id, Formulario_Id, TipoValor) VALUES(16, 2, 'Solapa_Datos', @disFormularios, 'P')
INSERT INTO disControlesColumnaSolapa(Ancho, Columna, Control_Id, Formulario_Id, TipoValor) VALUES(16, 3, 'Solapa_Datos', @disFormularios, 'P')
INSERT INTO disControlesColumnaSolapa(Ancho, Columna, Control_Id, Formulario_Id, TipoValor) VALUES(16, 4, 'Solapa_Datos', @disFormularios, 'P')
INSERT INTO disControlesColumnaSolapa(Ancho, Columna, Control_Id, Formulario_Id, TipoValor) VALUES(20, 5, 'Solapa_Datos', @disFormularios, 'P')
--disControlesCheckBox
INSERT INTO disControlesCheckBox(Checked, Control_Id, Formulario_Id) VALUES(0, 'ctrInactivo', @disFormularios)
INSERT INTO disControlesCheckBox(Checked, Control_Id, Formulario_Id) VALUES(0, 'ctrPTodasEmpresas', @disFormularios)
--disControlesGrilla
INSERT INTO disControlesGrilla(AccionNuevoValorNodo, AnchoColPorContenido, AnchoColumnasFijas, AnchoMinimo, AutoFormateable, ColFormatoNumericoFila, ColumnaColorFondoFila, ColumnaColorTextoFila, ColumnasFijas, ColumnasOcultas, ColumnasSoloLectura, ColumnasTotalizarCantidad, ColumnasTotalizarMaximo, ColumnasTotalizarMinimo, ColumnasTotalizarPromedio, ColumnasTotalizarSuma, Control_Id, EditaEnGrilla, EsArbol, EsGrillaAdjuntos, FilasAMostrar, Formulario_Id, NombreColCalculoTotal, PermiteAgregarFilas, PermiteBorrarFilas, PermiteEditarCeldas, RegistrosxPagina, TotalizaColumnas) VALUES('Ninguna', 0, Null, 0, 0, Null, Null, Null, Null, Null, Null, Null, Null, Null, Null, Null, 'grdCuerpo', 1, 0, 0, 0, @disFormularios, Null, 0, 0, 1, 0, 0)
INSERT INTO disControlesGrilla(AccionNuevoValorNodo, AnchoColPorContenido, AnchoColumnasFijas, AnchoMinimo, AutoFormateable, ColFormatoNumericoFila, ColumnaColorFondoFila, ColumnaColorTextoFila, ColumnasFijas, ColumnasOcultas, ColumnasSoloLectura, ColumnasTotalizarCantidad, ColumnasTotalizarMaximo, ColumnasTotalizarMinimo, ColumnasTotalizarPromedio, ColumnasTotalizarSuma, Control_Id, EditaEnGrilla, EsArbol, EsGrillaAdjuntos, FilasAMostrar, Formulario_Id, NombreColCalculoTotal, PermiteAgregarFilas, PermiteBorrarFilas, PermiteEditarCeldas, RegistrosxPagina, TotalizaColumnas) VALUES('Ninguna', 0, Null, 0, 0, Null, Null, Null, Null, Null, Null, Null, Null, Null, Null, Null, 'grdgenAtributosGenerales', 0, 0, 0, 0, @disFormularios, Null, 1, 1, 1, 0, 0)
--disControlesGrillaColumnas
INSERT INTO disControlesGrillaColumnas(Alineacion, Ancho, AnchoMinimo, AnchoVariable, AutoNumerico, ColumnaColorFondoCelda, ColumnaColorTextoCelda, CongelarTamanio, Control_Id, ControlColumna_Id, EsParamAccionBoton, EsPrimaryKey, Formato, Formulario_Id, Heredado, Identidad_Id, ItemsCombo, ModoOrdenamiento, ModoTamanioVariable, NombreCampo, Posicion, Requerido, SoloLectura, Texto, TextoColumnaVacia, TipoDato, Titulo, TotalizarCantidad, TotalizarMaximo, TotalizarMinimo, TotalizarPromedio, TotalizarSuma, Visible) VALUES('izquierda', 100, 5, 1, 0, Null, Null, 0, 'grdCuerpo', Null, 0, 0, Null, @disFormularios, 0, Null, Null, 'Automatic', 'NotSet', 'CateNombre_Id', 0, 0, 1, Null, Null, 'Int32', 'CateNombre_Id', 0, 0, 0, 0, 0, 1)
INSERT INTO disControlesGrillaColumnas(Alineacion, Ancho, AnchoMinimo, AnchoVariable, AutoNumerico, ColumnaColorFondoCelda, ColumnaColorTextoCelda, CongelarTamanio, Control_Id, ControlColumna_Id, EsParamAccionBoton, EsPrimaryKey, Formato, Formulario_Id, Heredado, Identidad_Id, ItemsCombo, ModoOrdenamiento, ModoTamanioVariable, NombreCampo, Posicion, Requerido, SoloLectura, Texto, TextoColumnaVacia, TipoDato, Titulo, TotalizarCantidad, TotalizarMaximo, TotalizarMinimo, TotalizarPromedio, TotalizarSuma, Visible) VALUES('izquierda', 100, 5, 1, 0, Null, Null, 0, 'grdCuerpo', Null, 0, 0, Null, @disFormularios, 0, Null, Null, 'Automatic', 'NotSet', 'DescripcionCateNombre', 1, 0, 1, Null, Null, 'String', 'DescripcionCateNombre', 0, 0, 0, 0, 0, 1)
INSERT INTO disControlesGrillaColumnas(Alineacion, Ancho, AnchoMinimo, AnchoVariable, AutoNumerico, ColumnaColorFondoCelda, ColumnaColorTextoCelda, CongelarTamanio, Control_Id, ControlColumna_Id, EsParamAccionBoton, EsPrimaryKey, Formato, Formulario_Id, Heredado, Identidad_Id, ItemsCombo, ModoOrdenamiento, ModoTamanioVariable, NombreCampo, Posicion, Requerido, SoloLectura, Texto, TextoColumnaVacia, TipoDato, Titulo, TotalizarCantidad, TotalizarMaximo, TotalizarMinimo, TotalizarPromedio, TotalizarSuma, Visible) VALUES('derecha', 100, 5, 1, 0, Null, Null, 0, 'grdCuerpo', Null, 0, 0, Null, @disFormularios, 0, Null, Null, 'Automatic', 'NotSet', 'Valor', 2, 0, 0, Null, Null, 'Decimal', 'Valor', 0, 0, 0, 0, 0, 1)
INSERT INTO disControlesGrillaColumnas(Alineacion, Ancho, AnchoMinimo, AnchoVariable, AutoNumerico, ColumnaColorFondoCelda, ColumnaColorTextoCelda, CongelarTamanio, Control_Id, ControlColumna_Id, EsParamAccionBoton, EsPrimaryKey, Formato, Formulario_Id, Heredado, Identidad_Id, ItemsCombo, ModoOrdenamiento, ModoTamanioVariable, NombreCampo, Posicion, Requerido, SoloLectura, Texto, TextoColumnaVacia, TipoDato, Titulo, TotalizarCantidad, TotalizarMaximo, TotalizarMinimo, TotalizarPromedio, TotalizarSuma, Visible) VALUES('izquierda', 100, 5, 1, 0, Null, Null, 0, 'grdgenAtributosGenerales', Null, 0, 0, Null, @disFormularios, 0, Null, Null, 'Automatic', 'NotSet', 'AtributoNro', 0, 0, 0, Null, Null, 'Int32', 'AtributoNro', 0, 0, 0, 0, 0, 1)
INSERT INTO disControlesGrillaColumnas(Alineacion, Ancho, AnchoMinimo, AnchoVariable, AutoNumerico, ColumnaColorFondoCelda, ColumnaColorTextoCelda, CongelarTamanio, Control_Id, ControlColumna_Id, EsParamAccionBoton, EsPrimaryKey, Formato, Formulario_Id, Heredado, Identidad_Id, ItemsCombo, ModoOrdenamiento, ModoTamanioVariable, NombreCampo, Posicion, Requerido, SoloLectura, Texto, TextoColumnaVacia, TipoDato, Titulo, TotalizarCantidad, TotalizarMaximo, TotalizarMinimo, TotalizarPromedio, TotalizarSuma, Visible) VALUES('izquierda', 100, 5, 1, 0, Null, Null, 0, 'grdgenAtributosGenerales', Null, 0, 0, Null, @disFormularios, 0, Null, Null, 'Automatic', 'NotSet', 'Descripcion', 1, 0, 0, Null, Null, 'String', 'Descripcion', 0, 0, 0, 0, 0, 1)
INSERT INTO disControlesGrillaColumnas(Alineacion, Ancho, AnchoMinimo, AnchoVariable, AutoNumerico, ColumnaColorFondoCelda, ColumnaColorTextoCelda, CongelarTamanio, Control_Id, ControlColumna_Id, EsParamAccionBoton, EsPrimaryKey, Formato, Formulario_Id, Heredado, Identidad_Id, ItemsCombo, ModoOrdenamiento, ModoTamanioVariable, NombreCampo, Posicion, Requerido, SoloLectura, Texto, TextoColumnaVacia, TipoDato, Titulo, TotalizarCantidad, TotalizarMaximo, TotalizarMinimo, TotalizarPromedio, TotalizarSuma, Visible) VALUES('izquierda', 100, 5, 1, 0, Null, Null, 0, 'grdgenAtributosGenerales', Null, 0, 0, Null, @disFormularios, 0, Null, Null, 'Automatic', 'NotSet', 'Tipo', 2, 0, 0, Null, Null, 'String', 'Tipo', 0, 0, 0, 0, 0, 1)
INSERT INTO disControlesGrillaColumnas(Alineacion, Ancho, AnchoMinimo, AnchoVariable, AutoNumerico, ColumnaColorFondoCelda, ColumnaColorTextoCelda, CongelarTamanio, Control_Id, ControlColumna_Id, EsParamAccionBoton, EsPrimaryKey, Formato, Formulario_Id, Heredado, Identidad_Id, ItemsCombo, ModoOrdenamiento, ModoTamanioVariable, NombreCampo, Posicion, Requerido, SoloLectura, Texto, TextoColumnaVacia, TipoDato, Titulo, TotalizarCantidad, TotalizarMaximo, TotalizarMinimo, TotalizarPromedio, TotalizarSuma, Visible) VALUES('izquierda', 100, 5, 1, 0, Null, Null, 0, 'grdgenAtributosGenerales', Null, 0, 0, Null, @disFormularios, 0, Null, Null, 'Automatic', 'NotSet', 'ValorC', 3, 0, 0, Null, Null, 'String', 'ValorC', 0, 0, 0, 0, 0, 1)
INSERT INTO disControlesGrillaColumnas(Alineacion, Ancho, AnchoMinimo, AnchoVariable, AutoNumerico, ColumnaColorFondoCelda, ColumnaColorTextoCelda, CongelarTamanio, Control_Id, ControlColumna_Id, EsParamAccionBoton, EsPrimaryKey, Formato, Formulario_Id, Heredado, Identidad_Id, ItemsCombo, ModoOrdenamiento, ModoTamanioVariable, NombreCampo, Posicion, Requerido, SoloLectura, Texto, TextoColumnaVacia, TipoDato, Titulo, TotalizarCantidad, TotalizarMaximo, TotalizarMinimo, TotalizarPromedio, TotalizarSuma, Visible) VALUES('izquierda', 100, 5, 1, 0, Null, Null, 0, 'grdgenAtributosGenerales', Null, 0, 0, Null, @disFormularios, 0, Null, Null, 'Automatic', 'NotSet', 'ValorF', 4, 0, 0, Null, Null, 'DateTime', 'ValorF', 0, 0, 0, 0, 0, 1)
INSERT INTO disControlesGrillaColumnas(Alineacion, Ancho, AnchoMinimo, AnchoVariable, AutoNumerico, ColumnaColorFondoCelda, ColumnaColorTextoCelda, CongelarTamanio, Control_Id, ControlColumna_Id, EsParamAccionBoton, EsPrimaryKey, Formato, Formulario_Id, Heredado, Identidad_Id, ItemsCombo, ModoOrdenamiento, ModoTamanioVariable, NombreCampo, Posicion, Requerido, SoloLectura, Texto, TextoColumnaVacia, TipoDato, Titulo, TotalizarCantidad, TotalizarMaximo, TotalizarMinimo, TotalizarPromedio, TotalizarSuma, Visible) VALUES('izquierda', 100, 5, 1, 0, Null, Null, 0, 'grdgenAtributosGenerales', Null, 0, 0, Null, @disFormularios, 0, Null, Null, 'Automatic', 'NotSet', 'ValorN', 5, 0, 0, Null, Null, 'Decimal', 'ValorN', 0, 0, 0, 0, 0, 1)
--disControlesGrupoSolapa
INSERT INTO disControlesGrupoSolapa(CantSolapas, Control_Id, Formulario_Id) VALUES(2, 'Solapas', @disFormularios)
--disControlesLupa
INSERT INTO disControlesLupa(AdicionalesCampos, AdicionalesControles, AdicionalesParametros, CamposClave, CantMaxRegAMostrar, CodigoCharCasing, CodigoMask, CodigoMaxLength, CodigoNombreColumna, CodigoRegExpression, CodigoTexto, CodigoTipo, CodigoWidth, ColumnaGrillaDescripcion, Control_Id, DescripcionCharCasing, DescripcionMaxLength, DescripcionOculta, DescripcionTexto, EsLaEntidadDelForm, Filtros, Formulario_Id, Identidad_Id, OrderBy, PermiteNoExistentes, TraePrimerRegistro, UsaAccion) VALUES(Null, Null, Null, 1, 70, 'Upper', 'Alfanumerico', 5, 'Categoria_Id', Null, Null, 'String', 100, Null, 'ctrCategoria_Id', 'Normal', 32767, 1, Null, 1, Null, @disFormularios, dbo.FuncFKlupIdentidades('sueCategorias'), Null, 0, 0, 0)
INSERT INTO disControlesLupa(AdicionalesCampos, AdicionalesControles, AdicionalesParametros, CamposClave, CantMaxRegAMostrar, CodigoCharCasing, CodigoMask, CodigoMaxLength, CodigoNombreColumna, CodigoRegExpression, CodigoTexto, CodigoTipo, CodigoWidth, ColumnaGrillaDescripcion, Control_Id, DescripcionCharCasing, DescripcionMaxLength, DescripcionOculta, DescripcionTexto, EsLaEntidadDelForm, Filtros, Formulario_Id, Identidad_Id, OrderBy, PermiteNoExistentes, TraePrimerRegistro, UsaAccion) VALUES(Null, Null, Null, 1, 70, 'Upper', 'Alfanumerico', 1, 'Periodo_Id', Null, Null, 'String', 100, Null, 'ctrPeriodo_Id', 'Normal', 32767, 0, Null, 0, Null, @disFormularios, dbo.FuncFKlupIdentidades('suePeriodos'), Null, 0, 0, 0)
--disControlesFecha
INSERT INTO disControlesFecha(Control_Id, DiasDiferenciaFecha, DiasDiferenciaFechaMaxima, DiasDiferenciaFechaMinima, Formulario_Id, ValorMaximo, ValorMinimo) VALUES('ctrFecha', Null, Null, Null, @disFormularios, 'En_Blanco', 'En_Blanco')
--disEventos
INSERT INTO disEventos(Control_Id, EsMetodo, Formulario_Id, Habilitado, Heredado, TipoEvento) VALUES('ctrCategoria_Id', 0, @disFormularios, 1, 0, 'Change')
INSERT INTO disEventos(Control_Id, EsMetodo, Formulario_Id, Habilitado, Heredado, TipoEvento) VALUES('ctrFecha', 0, @disFormularios, 1, 0, 'Change')
INSERT INTO disEventos(Control_Id, EsMetodo, Formulario_Id, Habilitado, Heredado, TipoEvento) VALUES('frmsueCategorias', 0, @disFormularios, 1, 0, 'Eliminar')
INSERT INTO disEventos(Control_Id, EsMetodo, Formulario_Id, Habilitado, Heredado, TipoEvento) VALUES('frmsueCategorias', 0, @disFormularios, 1, 0, 'Guardar')
INSERT INTO disEventos(Control_Id, EsMetodo, Formulario_Id, Habilitado, Heredado, TipoEvento) VALUES('frmsueCategorias', 0, @disFormularios, 0, 0, 'Post_Load')
--disAcciones
INSERT INTO disAcciones(Accion, Accion_Id, AccionPadre_Id, AdicionalInfo, Control_Id, ControlDestino_Id, ControlTexto_Id, EsEspecializacion, Formulario_Id, Habilitado, Heredado, OrdenAccion, Texto, TipoEvento, ValorCondicion) VALUES('Ejecutar', '727ed3a9-519f-4ee3-a400-7f33dc4252e0', Null, Null, 'ctrCategoria_Id', Null, Null, 0, @disFormularios, 1, 0, 1, 'Datos', 'Change', Null)
INSERT INTO disAcciones(Accion, Accion_Id, AccionPadre_Id, AdicionalInfo, Control_Id, ControlDestino_Id, ControlTexto_Id, EsEspecializacion, Formulario_Id, Habilitado, Heredado, OrdenAccion, Texto, TipoEvento, ValorCondicion) VALUES('Ejecutar', '997878e0-554a-4c74-9cd2-f6a0353fd428', Null, Null, 'ctrFecha', Null, Null, 0, @disFormularios, 1, 0, 2, 'DatosXFecha', 'Change', Null)
INSERT INTO disAcciones(Accion, Accion_Id, AccionPadre_Id, AdicionalInfo, Control_Id, ControlDestino_Id, ControlTexto_Id, EsEspecializacion, Formulario_Id, Habilitado, Heredado, OrdenAccion, Texto, TipoEvento, ValorCondicion) VALUES('Ejecutar', 'bd365757-24a3-4d03-bbf6-5080922705ed', Null, Null, 'frmsueCategorias', Null, Null, 0, @disFormularios, 1, 0, 3, 'Eliminar', 'Eliminar', Null)
INSERT INTO disAcciones(Accion, Accion_Id, AccionPadre_Id, AdicionalInfo, Control_Id, ControlDestino_Id, ControlTexto_Id, EsEspecializacion, Formulario_Id, Habilitado, Heredado, OrdenAccion, Texto, TipoEvento, ValorCondicion) VALUES('Ejecutar', '89797ed2-f4d5-4afd-9710-612af7626567', Null, Null, 'frmsueCategorias', Null, Null, 0, @disFormularios, 1, 0, 4, 'Guardar', 'Guardar', Null)
INSERT INTO disAcciones(Accion, Accion_Id, AccionPadre_Id, AdicionalInfo, Control_Id, ControlDestino_Id, ControlTexto_Id, EsEspecializacion, Formulario_Id, Habilitado, Heredado, OrdenAccion, Texto, TipoEvento, ValorCondicion) VALUES('EstablecerFoco', 'a59c8d82-8455-42cc-b3fa-e7976e8934a6', Null, Null, 'frmsueCategorias', 'ctrCategoria_Id', Null, 0, @disFormularios, 0, 0, 5, Null, 'Post_Load', Null)
--disAccionesTablasaEnviar
INSERT INTO disAccionesTablasaEnviar(Control_Id, Formulario_Id, OrdenAccion, Tabla_Id, TipoEvento) VALUES('ctrCategoria_Id', @disFormularios, 1, 'Principal', 'Change')
--disControlesTexto
INSERT INTO disControlesTexto(CharCasing, Control_Id, Formulario_Id, Mascara, MultiplesLineas) VALUES('Upper', 'ctrCategoria_Id_Nueva', @disFormularios, Null, 0)
INSERT INTO disControlesTexto(CharCasing, Control_Id, Formulario_Id, Mascara, MultiplesLineas) VALUES('Normal', 'ctrDescripcion', @disFormularios, Null, 0)
--disFormulariosComentarios
INSERT INTO disFormulariosComentarios(Comentario, FechaRegistro, FechaRegistroOrig, FechaUltModif, Formulario_Id, FormularioRegOrig_Id) VALUES('FM - MaxLength y EstablecerFoco', '20191016 11:44:16:893', '20191016 11:44:16:893', '20191016 11:44:16:893', @disFormularios, Null)
INSERT INTO disFormulariosComentarios(Comentario, FechaRegistro, FechaRegistroOrig, FechaUltModif, Formulario_Id, FormularioRegOrig_Id) VALUES('AO - Agregué la solapa "Atributos"', '20200930 14:52:19:967', '20200930 14:52:19:967', '20200930 14:52:19:967', @disFormularios, 'frmsueCategorias')
