Exec Borra_cuerpoForm 'frmvenConsPedidosClie'
--disFormularios
IF Exists(SELECT 1 FROM disFormularios WHERE Formulario_Id ='frmvenConsPedidosClie')
UPDATE disFormularios SET 
	Alto = 600,
	Ancho = 980,
	Arriba = 58,
	BotonCopiar = 0,
	BotonEliminar = 0,
	BotonGuardar = 0,
	BotonImprimir = 0,
	BotonNuevo = 0,
	BotonPostear = 0,
	BotonRptImprimir = 0,
	BotonRptPdf = 0,
	BotonRptVer = 0,
	BotonRptXls = 0,
	ClaseCommon = 'VentasCommon.venPedidosPorClienteDS',
	ClaseCommonEsp = Null,
	ClaseEnum = 'EnumvenPedidosPorClienteAction',
	ClaseEnumEsp = Null,
	ClaseEventos = '',
	ClaseEventosEsp = Null,
	ClaseExchange = 'VentasExchange.venPedidosPorClienteActionExchange',
	ClaseExchangeEsp = Null,
	CodigoLnk = 'frmvenConsPedidosClie',
	Descripcion = 'Consulta de Pedidos por Cliente',
	DllCommon = 'VentasCommon',
	DllCommonEsp = Null,
	DllEventos = '',
	DllEventosEsp = Null,
	DllExchange = 'VentasExchange',
	DllExchangeEsp = Null,
	Especializacion = Null,
	Formulario_Id = 'frmvenConsPedidosClie',
	FormularioPadre_Id = null ,
	GuardaeImprime = 0,
	Inactivo = 0,
	Izquierda = 3,
	PosicionInicial = 'D',
	Posteado = 1,
	Tabla_Id = '',
	TipoEspecial = Null,
	Titulo = 'Consulta_de_Pedidos_por_Cliente',
	UltimaModif = '20201217 15:30:40:667',
	Usuario_Id = 1,
	Version = 'V2'
	WHERE Formulario_Id ='frmvenConsPedidosClie'
ELSE
	INSERT INTO disFormularios(Alto, Ancho, Arriba, BotonCopiar, BotonEliminar, BotonGuardar, BotonImprimir, BotonNuevo, BotonPostear, BotonRptImprimir, BotonRptPdf, BotonRptVer, BotonRptXls, ClaseCommon, ClaseCommonEsp, ClaseEnum, ClaseEnumEsp, ClaseEventos, ClaseEventosEsp, ClaseExchange, ClaseExchangeEsp, CodigoLnk, Descripcion, DllCommon, DllCommonEsp, DllEventos, DllEventosEsp, DllExchange, DllExchangeEsp, Especializacion, Formulario_Id, FormularioPadre_Id, GuardaeImprime, Inactivo, Izquierda, PosicionInicial, Posteado, Tabla_Id, TipoEspecial, Titulo, UltimaModif, Usuario_Id, Version) VALUES(600, 980, 58, 0, 0, 0, 0, 0, 0, 0, 0, 0, 0, 'VentasCommon.venPedidosPorClienteDS', Null, 'EnumvenPedidosPorClienteAction', Null, '', Null, 'VentasExchange.venPedidosPorClienteActionExchange', Null, 'frmvenConsPedidosClie', 'Consulta de Pedidos por Cliente', 'VentasCommon', Null, '', Null, 'VentasExchange', Null, Null, 'frmvenConsPedidosClie', Null, 0, 0, 3, 'D', 1, '', Null, 'Consulta_de_Pedidos_por_Cliente', '20201217 15:30:40:667', 1, 'V2')
Declare @disFormularios int 
set @disFormularios = dbo.FuncFKdisFormularios('frmvenConsPedidosClie')
--disControles
IF NOT Exists(SELECT 1 FROM disControles Where Formulario_Id =  @disFormularios and Control_Id ='frmvenConsPedidosClie')
	INSERT INTO disControles(Alineacion, AlineacionLabel, Alto, Ancho, Ancla, Arriba, ClickNuevoBlanquea, Columna, ColumnasExtension, Control_Id, ControlaCambios, ControlParent_Id, ControlSegmento, Embebido, EsCodigoNuevo, Estilo, Fila, FilasExtension, Formulario_Id, Habilitado, Heredado, IgualaAnchoColumna, Izquierda, MaximaLongitud, NroControl, Paises, Requerido, SegmentoOrigen, SoloLectura, TabOrden, TabStop, Texto, TextoControlVacio, TextoFijo, TipoControl, TituloLabel, Visible) VALUES('', Null, 600, 980, 'T,L', 58, 1, 0, 0, 'frmvenConsPedidosClie', 1, Null, Null, 0, 0, Null, 0, 0, @disFormularios, 1, 0, 0, 3, 0, 0, Null, 0, Null, 0, 0, 1, 'Consulta_de_Pedidos_por_Cliente', Null, 0, 'frm', Null, 1)
INSERT INTO disControles(Alineacion, AlineacionLabel, Alto, Ancho, Ancla, Arriba, ClickNuevoBlanquea, Columna, ColumnasExtension, Control_Id, ControlaCambios, ControlParent_Id, ControlSegmento, Embebido, EsCodigoNuevo, Estilo, Fila, FilasExtension, Formulario_Id, Habilitado, Heredado, IgualaAnchoColumna, Izquierda, MaximaLongitud, NroControl, Paises, Requerido, SegmentoOrigen, SoloLectura, TabOrden, TabStop, Texto, TextoControlVacio, TextoFijo, TipoControl, TituloLabel, Visible) VALUES('', '', 561, 964, 'L', 0, 1, 0, 0, 'Solapas', 1, 'frmvenConsPedidosClie', Null, 0, 0, Null, 0, 0, @disFormularios, 1, 0, 0, 0, Null, 1, Null, 1, Null, 0, 0, 1, Null, Null, 0, 'SummaAdvDisenio.Controles.DisenioTabControl', Null, 1)
INSERT INTO disControles(Alineacion, AlineacionLabel, Alto, Ancho, Ancla, Arriba, ClickNuevoBlanquea, Columna, ColumnasExtension, Control_Id, ControlaCambios, ControlParent_Id, ControlSegmento, Embebido, EsCodigoNuevo, Estilo, Fila, FilasExtension, Formulario_Id, Habilitado, Heredado, IgualaAnchoColumna, Izquierda, MaximaLongitud, NroControl, Paises, Requerido, SegmentoOrigen, SoloLectura, TabOrden, TabStop, Texto, TextoControlVacio, TextoFijo, TipoControl, TituloLabel, Visible) VALUES('', '', 535, 956, 'L', 22, 1, 0, 0, 'Solapa_Datos', 1, 'Solapas', Null, 0, 0, Null, 0, 0, @disFormularios, 1, 0, 0, 4, Null, 2, Null, 1, Null, 0, 0, 0, 'Datos', Null, 0, 'System.Windows.Forms.TabPage', Null, 1)
INSERT INTO disControles(Alineacion, AlineacionLabel, Alto, Ancho, Ancla, Arriba, ClickNuevoBlanquea, Columna, ColumnasExtension, Control_Id, ControlaCambios, ControlParent_Id, ControlSegmento, Embebido, EsCodigoNuevo, Estilo, Fila, FilasExtension, Formulario_Id, Habilitado, Heredado, IgualaAnchoColumna, Izquierda, MaximaLongitud, NroControl, Paises, Requerido, SegmentoOrigen, SoloLectura, TabOrden, TabStop, Texto, TextoControlVacio, TextoFijo, TipoControl, TituloLabel, Visible) VALUES('', 'Izquierda', 37, 314, 'L', 1, 1, 0, 2, 'ctrCliente_Id', 1, 'Solapa_Datos', Null, 0, 0, 'Default', 0, 1, @disFormularios, 1, 0, 1, 1, Null, 4, Null, 0, Null, 0, 0, 1, Null, Null, 0, 'SummaAdvDisenio.Controles.DisenioLupaAdv', 'Cliente_Id', 1)
INSERT INTO disControles(Alineacion, AlineacionLabel, Alto, Ancho, Ancla, Arriba, ClickNuevoBlanquea, Columna, ColumnasExtension, Control_Id, ControlaCambios, ControlParent_Id, ControlSegmento, Embebido, EsCodigoNuevo, Estilo, Fila, FilasExtension, Formulario_Id, Habilitado, Heredado, IgualaAnchoColumna, Izquierda, MaximaLongitud, NroControl, Paises, Requerido, SegmentoOrigen, SoloLectura, TabOrden, TabStop, Texto, TextoControlVacio, TextoFijo, TipoControl, TituloLabel, Visible) VALUES('', '', 17, 67, 'L', 16, 1, 2, 1, 'ctrHistorico', 1, 'Solapa_Datos', Null, 0, 0, 'Default', 0, 1, @disFormularios, 1, 0, 0, 38, Null, 5, Null, 0, Null, 0, 0, 1, 'Historico', Null, 0, 'SummaAdvDisenio.Controles.DisenioCheck', Null, 1)
INSERT INTO disControles(Alineacion, AlineacionLabel, Alto, Ancho, Ancla, Arriba, ClickNuevoBlanquea, Columna, ColumnasExtension, Control_Id, ControlaCambios, ControlParent_Id, ControlSegmento, Embebido, EsCodigoNuevo, Estilo, Fila, FilasExtension, Formulario_Id, Habilitado, Heredado, IgualaAnchoColumna, Izquierda, MaximaLongitud, NroControl, Paises, Requerido, SegmentoOrigen, SoloLectura, TabOrden, TabStop, Texto, TextoControlVacio, TextoFijo, TipoControl, TituloLabel, Visible) VALUES('', 'Izquierda', 35, 155, 'L', 1, 1, 3, 1, 'ctrFechaDesde', 1, 'Solapa_Datos', Null, 0, 0, 'Default', 0, 1, @disFormularios, 1, 0, 1, 1, Null, 6, Null, 0, Null, 0, 0, 1, 'Primer_Dia_Anio', Null, 0, 'SummaAdvDisenio.Controles.DisenioDatePicker', 'FechaDesde', 0)
INSERT INTO disControles(Alineacion, AlineacionLabel, Alto, Ancho, Ancla, Arriba, ClickNuevoBlanquea, Columna, ColumnasExtension, Control_Id, ControlaCambios, ControlParent_Id, ControlSegmento, Embebido, EsCodigoNuevo, Estilo, Fila, FilasExtension, Formulario_Id, Habilitado, Heredado, IgualaAnchoColumna, Izquierda, MaximaLongitud, NroControl, Paises, Requerido, SegmentoOrigen, SoloLectura, TabOrden, TabStop, Texto, TextoControlVacio, TextoFijo, TipoControl, TituloLabel, Visible) VALUES('', 'Izquierda', 35, 155, 'L', 1, 1, 4, 1, 'ctrFechaHasta', 1, 'Solapa_Datos', Null, 0, 0, 'Default', 0, 1, @disFormularios, 1, 0, 1, 1, Null, 7, Null, 0, Null, 0, 0, 1, 'Hoy', Null, 0, 'SummaAdvDisenio.Controles.DisenioDatePicker', 'FechaHasta', 0)
INSERT INTO disControles(Alineacion, AlineacionLabel, Alto, Ancho, Ancla, Arriba, ClickNuevoBlanquea, Columna, ColumnasExtension, Control_Id, ControlaCambios, ControlParent_Id, ControlSegmento, Embebido, EsCodigoNuevo, Estilo, Fila, FilasExtension, Formulario_Id, Habilitado, Heredado, IgualaAnchoColumna, Izquierda, MaximaLongitud, NroControl, Paises, Requerido, SegmentoOrigen, SoloLectura, TabOrden, TabStop, Texto, TextoControlVacio, TextoFijo, TipoControl, TituloLabel, Visible) VALUES('', '', 81, 952, 'L', 1, 1, 0, 6, 'grdPedidos', 1, 'Solapa_Datos', Null, 0, 0, Null, 1, 1, @disFormularios, 1, 0, 0, 1, Null, 8, Null, 0, Null, 0, 0, 1, Null, Null, 0, 'SummaAdvDisenio.Controles.DisenioGridView', 'Pedidos', 1)
INSERT INTO disControles(Alineacion, AlineacionLabel, Alto, Ancho, Ancla, Arriba, ClickNuevoBlanquea, Columna, ColumnasExtension, Control_Id, ControlaCambios, ControlParent_Id, ControlSegmento, Embebido, EsCodigoNuevo, Estilo, Fila, FilasExtension, Formulario_Id, Habilitado, Heredado, IgualaAnchoColumna, Izquierda, MaximaLongitud, NroControl, Paises, Requerido, SegmentoOrigen, SoloLectura, TabOrden, TabStop, Texto, TextoControlVacio, TextoFijo, TipoControl, TituloLabel, Visible) VALUES('', '', 0, 0, '', 0, 1, 0, 0, 'var_Auxiliar1', 1, 'frmvenConsPedidosClie', Null, 0, 0, Null, 0, 0, @disFormularios, 0, 0, 0, 0, Null, 8, Null, 1, Null, 0, -1, 0, Null, Null, 0, 'Variable', Null, 0)
INSERT INTO disControles(Alineacion, AlineacionLabel, Alto, Ancho, Ancla, Arriba, ClickNuevoBlanquea, Columna, ColumnasExtension, Control_Id, ControlaCambios, ControlParent_Id, ControlSegmento, Embebido, EsCodigoNuevo, Estilo, Fila, FilasExtension, Formulario_Id, Habilitado, Heredado, IgualaAnchoColumna, Izquierda, MaximaLongitud, NroControl, Paises, Requerido, SegmentoOrigen, SoloLectura, TabOrden, TabStop, Texto, TextoControlVacio, TextoFijo, TipoControl, TituloLabel, Visible) VALUES('', '', 0, 0, '', 0, 1, 0, 0, 'var_Auxiliar2', 1, 'frmvenConsPedidosClie', Null, 0, 0, Null, 0, 0, @disFormularios, 0, 0, 0, 0, Null, 9, Null, 1, Null, 0, -1, 0, Null, Null, 0, 'Variable', Null, 0)
INSERT INTO disControles(Alineacion, AlineacionLabel, Alto, Ancho, Ancla, Arriba, ClickNuevoBlanquea, Columna, ColumnasExtension, Control_Id, ControlaCambios, ControlParent_Id, ControlSegmento, Embebido, EsCodigoNuevo, Estilo, Fila, FilasExtension, Formulario_Id, Habilitado, Heredado, IgualaAnchoColumna, Izquierda, MaximaLongitud, NroControl, Paises, Requerido, SegmentoOrigen, SoloLectura, TabOrden, TabStop, Texto, TextoControlVacio, TextoFijo, TipoControl, TituloLabel, Visible) VALUES('', '', 81, 952, 'L', 1, 1, 0, 6, 'grdProductos', 1, 'Solapa_Datos', Null, 0, 0, Null, 2, 1, @disFormularios, 1, 0, 0, 1, Null, 9, Null, 0, Null, 0, 0, 1, Null, Null, 0, 'SummaAdvDisenio.Controles.DisenioGridView', 'Productos', 1)
INSERT INTO disControles(Alineacion, AlineacionLabel, Alto, Ancho, Ancla, Arriba, ClickNuevoBlanquea, Columna, ColumnasExtension, Control_Id, ControlaCambios, ControlParent_Id, ControlSegmento, Embebido, EsCodigoNuevo, Estilo, Fila, FilasExtension, Formulario_Id, Habilitado, Heredado, IgualaAnchoColumna, Izquierda, MaximaLongitud, NroControl, Paises, Requerido, SegmentoOrigen, SoloLectura, TabOrden, TabStop, Texto, TextoControlVacio, TextoFijo, TipoControl, TituloLabel, Visible) VALUES('', '', 0, 0, '', 0, 1, 0, 0, 'var_Auxiliar3', 1, 'frmvenConsPedidosClie', Null, 0, 0, Null, 0, 0, @disFormularios, 0, 0, 0, 0, Null, 10, Null, 1, Null, 0, -1, 0, Null, Null, 0, 'Variable', Null, 0)
--disTablas
INSERT INTO disTablas(Control_Id, EsEspecializacion, Formulario_Id, Tabla_Id, TipoControl) VALUES('grdPedidos', 0, @disFormularios, 'Pedidos', 'SummaAdvDisenio.Controles.DisenioGridView')
INSERT INTO disTablas(Control_Id, EsEspecializacion, Formulario_Id, Tabla_Id, TipoControl) VALUES(Null, 0, @disFormularios, 'Principal', Null)
INSERT INTO disTablas(Control_Id, EsEspecializacion, Formulario_Id, Tabla_Id, TipoControl) VALUES('grdProductos', 0, @disFormularios, 'Productos', 'SummaAdvDisenio.Controles.DisenioGridView')
--disTablasColumnas
INSERT INTO disTablasColumnas(AdicionalControl, Columna_Id, Control_Id, EsEspecializacion, Formulario_Id, Tabla_Id, TipoControl) VALUES(Null, 'CliOrdenCompra', 'ctrdos7CliOrdenCompra', 0, @disFormularios, 'Pedidos', 'SummaAdvDisenio.Controles.DisenioTxtEditor')
INSERT INTO disTablasColumnas(AdicionalControl, Columna_Id, Control_Id, EsEspecializacion, Formulario_Id, Tabla_Id, TipoControl) VALUES(Null, 'Estado', 'ctrdos7Estado', 0, @disFormularios, 'Pedidos', 'SummaAdvDisenio.Controles.DisenioTxtEditor')
INSERT INTO disTablasColumnas(AdicionalControl, Columna_Id, Control_Id, EsEspecializacion, Formulario_Id, Tabla_Id, TipoControl) VALUES(Null, 'Fecha', 'ctrdos7Fecha', 0, @disFormularios, 'Pedidos', 'SummaAdvDisenio.Controles.DisenioDatePicker')
INSERT INTO disTablasColumnas(AdicionalControl, Columna_Id, Control_Id, EsEspecializacion, Formulario_Id, Tabla_Id, TipoControl) VALUES(Null, 'ImporteTotal', 'ctrdos7ImporteTotal', 0, @disFormularios, 'Pedidos', 'SummaAdvDisenio.Controles.DisenioTxtNumericEditor')
INSERT INTO disTablasColumnas(AdicionalControl, Columna_Id, Control_Id, EsEspecializacion, Formulario_Id, Tabla_Id, TipoControl) VALUES(Null, 'Moneda_Id', 'ctrdos7Moneda_Id', 0, @disFormularios, 'Pedidos', 'SummaAdvDisenio.Controles.DisenioTxtEditor')
INSERT INTO disTablasColumnas(AdicionalControl, Columna_Id, Control_Id, EsEspecializacion, Formulario_Id, Tabla_Id, TipoControl) VALUES(Null, 'Observaciones', 'ctrdos7Observaciones', 0, @disFormularios, 'Pedidos', 'SummaAdvDisenio.Controles.DisenioTxtEditor')
INSERT INTO disTablasColumnas(AdicionalControl, Columna_Id, Control_Id, EsEspecializacion, Formulario_Id, Tabla_Id, TipoControl) VALUES(Null, 'Segmento', 'ctrdos7Segmento', 0, @disFormularios, 'Pedidos', 'SummaAdvDisenio.Controles.DisenioTxtEditor')
INSERT INTO disTablasColumnas(AdicionalControl, Columna_Id, Control_Id, EsEspecializacion, Formulario_Id, Tabla_Id, TipoControl) VALUES(Null, 'Usuario', 'ctrdos7Usuario', 0, @disFormularios, 'Pedidos', 'SummaAdvDisenio.Controles.DisenioTxtEditor')
INSERT INTO disTablasColumnas(AdicionalControl, Columna_Id, Control_Id, EsEspecializacion, Formulario_Id, Tabla_Id, TipoControl) VALUES('1', 'Cliente_Id', 'ctrCliente_Id', 0, @disFormularios, 'Principal', 'SummaAdvDisenio.Controles.DisenioLupaAdv')
INSERT INTO disTablasColumnas(AdicionalControl, Columna_Id, Control_Id, EsEspecializacion, Formulario_Id, Tabla_Id, TipoControl) VALUES(Null, 'Existe', 'ctrExiste', 0, @disFormularios, 'Principal', 'NoUsado')
INSERT INTO disTablasColumnas(AdicionalControl, Columna_Id, Control_Id, EsEspecializacion, Formulario_Id, Tabla_Id, TipoControl) VALUES(Null, 'FechaDesde', 'ctrFechaDesde', 0, @disFormularios, 'Principal', 'SummaAdvDisenio.Controles.DisenioDatePicker')
INSERT INTO disTablasColumnas(AdicionalControl, Columna_Id, Control_Id, EsEspecializacion, Formulario_Id, Tabla_Id, TipoControl) VALUES(Null, 'FechaHasta', 'ctrFechaHasta', 0, @disFormularios, 'Principal', 'SummaAdvDisenio.Controles.DisenioDatePicker')
INSERT INTO disTablasColumnas(AdicionalControl, Columna_Id, Control_Id, EsEspecializacion, Formulario_Id, Tabla_Id, TipoControl) VALUES(Null, 'Historico', 'ctrHistorico', 0, @disFormularios, 'Principal', 'SummaAdvDisenio.Controles.DisenioCheck')
INSERT INTO disTablasColumnas(AdicionalControl, Columna_Id, Control_Id, EsEspecializacion, Formulario_Id, Tabla_Id, TipoControl) VALUES('D', 'RazonSocial', 'ctrCliente_Id', 0, @disFormularios, 'Principal', 'SummaAdvDisenio.Controles.DisenioLupaAdv')
INSERT INTO disTablasColumnas(AdicionalControl, Columna_Id, Control_Id, EsEspecializacion, Formulario_Id, Tabla_Id, TipoControl) VALUES(Null, 'Descripcion', 'ctrtos9Descripcion', 0, @disFormularios, 'Productos', 'SummaAdvDisenio.Controles.DisenioTxtEditor')
INSERT INTO disTablasColumnas(AdicionalControl, Columna_Id, Control_Id, EsEspecializacion, Formulario_Id, Tabla_Id, TipoControl) VALUES(Null, 'Moneda_Id', 'ctrtos9Moneda_Id', 0, @disFormularios, 'Productos', 'SummaAdvDisenio.Controles.DisenioTxtEditor')
INSERT INTO disTablasColumnas(AdicionalControl, Columna_Id, Control_Id, EsEspecializacion, Formulario_Id, Tabla_Id, TipoControl) VALUES(Null, 'Pedidos', 'ctrtos9Pedidos', 0, @disFormularios, 'Productos', 'SummaAdvDisenio.Controles.DisenioTxtNumericEditor')
INSERT INTO disTablasColumnas(AdicionalControl, Columna_Id, Control_Id, EsEspecializacion, Formulario_Id, Tabla_Id, TipoControl) VALUES(Null, 'Precio', 'ctrtos9Precio', 0, @disFormularios, 'Productos', 'SummaAdvDisenio.Controles.DisenioTxtNumericEditor')
INSERT INTO disTablasColumnas(AdicionalControl, Columna_Id, Control_Id, EsEspecializacion, Formulario_Id, Tabla_Id, TipoControl) VALUES(Null, 'Producto_Id', 'ctrtos9Producto_Id', 0, @disFormularios, 'Productos', 'SummaAdvDisenio.Controles.DisenioTxtEditor')
INSERT INTO disTablasColumnas(AdicionalControl, Columna_Id, Control_Id, EsEspecializacion, Formulario_Id, Tabla_Id, TipoControl) VALUES(Null, 'Remitidos', 'ctrtos9Remitidos', 0, @disFormularios, 'Productos', 'SummaAdvDisenio.Controles.DisenioTxtNumericEditor')
--disControlesSolapa
INSERT INTO disControlesSolapa(CantColumnas, CantFilas, Control_Id, Formulario_Id, FormularioPopup_Id, Parametros, Posicion, TablaPrimaria, TamanioPopup, TieneBtnCerrar, TieneBtnGuardar, TipoPopup) VALUES(6, 12, 'Solapa_Datos', @disFormularios, Null, Null, 0, Null, 'Medium', 0, 0, 'Ninguno')
--disControlesFilaSolapa
INSERT INTO disControlesFilaSolapa(Alto, Control_Id, Fila, Formulario_Id, TipoValor) VALUES(40, 'Solapa_Datos', 0, @disFormularios, 'A')
INSERT INTO disControlesFilaSolapa(Alto, Control_Id, Fila, Formulario_Id, TipoValor) VALUES(40, 'Solapa_Datos', 1, @disFormularios, 'A')
INSERT INTO disControlesFilaSolapa(Alto, Control_Id, Fila, Formulario_Id, TipoValor) VALUES(40, 'Solapa_Datos', 2, @disFormularios, 'A')
INSERT INTO disControlesFilaSolapa(Alto, Control_Id, Fila, Formulario_Id, TipoValor) VALUES(40, 'Solapa_Datos', 3, @disFormularios, 'A')
INSERT INTO disControlesFilaSolapa(Alto, Control_Id, Fila, Formulario_Id, TipoValor) VALUES(40, 'Solapa_Datos', 4, @disFormularios, 'A')
INSERT INTO disControlesFilaSolapa(Alto, Control_Id, Fila, Formulario_Id, TipoValor) VALUES(40, 'Solapa_Datos', 5, @disFormularios, 'A')
INSERT INTO disControlesFilaSolapa(Alto, Control_Id, Fila, Formulario_Id, TipoValor) VALUES(40, 'Solapa_Datos', 6, @disFormularios, 'A')
INSERT INTO disControlesFilaSolapa(Alto, Control_Id, Fila, Formulario_Id, TipoValor) VALUES(40, 'Solapa_Datos', 7, @disFormularios, 'A')
INSERT INTO disControlesFilaSolapa(Alto, Control_Id, Fila, Formulario_Id, TipoValor) VALUES(40, 'Solapa_Datos', 8, @disFormularios, 'A')
INSERT INTO disControlesFilaSolapa(Alto, Control_Id, Fila, Formulario_Id, TipoValor) VALUES(40, 'Solapa_Datos', 9, @disFormularios, 'A')
INSERT INTO disControlesFilaSolapa(Alto, Control_Id, Fila, Formulario_Id, TipoValor) VALUES(40, 'Solapa_Datos', 10, @disFormularios, 'A')
INSERT INTO disControlesFilaSolapa(Alto, Control_Id, Fila, Formulario_Id, TipoValor) VALUES(40, 'Solapa_Datos', 11, @disFormularios, 'A')
--disControlesColumnaSolapa
INSERT INTO disControlesColumnaSolapa(Ancho, Columna, Control_Id, Formulario_Id, TipoValor) VALUES(16, 0, 'Solapa_Datos', @disFormularios, 'P')
INSERT INTO disControlesColumnaSolapa(Ancho, Columna, Control_Id, Formulario_Id, TipoValor) VALUES(16, 1, 'Solapa_Datos', @disFormularios, 'P')
INSERT INTO disControlesColumnaSolapa(Ancho, Columna, Control_Id, Formulario_Id, TipoValor) VALUES(16, 2, 'Solapa_Datos', @disFormularios, 'P')
INSERT INTO disControlesColumnaSolapa(Ancho, Columna, Control_Id, Formulario_Id, TipoValor) VALUES(16, 3, 'Solapa_Datos', @disFormularios, 'P')
INSERT INTO disControlesColumnaSolapa(Ancho, Columna, Control_Id, Formulario_Id, TipoValor) VALUES(16, 4, 'Solapa_Datos', @disFormularios, 'P')
INSERT INTO disControlesColumnaSolapa(Ancho, Columna, Control_Id, Formulario_Id, TipoValor) VALUES(20, 5, 'Solapa_Datos', @disFormularios, 'P')
--disControlesCheckBox
INSERT INTO disControlesCheckBox(Checked, Control_Id, Formulario_Id) VALUES(0, 'ctrHistorico', @disFormularios)
--disControlesGrilla
INSERT INTO disControlesGrilla(AccionNuevoValorNodo, AnchoColPorContenido, AnchoColumnasFijas, AnchoMinimo, AutoFormateable, ColFormatoNumericoFila, ColumnaColorFondoFila, ColumnaColorTextoFila, ColumnasFijas, ColumnasOcultas, ColumnasSoloLectura, ColumnasTotalizarCantidad, ColumnasTotalizarMaximo, ColumnasTotalizarMinimo, ColumnasTotalizarPromedio, ColumnasTotalizarSuma, Control_Id, EditaEnGrilla, EsArbol, EsGrillaAdjuntos, FilasAMostrar, Formulario_Id, NombreColCalculoTotal, PermiteAgregarFilas, PermiteBorrarFilas, PermiteEditarCeldas, RegistrosxPagina, TotalizaColumnas) VALUES('Ninguna', 0, Null, 0, 0, Null, Null, Null, Null, Null, Null, Null, Null, Null, Null, Null, 'grdPedidos', 1, 0, 0, 0, @disFormularios, Null, 0, 0, 1, 0, 0)
INSERT INTO disControlesGrilla(AccionNuevoValorNodo, AnchoColPorContenido, AnchoColumnasFijas, AnchoMinimo, AutoFormateable, ColFormatoNumericoFila, ColumnaColorFondoFila, ColumnaColorTextoFila, ColumnasFijas, ColumnasOcultas, ColumnasSoloLectura, ColumnasTotalizarCantidad, ColumnasTotalizarMaximo, ColumnasTotalizarMinimo, ColumnasTotalizarPromedio, ColumnasTotalizarSuma, Control_Id, EditaEnGrilla, EsArbol, EsGrillaAdjuntos, FilasAMostrar, Formulario_Id, NombreColCalculoTotal, PermiteAgregarFilas, PermiteBorrarFilas, PermiteEditarCeldas, RegistrosxPagina, TotalizaColumnas) VALUES('Ninguna', 0, Null, 0, 0, Null, Null, Null, Null, Null, Null, Null, Null, Null, Null, Null, 'grdProductos', 0, 0, 0, 0, @disFormularios, Null, 0, 0, 0, 0, 0)
--disControlesGrillaColumnas
INSERT INTO disControlesGrillaColumnas(Alineacion, Ancho, AnchoMinimo, AnchoVariable, AutoNumerico, ColumnaColorFondoCelda, ColumnaColorTextoCelda, CongelarTamanio, Control_Id, ControlColumna_Id, EsParamAccionBoton, EsPrimaryKey, Formato, Formulario_Id, Heredado, Identidad_Id, ItemsCombo, ModoOrdenamiento, ModoTamanioVariable, NombreCampo, Posicion, Requerido, SoloLectura, Texto, TextoColumnaVacia, TipoDato, Titulo, TotalizarCantidad, TotalizarMaximo, TotalizarMinimo, TotalizarPromedio, TotalizarSuma, Visible) VALUES('izquierda', 100, 5, 1, 0, Null, Null, 0, 'grdPedidos', Null, 0, 0, Null, @disFormularios, 0, Null, Null, 'Automatic', 'NotSet', 'CliOrdenCompra', 6, 0, 0, Null, Null, 'String', 'CliOrdenCompra', 0, 0, 0, 0, 0, 1)
INSERT INTO disControlesGrillaColumnas(Alineacion, Ancho, AnchoMinimo, AnchoVariable, AutoNumerico, ColumnaColorFondoCelda, ColumnaColorTextoCelda, CongelarTamanio, Control_Id, ControlColumna_Id, EsParamAccionBoton, EsPrimaryKey, Formato, Formulario_Id, Heredado, Identidad_Id, ItemsCombo, ModoOrdenamiento, ModoTamanioVariable, NombreCampo, Posicion, Requerido, SoloLectura, Texto, TextoColumnaVacia, TipoDato, Titulo, TotalizarCantidad, TotalizarMaximo, TotalizarMinimo, TotalizarPromedio, TotalizarSuma, Visible) VALUES('izquierda', 100, 5, 1, 0, Null, Null, 0, 'grdPedidos', Null, 0, 0, Null, @disFormularios, 0, Null, Null, 'Automatic', 'NotSet', 'Estado', 2, 0, 1, Null, Null, 'String', 'Estado', 0, 0, 0, 0, 0, 1)
INSERT INTO disControlesGrillaColumnas(Alineacion, Ancho, AnchoMinimo, AnchoVariable, AutoNumerico, ColumnaColorFondoCelda, ColumnaColorTextoCelda, CongelarTamanio, Control_Id, ControlColumna_Id, EsParamAccionBoton, EsPrimaryKey, Formato, Formulario_Id, Heredado, Identidad_Id, ItemsCombo, ModoOrdenamiento, ModoTamanioVariable, NombreCampo, Posicion, Requerido, SoloLectura, Texto, TextoColumnaVacia, TipoDato, Titulo, TotalizarCantidad, TotalizarMaximo, TotalizarMinimo, TotalizarPromedio, TotalizarSuma, Visible) VALUES('izquierda', 100, 5, 1, 0, Null, Null, 0, 'grdPedidos', Null, 0, 0, Null, @disFormularios, 0, Null, Null, 'Automatic', 'NotSet', 'Fecha', 0, 0, 1, Null, Null, 'DateTime', 'Fecha', 0, 0, 0, 0, 0, 1)
INSERT INTO disControlesGrillaColumnas(Alineacion, Ancho, AnchoMinimo, AnchoVariable, AutoNumerico, ColumnaColorFondoCelda, ColumnaColorTextoCelda, CongelarTamanio, Control_Id, ControlColumna_Id, EsParamAccionBoton, EsPrimaryKey, Formato, Formulario_Id, Heredado, Identidad_Id, ItemsCombo, ModoOrdenamiento, ModoTamanioVariable, NombreCampo, Posicion, Requerido, SoloLectura, Texto, TextoColumnaVacia, TipoDato, Titulo, TotalizarCantidad, TotalizarMaximo, TotalizarMinimo, TotalizarPromedio, TotalizarSuma, Visible) VALUES('izquierda', 100, 5, 1, 0, Null, Null, 0, 'grdPedidos', Null, 0, 0, Null, @disFormularios, 0, Null, Null, 'NotSortable', 'NotSet', 'grdPedidos_btn1', 8, 0, 0, Null, Null, 'Button', 'Ver', 0, 0, 0, 0, 0, 1)
INSERT INTO disControlesGrillaColumnas(Alineacion, Ancho, AnchoMinimo, AnchoVariable, AutoNumerico, ColumnaColorFondoCelda, ColumnaColorTextoCelda, CongelarTamanio, Control_Id, ControlColumna_Id, EsParamAccionBoton, EsPrimaryKey, Formato, Formulario_Id, Heredado, Identidad_Id, ItemsCombo, ModoOrdenamiento, ModoTamanioVariable, NombreCampo, Posicion, Requerido, SoloLectura, Texto, TextoColumnaVacia, TipoDato, Titulo, TotalizarCantidad, TotalizarMaximo, TotalizarMinimo, TotalizarPromedio, TotalizarSuma, Visible) VALUES('derecha', 100, 5, 1, 0, Null, Null, 0, 'grdPedidos', Null, 0, 0, 'NM2', @disFormularios, 0, Null, Null, 'Automatic', 'NotSet', 'ImporteTotal', 3, 0, 1, Null, Null, 'Decimal', 'ImporteTotal', 0, 0, 0, 0, 0, 1)
INSERT INTO disControlesGrillaColumnas(Alineacion, Ancho, AnchoMinimo, AnchoVariable, AutoNumerico, ColumnaColorFondoCelda, ColumnaColorTextoCelda, CongelarTamanio, Control_Id, ControlColumna_Id, EsParamAccionBoton, EsPrimaryKey, Formato, Formulario_Id, Heredado, Identidad_Id, ItemsCombo, ModoOrdenamiento, ModoTamanioVariable, NombreCampo, Posicion, Requerido, SoloLectura, Texto, TextoColumnaVacia, TipoDato, Titulo, TotalizarCantidad, TotalizarMaximo, TotalizarMinimo, TotalizarPromedio, TotalizarSuma, Visible) VALUES('izquierda', 100, 5, 1, 0, Null, Null, 0, 'grdPedidos', Null, 0, 0, Null, @disFormularios, 0, Null, Null, 'Automatic', 'NotSet', 'Moneda_Id', 4, 0, 1, Null, Null, 'String', 'Moneda_Id', 0, 0, 0, 0, 0, 1)
INSERT INTO disControlesGrillaColumnas(Alineacion, Ancho, AnchoMinimo, AnchoVariable, AutoNumerico, ColumnaColorFondoCelda, ColumnaColorTextoCelda, CongelarTamanio, Control_Id, ControlColumna_Id, EsParamAccionBoton, EsPrimaryKey, Formato, Formulario_Id, Heredado, Identidad_Id, ItemsCombo, ModoOrdenamiento, ModoTamanioVariable, NombreCampo, Posicion, Requerido, SoloLectura, Texto, TextoColumnaVacia, TipoDato, Titulo, TotalizarCantidad, TotalizarMaximo, TotalizarMinimo, TotalizarPromedio, TotalizarSuma, Visible) VALUES('izquierda', 100, 5, 1, 0, Null, Null, 0, 'grdPedidos', Null, 0, 0, Null, @disFormularios, 0, Null, Null, 'Automatic', 'NotSet', 'Observaciones', 5, 0, 1, Null, Null, 'String', 'Observaciones', 0, 0, 0, 0, 0, 1)
INSERT INTO disControlesGrillaColumnas(Alineacion, Ancho, AnchoMinimo, AnchoVariable, AutoNumerico, ColumnaColorFondoCelda, ColumnaColorTextoCelda, CongelarTamanio, Control_Id, ControlColumna_Id, EsParamAccionBoton, EsPrimaryKey, Formato, Formulario_Id, Heredado, Identidad_Id, ItemsCombo, ModoOrdenamiento, ModoTamanioVariable, NombreCampo, Posicion, Requerido, SoloLectura, Texto, TextoColumnaVacia, TipoDato, Titulo, TotalizarCantidad, TotalizarMaximo, TotalizarMinimo, TotalizarPromedio, TotalizarSuma, Visible) VALUES('izquierda', 100, 5, 1, 0, Null, Null, 0, 'grdPedidos', Null, 0, 0, Null, @disFormularios, 0, Null, Null, 'Automatic', 'NotSet', 'Segmento', 1, 0, 1, Null, Null, 'String', 'Pedido', 0, 0, 0, 0, 0, 1)
INSERT INTO disControlesGrillaColumnas(Alineacion, Ancho, AnchoMinimo, AnchoVariable, AutoNumerico, ColumnaColorFondoCelda, ColumnaColorTextoCelda, CongelarTamanio, Control_Id, ControlColumna_Id, EsParamAccionBoton, EsPrimaryKey, Formato, Formulario_Id, Heredado, Identidad_Id, ItemsCombo, ModoOrdenamiento, ModoTamanioVariable, NombreCampo, Posicion, Requerido, SoloLectura, Texto, TextoColumnaVacia, TipoDato, Titulo, TotalizarCantidad, TotalizarMaximo, TotalizarMinimo, TotalizarPromedio, TotalizarSuma, Visible) VALUES('izquierda', 100, 5, 1, 0, Null, Null, 0, 'grdPedidos', Null, 0, 0, Null, @disFormularios, 0, Null, Null, 'Automatic', 'NotSet', 'Usuario', 7, 0, 1, Null, Null, 'String', 'Usuario', 0, 0, 0, 0, 0, 1)
INSERT INTO disControlesGrillaColumnas(Alineacion, Ancho, AnchoMinimo, AnchoVariable, AutoNumerico, ColumnaColorFondoCelda, ColumnaColorTextoCelda, CongelarTamanio, Control_Id, ControlColumna_Id, EsParamAccionBoton, EsPrimaryKey, Formato, Formulario_Id, Heredado, Identidad_Id, ItemsCombo, ModoOrdenamiento, ModoTamanioVariable, NombreCampo, Posicion, Requerido, SoloLectura, Texto, TextoColumnaVacia, TipoDato, Titulo, TotalizarCantidad, TotalizarMaximo, TotalizarMinimo, TotalizarPromedio, TotalizarSuma, Visible) VALUES('izquierda', 100, 5, 1, 0, Null, Null, 0, 'grdProductos', Null, 0, 0, Null, @disFormularios, 0, Null, Null, 'Automatic', 'NotSet', 'Descripcion', 1, 0, 0, Null, Null, 'String', 'Descripcion', 0, 0, 0, 0, 0, 1)
INSERT INTO disControlesGrillaColumnas(Alineacion, Ancho, AnchoMinimo, AnchoVariable, AutoNumerico, ColumnaColorFondoCelda, ColumnaColorTextoCelda, CongelarTamanio, Control_Id, ControlColumna_Id, EsParamAccionBoton, EsPrimaryKey, Formato, Formulario_Id, Heredado, Identidad_Id, ItemsCombo, ModoOrdenamiento, ModoTamanioVariable, NombreCampo, Posicion, Requerido, SoloLectura, Texto, TextoColumnaVacia, TipoDato, Titulo, TotalizarCantidad, TotalizarMaximo, TotalizarMinimo, TotalizarPromedio, TotalizarSuma, Visible) VALUES('izquierda', 100, 5, 1, 0, Null, Null, 0, 'grdProductos', Null, 0, 0, Null, @disFormularios, 0, Null, Null, 'Automatic', 'NotSet', 'Moneda_Id', 2, 0, 0, Null, Null, 'String', 'Moneda_Id', 0, 0, 0, 0, 0, 1)
INSERT INTO disControlesGrillaColumnas(Alineacion, Ancho, AnchoMinimo, AnchoVariable, AutoNumerico, ColumnaColorFondoCelda, ColumnaColorTextoCelda, CongelarTamanio, Control_Id, ControlColumna_Id, EsParamAccionBoton, EsPrimaryKey, Formato, Formulario_Id, Heredado, Identidad_Id, ItemsCombo, ModoOrdenamiento, ModoTamanioVariable, NombreCampo, Posicion, Requerido, SoloLectura, Texto, TextoColumnaVacia, TipoDato, Titulo, TotalizarCantidad, TotalizarMaximo, TotalizarMinimo, TotalizarPromedio, TotalizarSuma, Visible) VALUES('derecha', 100, 5, 1, 0, Null, Null, 0, 'grdProductos', Null, 0, 0, 'N4', @disFormularios, 0, Null, Null, 'Automatic', 'NotSet', 'Pedidos', 3, 0, 0, Null, Null, 'Decimal', 'Pedidos', 0, 0, 0, 0, 0, 1)
INSERT INTO disControlesGrillaColumnas(Alineacion, Ancho, AnchoMinimo, AnchoVariable, AutoNumerico, ColumnaColorFondoCelda, ColumnaColorTextoCelda, CongelarTamanio, Control_Id, ControlColumna_Id, EsParamAccionBoton, EsPrimaryKey, Formato, Formulario_Id, Heredado, Identidad_Id, ItemsCombo, ModoOrdenamiento, ModoTamanioVariable, NombreCampo, Posicion, Requerido, SoloLectura, Texto, TextoColumnaVacia, TipoDato, Titulo, TotalizarCantidad, TotalizarMaximo, TotalizarMinimo, TotalizarPromedio, TotalizarSuma, Visible) VALUES('derecha', 100, 5, 1, 0, Null, Null, 0, 'grdProductos', Null, 0, 0, 'NM4', @disFormularios, 0, Null, Null, 'Automatic', 'NotSet', 'Precio', 5, 0, 0, Null, Null, 'Decimal', 'Precio', 0, 0, 0, 0, 0, 1)
INSERT INTO disControlesGrillaColumnas(Alineacion, Ancho, AnchoMinimo, AnchoVariable, AutoNumerico, ColumnaColorFondoCelda, ColumnaColorTextoCelda, CongelarTamanio, Control_Id, ControlColumna_Id, EsParamAccionBoton, EsPrimaryKey, Formato, Formulario_Id, Heredado, Identidad_Id, ItemsCombo, ModoOrdenamiento, ModoTamanioVariable, NombreCampo, Posicion, Requerido, SoloLectura, Texto, TextoColumnaVacia, TipoDato, Titulo, TotalizarCantidad, TotalizarMaximo, TotalizarMinimo, TotalizarPromedio, TotalizarSuma, Visible) VALUES('izquierda', 100, 5, 1, 0, Null, Null, 0, 'grdProductos', Null, 0, 0, Null, @disFormularios, 0, Null, Null, 'Automatic', 'NotSet', 'Producto_Id', 0, 0, 0, Null, Null, 'String', 'Producto_Id', 0, 0, 0, 0, 0, 1)
INSERT INTO disControlesGrillaColumnas(Alineacion, Ancho, AnchoMinimo, AnchoVariable, AutoNumerico, ColumnaColorFondoCelda, ColumnaColorTextoCelda, CongelarTamanio, Control_Id, ControlColumna_Id, EsParamAccionBoton, EsPrimaryKey, Formato, Formulario_Id, Heredado, Identidad_Id, ItemsCombo, ModoOrdenamiento, ModoTamanioVariable, NombreCampo, Posicion, Requerido, SoloLectura, Texto, TextoColumnaVacia, TipoDato, Titulo, TotalizarCantidad, TotalizarMaximo, TotalizarMinimo, TotalizarPromedio, TotalizarSuma, Visible) VALUES('derecha', 100, 5, 1, 0, Null, Null, 0, 'grdProductos', Null, 0, 0, 'N4', @disFormularios, 0, Null, Null, 'Automatic', 'NotSet', 'Remitidos', 4, 0, 0, Null, Null, 'Decimal', 'Remitidos', 0, 0, 0, 0, 0, 1)
--disControlesGrupoSolapa
INSERT INTO disControlesGrupoSolapa(CantSolapas, Control_Id, Formulario_Id) VALUES(1, 'Solapas', @disFormularios)
--disControlesLupa
INSERT INTO disControlesLupa(AdicionalesCampos, AdicionalesControles, AdicionalesParametros, CamposClave, CantMaxRegAMostrar, CodigoCharCasing, CodigoMask, CodigoMaxLength, CodigoNombreColumna, CodigoRegExpression, CodigoTexto, CodigoTipo, CodigoWidth, ColumnaGrillaDescripcion, Control_Id, DescripcionCharCasing, DescripcionMaxLength, DescripcionOculta, DescripcionTexto, EsLaEntidadDelForm, Filtros, Formulario_Id, Identidad_Id, OrderBy, PermiteNoExistentes, TraePrimerRegistro, UsaAccion) VALUES(Null, Null, Null, 1, 70, 'Upper', 'Alfanumerico', 15, 'Cliente_Id', Null, Null, 'String', 100, Null, 'ctrCliente_Id', 'Normal', 32767, 0, Null, 1, 'Inactivo;equals;0;N@Posteado;equals;1;N@Empresa_Id;isnullOrEqualTo;{gEmpresa};N@Vendedor_Id;isnullOrEqualTo;{gVendedor_Id};N', @disFormularios, dbo.FuncFKlupIdentidades('venClientes'), Null, 0, 0, 0)
--disControlesFecha
INSERT INTO disControlesFecha(Control_Id, DiasDiferenciaFecha, DiasDiferenciaFechaMaxima, DiasDiferenciaFechaMinima, Formulario_Id, ValorMaximo, ValorMinimo) VALUES('ctrFechaDesde', Null, Null, Null, @disFormularios, 'En_Blanco', 'En_Blanco')
INSERT INTO disControlesFecha(Control_Id, DiasDiferenciaFecha, DiasDiferenciaFechaMaxima, DiasDiferenciaFechaMinima, Formulario_Id, ValorMaximo, ValorMinimo) VALUES('ctrFechaHasta', Null, Null, Null, @disFormularios, 'En_Blanco', 'En_Blanco')
--disEventos
INSERT INTO disEventos(Control_Id, EsMetodo, Formulario_Id, Habilitado, Heredado, TipoEvento) VALUES('ctrCliente_Id', 0, @disFormularios, 1, 0, 'Change')
INSERT INTO disEventos(Control_Id, EsMetodo, Formulario_Id, Habilitado, Heredado, TipoEvento) VALUES('ctrFechaDesde', 0, @disFormularios, 1, 0, 'Change')
INSERT INTO disEventos(Control_Id, EsMetodo, Formulario_Id, Habilitado, Heredado, TipoEvento) VALUES('ctrFechaHasta', 0, @disFormularios, 1, 0, 'Change')
INSERT INTO disEventos(Control_Id, EsMetodo, Formulario_Id, Habilitado, Heredado, TipoEvento) VALUES('ctrHistorico', 0, @disFormularios, 1, 0, 'Click')
INSERT INTO disEventos(Control_Id, EsMetodo, Formulario_Id, Habilitado, Heredado, TipoEvento) VALUES('frmvenConsPedidosClie', 0, @disFormularios, 1, 0, 'Post_Load')
INSERT INTO disEventos(Control_Id, EsMetodo, Formulario_Id, Habilitado, Heredado, TipoEvento) VALUES('grdPedidos', 0, @disFormularios, 1, 0, 'ClickColumnaBoton')
--disAcciones
INSERT INTO disAcciones(Accion, Accion_Id, AccionPadre_Id, AdicionalInfo, Control_Id, ControlDestino_Id, ControlTexto_Id, EsEspecializacion, Formulario_Id, Habilitado, Heredado, OrdenAccion, Texto, TipoEvento, ValorCondicion) VALUES('Ejecutar', 'adbabd82-cc11-4377-8db7-023dd1f44eb5', Null, Null, 'ctrCliente_Id', Null, Null, 0, @disFormularios, 1, 0, 1, 'Datos', 'Change', Null)
INSERT INTO disAcciones(Accion, Accion_Id, AccionPadre_Id, AdicionalInfo, Control_Id, ControlDestino_Id, ControlTexto_Id, EsEspecializacion, Formulario_Id, Habilitado, Heredado, OrdenAccion, Texto, TipoEvento, ValorCondicion) VALUES('Ejecutar', '23fa9893-32df-41a0-a2e7-e5a73e547390', Null, Null, 'ctrFechaDesde', Null, Null, 0, @disFormularios, 1, 0, 2, 'Datos', 'Change', Null)
INSERT INTO disAcciones(Accion, Accion_Id, AccionPadre_Id, AdicionalInfo, Control_Id, ControlDestino_Id, ControlTexto_Id, EsEspecializacion, Formulario_Id, Habilitado, Heredado, OrdenAccion, Texto, TipoEvento, ValorCondicion) VALUES('Ejecutar', '9ccb21b7-7a7f-478f-b54b-4d93ebc3dd32', Null, Null, 'ctrFechaHasta', Null, Null, 0, @disFormularios, 1, 0, 3, 'Datos', 'Change', Null)
INSERT INTO disAcciones(Accion, Accion_Id, AccionPadre_Id, AdicionalInfo, Control_Id, ControlDestino_Id, ControlTexto_Id, EsEspecializacion, Formulario_Id, Habilitado, Heredado, OrdenAccion, Texto, TipoEvento, ValorCondicion) VALUES('Ejecutar', '6922fadc-a960-433b-98f2-cda717f1ee72', Null, Null, 'ctrHistorico', Null, Null, 0, @disFormularios, 1, 0, 4, 'Datos', 'Click', Null)
INSERT INTO disAcciones(Accion, Accion_Id, AccionPadre_Id, AdicionalInfo, Control_Id, ControlDestino_Id, ControlTexto_Id, EsEspecializacion, Formulario_Id, Habilitado, Heredado, OrdenAccion, Texto, TipoEvento, ValorCondicion) VALUES('CondicionCliente', '3eab85b7-e015-4c10-8fe7-2129967d64ce', Null, Null, 'ctrHistorico', Null, Null, 0, @disFormularios, 1, 0, 5, 'ctrHistorico', 'Click', Null)
INSERT INTO disAcciones(Accion, Accion_Id, AccionPadre_Id, AdicionalInfo, Control_Id, ControlDestino_Id, ControlTexto_Id, EsEspecializacion, Formulario_Id, Habilitado, Heredado, OrdenAccion, Texto, TipoEvento, ValorCondicion) VALUES('MostrarControl', '6642e112-412f-48d1-a8a0-2f83b1a93cdf', '3eab85b7-e015-4c10-8fe7-2129967d64ce', Null, 'ctrHistorico', 'ctrFechaDesde', Null, 0, @disFormularios, 1, 0, 6, Null, 'Click', 'true')
INSERT INTO disAcciones(Accion, Accion_Id, AccionPadre_Id, AdicionalInfo, Control_Id, ControlDestino_Id, ControlTexto_Id, EsEspecializacion, Formulario_Id, Habilitado, Heredado, OrdenAccion, Texto, TipoEvento, ValorCondicion) VALUES('MostrarControl', '726d0ac6-7717-467a-83b6-045cb900848f', '3eab85b7-e015-4c10-8fe7-2129967d64ce', Null, 'ctrHistorico', 'ctrFechaHasta', Null, 0, @disFormularios, 1, 0, 7, Null, 'Click', 'true')
INSERT INTO disAcciones(Accion, Accion_Id, AccionPadre_Id, AdicionalInfo, Control_Id, ControlDestino_Id, ControlTexto_Id, EsEspecializacion, Formulario_Id, Habilitado, Heredado, OrdenAccion, Texto, TipoEvento, ValorCondicion) VALUES('OcultarControl', 'd74f3281-1e84-4906-a800-4cc0b6b8a850', '3eab85b7-e015-4c10-8fe7-2129967d64ce', Null, 'ctrHistorico', 'ctrFechaDesde', Null, 0, @disFormularios, 1, 0, 8, Null, 'Click', 'false')
INSERT INTO disAcciones(Accion, Accion_Id, AccionPadre_Id, AdicionalInfo, Control_Id, ControlDestino_Id, ControlTexto_Id, EsEspecializacion, Formulario_Id, Habilitado, Heredado, OrdenAccion, Texto, TipoEvento, ValorCondicion) VALUES('OcultarControl', '8b24d8c9-d1a4-4b95-be07-9cbe0052f329', '3eab85b7-e015-4c10-8fe7-2129967d64ce', Null, 'ctrHistorico', 'ctrFechaHasta', Null, 0, @disFormularios, 1, 0, 9, Null, 'Click', 'false')
INSERT INTO disAcciones(Accion, Accion_Id, AccionPadre_Id, AdicionalInfo, Control_Id, ControlDestino_Id, ControlTexto_Id, EsEspecializacion, Formulario_Id, Habilitado, Heredado, OrdenAccion, Texto, TipoEvento, ValorCondicion) VALUES('HabilitarControl', '5e3fa752-9940-48c2-8a80-905966039acb', Null, Null, 'frmvenConsPedidosClie', 'ctrHistorico', Null, 0, @disFormularios, 1, 0, 10, Null, 'Post_Load', Null)
INSERT INTO disAcciones(Accion, Accion_Id, AccionPadre_Id, AdicionalInfo, Control_Id, ControlDestino_Id, ControlTexto_Id, EsEspecializacion, Formulario_Id, Habilitado, Heredado, OrdenAccion, Texto, TipoEvento, ValorCondicion) VALUES('FijarUsuarioCliente', 'adecf889-808c-4874-8a49-dd3f9ea028c0', Null, Null, 'frmvenConsPedidosClie', 'ctrCliente_Id', 'ctrCliente_Id', 0, @disFormularios, 1, 0, 11, Null, 'Post_Load', Null)
INSERT INTO disAcciones(Accion, Accion_Id, AccionPadre_Id, AdicionalInfo, Control_Id, ControlDestino_Id, ControlTexto_Id, EsEspecializacion, Formulario_Id, Habilitado, Heredado, OrdenAccion, Texto, TipoEvento, ValorCondicion) VALUES('MostrarFormulario', '2062f864-0899-4fff-a6af-fc400c88a3c4', Null, 'true', 'grdPedidos', '531000', 'grdPedidos', 0, @disFormularios, 1, 0, 12, 'Segmento', 'ClickColumnaBoton', Null)
--disFormulariosComentarios
INSERT INTO disFormulariosComentarios(Comentario, FechaRegistro, FechaRegistroOrig, FechaUltModif, Formulario_Id, FormularioRegOrig_Id) VALUES('AJ HAbilito control de pendiente o Historico por si vino como popup', '20200406 13:38:42:493', '20200406 13:38:42:493', '20200417 12:32:32:077', @disFormularios, 'frmvenConsPedidosClie')
INSERT INTO disFormulariosComentarios(Comentario, FechaRegistro, FechaRegistroOrig, FechaUltModif, Formulario_Id, FormularioRegOrig_Id) VALUES('AJ Si es vendedor solo sus clientes', '20200417 12:32:34:780', '20200417 12:32:34:780', '20200420 21:22:14:113', @disFormularios, 'frmvenConsPedidosClie')
INSERT INTO disFormulariosComentarios(Comentario, FechaRegistro, FechaRegistroOrig, FechaUltModif, Formulario_Id, FormularioRegOrig_Id) VALUES('AJ Titulos', '20200420 21:22:16:900', '20200420 21:22:16:900', '20200616 16:01:24:823', @disFormularios, 'frmvenConsPedidosClie')
INSERT INTO disFormulariosComentarios(Comentario, FechaRegistro, FechaRegistroOrig, FechaUltModif, Formulario_Id, FormularioRegOrig_Id) VALUES('EJ mostrar la oc asociada a los pedidos', '20200616 16:01:27:157', '20200616 16:01:27:157', '20200709 09:49:47:357', @disFormularios, 'frmvenConsPedidosClie')
INSERT INTO disFormulariosComentarios(Comentario, FechaRegistro, FechaRegistroOrig, FechaUltModif, Formulario_Id, FormularioRegOrig_Id) VALUES('AJ Si es cliente no puede cambiar el codigo', '20200709 09:49:50:027', '20200709 09:49:50:027', '20200709 09:49:50:027', @disFormularios, 'frmvenConsPedidosClie')
