Exec Borra_cuerpoForm 'frmvenClientesSaldoIni'
--disFormularios
IF Exists(SELECT 1 FROM disFormularios WHERE Formulario_Id ='frmvenClientesSaldoIni')
UPDATE disFormularios SET 
	Alto = 600,
	Ancho = 1024,
	Arriba = 58,
	BotonCopiar = 1,
	BotonEliminar = 0,
	BotonGuardar = 0,
	BotonImprimir = 0,
	BotonNuevo = 1,
	BotonPostear = 1,
	BotonRptImprimir = 0,
	BotonRptPdf = 0,
	BotonRptVer = 0,
	BotonRptXls = 0,
	ClaseCommon = 'VentasCommon.venClientesSaldoIniDS',
	ClaseCommonEsp = Null,
	ClaseEnum = 'EnumvenClientesSaldoIniAction',
	ClaseEnumEsp = Null,
	ClaseEventos = '',
	ClaseEventosEsp = Null,
	ClaseExchange = 'VentasExchange.venClientesSaldoIniActionExchange',
	ClaseExchangeEsp = Null,
	CodigoLnk = 'frmvenClientesSaldoIni',
	Descripcion = 'Saldos Iniciales Clientes',
	DllCommon = 'VentasCommon',
	DllCommonEsp = Null,
	DllEventos = 'VentasFEEventos',
	DllEventosEsp = Null,
	DllExchange = 'VentasExchange',
	DllExchangeEsp = Null,
	Especializacion = Null,
	Formulario_Id = 'frmvenClientesSaldoIni',
	FormularioPadre_Id = null ,
	GuardaeImprime = 0,
	Inactivo = 0,
	Izquierda = 3,
	PosicionInicial = 'D',
	Posteado = 1,
	Tabla_Id = 'venClientesSaldoIni',
	TipoEspecial = Null,
	Titulo = 'Saldos_Iniciales_Clientes',
	UltimaModif = '20210702 15:51:23:287',
	Usuario_Id = 1,
	Version = 'V2'
	WHERE Formulario_Id ='frmvenClientesSaldoIni'
ELSE
	INSERT INTO disFormularios(Alto, Ancho, Arriba, BotonCopiar, BotonEliminar, BotonGuardar, BotonImprimir, BotonNuevo, BotonPostear, BotonRptImprimir, BotonRptPdf, BotonRptVer, BotonRptXls, ClaseCommon, ClaseCommonEsp, ClaseEnum, ClaseEnumEsp, ClaseEventos, ClaseEventosEsp, ClaseExchange, ClaseExchangeEsp, CodigoLnk, Descripcion, DllCommon, DllCommonEsp, DllEventos, DllEventosEsp, DllExchange, DllExchangeEsp, Especializacion, Formulario_Id, FormularioPadre_Id, GuardaeImprime, Inactivo, Izquierda, PosicionInicial, Posteado, Tabla_Id, TipoEspecial, Titulo, UltimaModif, Usuario_Id, Version) VALUES(600, 1024, 58, 1, 0, 0, 0, 1, 1, 0, 0, 0, 0, 'VentasCommon.venClientesSaldoIniDS', Null, 'EnumvenClientesSaldoIniAction', Null, '', Null, 'VentasExchange.venClientesSaldoIniActionExchange', Null, 'frmvenClientesSaldoIni', 'Saldos Iniciales Clientes', 'VentasCommon', Null, 'VentasFEEventos', Null, 'VentasExchange', Null, Null, 'frmvenClientesSaldoIni', Null, 0, 0, 3, 'D', 1, 'venClientesSaldoIni', Null, 'Saldos_Iniciales_Clientes', '20210702 15:51:23:287', 1, 'V2')
Declare @disFormularios int 
set @disFormularios = dbo.FuncFKdisFormularios('frmvenClientesSaldoIni')
--disControles
IF NOT Exists(SELECT 1 FROM disControles Where Formulario_Id =  @disFormularios and Control_Id ='frmvenClientesSaldoIni')
	INSERT INTO disControles(Alineacion, AlineacionLabel, Alto, Ancho, Ancla, Arriba, ClickNuevoBlanquea, Columna, ColumnasExtension, Control_Id, ControlaCambios, ControlParent_Id, ControlSegmento, Embebido, EsCodigoNuevo, Estilo, Fila, FilasExtension, Formulario_Id, Habilitado, Heredado, IgualaAnchoColumna, Izquierda, MaximaLongitud, NroControl, Paises, Requerido, SegmentoOrigen, SoloLectura, TabOrden, TabStop, Texto, TextoControlVacio, TextoFijo, TipoControl, TituloLabel, Visible) VALUES('', Null, 600, 1024, 'T,L', 58, 1, 0, 0, 'frmvenClientesSaldoIni', 1, Null, Null, 0, 0, Null, 0, 0, @disFormularios, 1, 0, 0, 3, 0, 0, Null, 0, Null, 0, 0, 1, 'Saldos_Iniciales_Clientes', Null, 0, 'frm', Null, 1)
INSERT INTO disControles(Alineacion, AlineacionLabel, Alto, Ancho, Ancla, Arriba, ClickNuevoBlanquea, Columna, ColumnasExtension, Control_Id, ControlaCambios, ControlParent_Id, ControlSegmento, Embebido, EsCodigoNuevo, Estilo, Fila, FilasExtension, Formulario_Id, Habilitado, Heredado, IgualaAnchoColumna, Izquierda, MaximaLongitud, NroControl, Paises, Requerido, SegmentoOrigen, SoloLectura, TabOrden, TabStop, Texto, TextoControlVacio, TextoFijo, TipoControl, TituloLabel, Visible) VALUES('', '', 561, 1008, 'L', 0, 1, 0, 0, 'Solapas', 1, 'frmvenClientesSaldoIni', Null, 0, 0, Null, 0, 0, @disFormularios, 1, 0, 0, 0, Null, 1, Null, 1, Null, 0, 0, 1, Null, Null, 0, 'SummaAdvDisenio.Controles.DisenioTabControl', Null, 1)
INSERT INTO disControles(Alineacion, AlineacionLabel, Alto, Ancho, Ancla, Arriba, ClickNuevoBlanquea, Columna, ColumnasExtension, Control_Id, ControlaCambios, ControlParent_Id, ControlSegmento, Embebido, EsCodigoNuevo, Estilo, Fila, FilasExtension, Formulario_Id, Habilitado, Heredado, IgualaAnchoColumna, Izquierda, MaximaLongitud, NroControl, Paises, Requerido, SegmentoOrigen, SoloLectura, TabOrden, TabStop, Texto, TextoControlVacio, TextoFijo, TipoControl, TituloLabel, Visible) VALUES('', '', 535, 1000, 'L', 22, 1, 0, 0, 'Solapa_Datos', 1, 'Solapas', Null, 0, 0, Null, 0, 0, @disFormularios, 1, 0, 0, 4, Null, 2, Null, 1, Null, 0, 0, 0, 'Datos', Null, 0, 'System.Windows.Forms.TabPage', Null, 0)
INSERT INTO disControles(Alineacion, AlineacionLabel, Alto, Ancho, Ancla, Arriba, ClickNuevoBlanquea, Columna, ColumnasExtension, Control_Id, ControlaCambios, ControlParent_Id, ControlSegmento, Embebido, EsCodigoNuevo, Estilo, Fila, FilasExtension, Formulario_Id, Habilitado, Heredado, IgualaAnchoColumna, Izquierda, MaximaLongitud, NroControl, Paises, Requerido, SegmentoOrigen, SoloLectura, TabOrden, TabStop, Texto, TextoControlVacio, TextoFijo, TipoControl, TituloLabel, Visible) VALUES('', 'Izquierda', 37, 162, 'L', 1, 1, 0, 1, 'ctrClienteDesde', 1, 'Solapa_Datos', Null, 0, 0, 'Default', 0, 1, @disFormularios, 1, 0, 1, 1, Null, 4, Null, 0, Null, 0, 0, 1, Null, Null, 0, 'SummaAdvDisenio.Controles.DisenioLupaAdv', 'ClienteDesde', 1)
INSERT INTO disControles(Alineacion, AlineacionLabel, Alto, Ancho, Ancla, Arriba, ClickNuevoBlanquea, Columna, ColumnasExtension, Control_Id, ControlaCambios, ControlParent_Id, ControlSegmento, Embebido, EsCodigoNuevo, Estilo, Fila, FilasExtension, Formulario_Id, Habilitado, Heredado, IgualaAnchoColumna, Izquierda, MaximaLongitud, NroControl, Paises, Requerido, SegmentoOrigen, SoloLectura, TabOrden, TabStop, Texto, TextoControlVacio, TextoFijo, TipoControl, TituloLabel, Visible) VALUES('', 'Izquierda', 37, 162, 'L', 1, 1, 1, 1, 'ctrClienteHasta', 1, 'Solapa_Datos', Null, 0, 0, 'Default', 0, 1, @disFormularios, 1, 0, 1, 1, Null, 5, Null, 0, Null, 0, 0, 1, Null, Null, 0, 'SummaAdvDisenio.Controles.DisenioLupaAdv', 'ClienteHasta', 1)
INSERT INTO disControles(Alineacion, AlineacionLabel, Alto, Ancho, Ancla, Arriba, ClickNuevoBlanquea, Columna, ColumnasExtension, Control_Id, ControlaCambios, ControlParent_Id, ControlSegmento, Embebido, EsCodigoNuevo, Estilo, Fila, FilasExtension, Formulario_Id, Habilitado, Heredado, IgualaAnchoColumna, Izquierda, MaximaLongitud, NroControl, Paises, Requerido, SegmentoOrigen, SoloLectura, TabOrden, TabStop, Texto, TextoControlVacio, TextoFijo, TipoControl, TituloLabel, Visible) VALUES('', '', 28, 127, 'L', 5, 1, 2, 1, 'DisenioBoton1', 1, 'Solapa_Datos', Null, 0, 0, 'Default', 0, 1, @disFormularios, 1, 0, 0, 16, Null, 6, Null, 0, Null, 0, 0, 1, 'Calcular', Null, 0, 'SummaAdvDisenio.Controles.DisenioBoton', Null, 1)
INSERT INTO disControles(Alineacion, AlineacionLabel, Alto, Ancho, Ancla, Arriba, ClickNuevoBlanquea, Columna, ColumnasExtension, Control_Id, ControlaCambios, ControlParent_Id, ControlSegmento, Embebido, EsCodigoNuevo, Estilo, Fila, FilasExtension, Formulario_Id, Habilitado, Heredado, IgualaAnchoColumna, Izquierda, MaximaLongitud, NroControl, Paises, Requerido, SegmentoOrigen, SoloLectura, TabOrden, TabStop, Texto, TextoControlVacio, TextoFijo, TipoControl, TituloLabel, Visible) VALUES('', 'Izquierda', 33, 162, 'L', 1, 1, 3, 1, 'ctrArchivo', 1, 'Solapa_Datos', Null, 0, 0, 'Default', 0, 1, @disFormularios, 1, 0, 0, 1, Null, 7, Null, 0, Null, 0, 0, 1, Null, Null, 0, 'SummaAdvDisenio.Controles.DisenioUpLoad', 'Archivo', 1)
INSERT INTO disControles(Alineacion, AlineacionLabel, Alto, Ancho, Ancla, Arriba, ClickNuevoBlanquea, Columna, ColumnasExtension, Control_Id, ControlaCambios, ControlParent_Id, ControlSegmento, Embebido, EsCodigoNuevo, Estilo, Fila, FilasExtension, Formulario_Id, Habilitado, Heredado, IgualaAnchoColumna, Izquierda, MaximaLongitud, NroControl, Paises, Requerido, SegmentoOrigen, SoloLectura, TabOrden, TabStop, Texto, TextoControlVacio, TextoFijo, TipoControl, TituloLabel, Visible) VALUES('', '', 23, 75, 'L', 9, 1, 4, 1, 'DisenioLink1', 1, 'Solapa_Datos', Null, 0, 0, 'Default', 0, 1, @disFormularios, 1, 0, 0, 22, Null, 8, Null, 0, Null, 0, 0, 1, 'Ver_Estructura_Xls', Null, 0, 'SummaAdvDisenio.Controles.DisenioLink', Null, 1)
INSERT INTO disControles(Alineacion, AlineacionLabel, Alto, Ancho, Ancla, Arriba, ClickNuevoBlanquea, Columna, ColumnasExtension, Control_Id, ControlaCambios, ControlParent_Id, ControlSegmento, Embebido, EsCodigoNuevo, Estilo, Fila, FilasExtension, Formulario_Id, Habilitado, Heredado, IgualaAnchoColumna, Izquierda, MaximaLongitud, NroControl, Paises, Requerido, SegmentoOrigen, SoloLectura, TabOrden, TabStop, Texto, TextoControlVacio, TextoFijo, TipoControl, TituloLabel, Visible) VALUES('', '', 28, 136, 'L', 6, 1, 5, 1, 'DisenioBoton2', 1, 'Solapa_Datos', Null, 0, 0, 'Default', 0, 1, @disFormularios, 1, 0, 0, 20, Null, 9, Null, 0, Null, 0, 0, 1, 'Importar', Null, 0, 'SummaAdvDisenio.Controles.DisenioBoton', Null, 1)
INSERT INTO disControles(Alineacion, AlineacionLabel, Alto, Ancho, Ancla, Arriba, ClickNuevoBlanquea, Columna, ColumnasExtension, Control_Id, ControlaCambios, ControlParent_Id, ControlSegmento, Embebido, EsCodigoNuevo, Estilo, Fila, FilasExtension, Formulario_Id, Habilitado, Heredado, IgualaAnchoColumna, Izquierda, MaximaLongitud, NroControl, Paises, Requerido, SegmentoOrigen, SoloLectura, TabOrden, TabStop, Texto, TextoControlVacio, TextoFijo, TipoControl, TituloLabel, Visible) VALUES('', 'Izquierda', 38, 328, 'L', 1, 1, 0, 2, 'ctrMensaje', 1, 'Solapa_Datos', Null, 0, 0, 'Default', 1, 1, @disFormularios, 0, 0, 1, 1, 32767, 10, Null, 0, Null, 0, 0, 1, Null, Null, 0, 'SummaAdvDisenio.Controles.DisenioTxtEditor', 'Mensaje', 0)
INSERT INTO disControles(Alineacion, AlineacionLabel, Alto, Ancho, Ancla, Arriba, ClickNuevoBlanquea, Columna, ColumnasExtension, Control_Id, ControlaCambios, ControlParent_Id, ControlSegmento, Embebido, EsCodigoNuevo, Estilo, Fila, FilasExtension, Formulario_Id, Habilitado, Heredado, IgualaAnchoColumna, Izquierda, MaximaLongitud, NroControl, Paises, Requerido, SegmentoOrigen, SoloLectura, TabOrden, TabStop, Texto, TextoControlVacio, TextoFijo, TipoControl, TituloLabel, Visible) VALUES('', '', 81, 1041, 'L', 1, 1, 0, 6, 'grdgrdCuerpo', 1, 'Solapa_Datos', Null, 0, 0, Null, 2, 1, @disFormularios, 1, 0, 0, 1, Null, 11, Null, 0, Null, 0, 0, 1, Null, Null, 0, 'SummaAdvDisenio.Controles.DisenioGridView', 'Comprobantes', 1)
INSERT INTO disControles(Alineacion, AlineacionLabel, Alto, Ancho, Ancla, Arriba, ClickNuevoBlanquea, Columna, ColumnasExtension, Control_Id, ControlaCambios, ControlParent_Id, ControlSegmento, Embebido, EsCodigoNuevo, Estilo, Fila, FilasExtension, Formulario_Id, Habilitado, Heredado, IgualaAnchoColumna, Izquierda, MaximaLongitud, NroControl, Paises, Requerido, SegmentoOrigen, SoloLectura, TabOrden, TabStop, Texto, TextoControlVacio, TextoFijo, TipoControl, TituloLabel, Visible) VALUES('', 'Izquierda', 38, 162, 'L', 1, 1, 0, 1, 'ctrTermino', 1, 'Solapa_Datos', Null, 0, 0, 'Default', 3, 1, @disFormularios, 1, 0, 1, 1, 32767, 12, Null, 0, Null, 0, 0, 1, Null, Null, 0, 'SummaAdvDisenio.Controles.DisenioTxtEditor', 'Termino', 0)
INSERT INTO disControles(Alineacion, AlineacionLabel, Alto, Ancho, Ancla, Arriba, ClickNuevoBlanquea, Columna, ColumnasExtension, Control_Id, ControlaCambios, ControlParent_Id, ControlSegmento, Embebido, EsCodigoNuevo, Estilo, Fila, FilasExtension, Formulario_Id, Habilitado, Heredado, IgualaAnchoColumna, Izquierda, MaximaLongitud, NroControl, Paises, Requerido, SegmentoOrigen, SoloLectura, TabOrden, TabStop, Texto, TextoControlVacio, TextoFijo, TipoControl, TituloLabel, Visible) VALUES('', 'Izquierda', 38, 162, 'L', 1, 1, 1, 1, 'ctrClienteActual', 1, 'Solapa_Datos', Null, 0, 0, 'Default', 3, 1, @disFormularios, 1, 0, 1, 1, 10, 13, Null, 0, Null, 0, 0, 1, Null, Null, 0, 'SummaAdvDisenio.Controles.DisenioTxtNumericEditor', 'ClienteActual', 0)
INSERT INTO disControles(Alineacion, AlineacionLabel, Alto, Ancho, Ancla, Arriba, ClickNuevoBlanquea, Columna, ColumnasExtension, Control_Id, ControlaCambios, ControlParent_Id, ControlSegmento, Embebido, EsCodigoNuevo, Estilo, Fila, FilasExtension, Formulario_Id, Habilitado, Heredado, IgualaAnchoColumna, Izquierda, MaximaLongitud, NroControl, Paises, Requerido, SegmentoOrigen, SoloLectura, TabOrden, TabStop, Texto, TextoControlVacio, TextoFijo, TipoControl, TituloLabel, Visible) VALUES('', '', 39, 162, 'L', 1, 1, 2, 1, 'grdClientesParaRecorrer', 1, 'Solapa_Datos', Null, 0, 0, Null, 3, 1, @disFormularios, 1, 0, 0, 1, Null, 14, Null, 0, Null, 0, 0, 1, Null, Null, 0, 'SummaAdvDisenio.Controles.DisenioGridView', 'Titulo', 0)
INSERT INTO disControles(Alineacion, AlineacionLabel, Alto, Ancho, Ancla, Arriba, ClickNuevoBlanquea, Columna, ColumnasExtension, Control_Id, ControlaCambios, ControlParent_Id, ControlSegmento, Embebido, EsCodigoNuevo, Estilo, Fila, FilasExtension, Formulario_Id, Habilitado, Heredado, IgualaAnchoColumna, Izquierda, MaximaLongitud, NroControl, Paises, Requerido, SegmentoOrigen, SoloLectura, TabOrden, TabStop, Texto, TextoControlVacio, TextoFijo, TipoControl, TituloLabel, Visible) VALUES('', '', 535, 1000, 'L', 22, 1, 0, 0, 'Solapa_1', 1, 'Solapas', Null, 0, 0, Null, 0, 0, @disFormularios, 1, 0, 0, 4, Null, 14, Null, 1, Null, 0, 1, 0, 'Cuerpo', Null, 0, 'System.Windows.Forms.TabPage', Null, 0)
INSERT INTO disControles(Alineacion, AlineacionLabel, Alto, Ancho, Ancla, Arriba, ClickNuevoBlanquea, Columna, ColumnasExtension, Control_Id, ControlaCambios, ControlParent_Id, ControlSegmento, Embebido, EsCodigoNuevo, Estilo, Fila, FilasExtension, Formulario_Id, Habilitado, Heredado, IgualaAnchoColumna, Izquierda, MaximaLongitud, NroControl, Paises, Requerido, SegmentoOrigen, SoloLectura, TabOrden, TabStop, Texto, TextoControlVacio, TextoFijo, TipoControl, TituloLabel, Visible) VALUES('', 'Izquierda', 37, 162, 'L', 1, 1, 0, 1, 'ctrrpo9Cliente_Id', 1, 'Solapa_1', Null, 0, 0, 'Default', 0, 1, @disFormularios, 1, 0, 1, 1, Null, 16, Null, 0, Null, 0, 0, 1, Null, Null, 0, 'SummaAdvDisenio.Controles.DisenioLupaAdv', 'Cliente_Id', 1)
INSERT INTO disControles(Alineacion, AlineacionLabel, Alto, Ancho, Ancla, Arriba, ClickNuevoBlanquea, Columna, ColumnasExtension, Control_Id, ControlaCambios, ControlParent_Id, ControlSegmento, Embebido, EsCodigoNuevo, Estilo, Fila, FilasExtension, Formulario_Id, Habilitado, Heredado, IgualaAnchoColumna, Izquierda, MaximaLongitud, NroControl, Paises, Requerido, SegmentoOrigen, SoloLectura, TabOrden, TabStop, Texto, TextoControlVacio, TextoFijo, TipoControl, TituloLabel, Visible) VALUES('', 'Izquierda', 37, 328, 'L', 1, 1, 1, 2, 'ctrrpo9Sucursal', 1, 'Solapa_1', Null, 0, 0, 'Default', 0, 1, @disFormularios, 1, 0, 1, 1, Null, 17, Null, 0, Null, 0, 0, 1, Null, Null, 0, 'SummaAdvDisenio.Controles.DisenioLupaAdv', 'Sucursal', 1)
INSERT INTO disControles(Alineacion, AlineacionLabel, Alto, Ancho, Ancla, Arriba, ClickNuevoBlanquea, Columna, ColumnasExtension, Control_Id, ControlaCambios, ControlParent_Id, ControlSegmento, Embebido, EsCodigoNuevo, Estilo, Fila, FilasExtension, Formulario_Id, Habilitado, Heredado, IgualaAnchoColumna, Izquierda, MaximaLongitud, NroControl, Paises, Requerido, SegmentoOrigen, SoloLectura, TabOrden, TabStop, Texto, TextoControlVacio, TextoFijo, TipoControl, TituloLabel, Visible) VALUES('', 'Izquierda', 35, 162, 'L', 1, 1, 3, 1, 'ctrrpo9Fecha', 1, 'Solapa_1', Null, 0, 0, 'Default', 0, 1, @disFormularios, 1, 0, 1, 1, Null, 18, Null, 0, Null, 0, 0, 1, 'Hoy', Null, 0, 'SummaAdvDisenio.Controles.DisenioDatePicker', 'Fecha', 1)
INSERT INTO disControles(Alineacion, AlineacionLabel, Alto, Ancho, Ancla, Arriba, ClickNuevoBlanquea, Columna, ColumnasExtension, Control_Id, ControlaCambios, ControlParent_Id, ControlSegmento, Embebido, EsCodigoNuevo, Estilo, Fila, FilasExtension, Formulario_Id, Habilitado, Heredado, IgualaAnchoColumna, Izquierda, MaximaLongitud, NroControl, Paises, Requerido, SegmentoOrigen, SoloLectura, TabOrden, TabStop, Texto, TextoControlVacio, TextoFijo, TipoControl, TituloLabel, Visible) VALUES('', 'Izquierda', 37, 328, 'L', 1, 1, 4, 2, 'ctrrpo9SubTipoMov_Id', 1, 'Solapa_1', Null, 0, 0, 'Default', 0, 1, @disFormularios, 1, 0, 1, 1, Null, 19, Null, 0, Null, 0, 0, 1, Null, Null, 0, 'SummaAdvDisenio.Controles.DisenioLupaAdv', 'SubTipoMov_Id', 1)
INSERT INTO disControles(Alineacion, AlineacionLabel, Alto, Ancho, Ancla, Arriba, ClickNuevoBlanquea, Columna, ColumnasExtension, Control_Id, ControlaCambios, ControlParent_Id, ControlSegmento, Embebido, EsCodigoNuevo, Estilo, Fila, FilasExtension, Formulario_Id, Habilitado, Heredado, IgualaAnchoColumna, Izquierda, MaximaLongitud, NroControl, Paises, Requerido, SegmentoOrigen, SoloLectura, TabOrden, TabStop, Texto, TextoControlVacio, TextoFijo, TipoControl, TituloLabel, Visible) VALUES('', 'Izquierda', 37, 162, 'L', 1, 1, 0, 1, 'ctrrpo9SucursalComp', 1, 'Solapa_1', Null, 0, 0, 'Default', 1, 1, @disFormularios, 1, 0, 1, 1, Null, 20, Null, 0, Null, 0, 0, 1, Null, Null, 0, 'SummaAdvDisenio.Controles.DisenioLupaAdv', 'SucursalComp', 1)
INSERT INTO disControles(Alineacion, AlineacionLabel, Alto, Ancho, Ancla, Arriba, ClickNuevoBlanquea, Columna, ColumnasExtension, Control_Id, ControlaCambios, ControlParent_Id, ControlSegmento, Embebido, EsCodigoNuevo, Estilo, Fila, FilasExtension, Formulario_Id, Habilitado, Heredado, IgualaAnchoColumna, Izquierda, MaximaLongitud, NroControl, Paises, Requerido, SegmentoOrigen, SoloLectura, TabOrden, TabStop, Texto, TextoControlVacio, TextoFijo, TipoControl, TituloLabel, Visible) VALUES('', 'Izquierda', 38, 494, 'L', 1, 1, 1, 3, 'ctrrpo9Segmento_Id', 1, 'Solapa_1', Null, 0, 0, 'Default', 1, 1, @disFormularios, 0, 0, 1, 1, Null, 21, Null, 0, Null, 0, 0, 1, Null, Null, 0, 'SummaAdvDisenio.Controles.DisenioSegmento', 'Segmento_Id', 1)
INSERT INTO disControles(Alineacion, AlineacionLabel, Alto, Ancho, Ancla, Arriba, ClickNuevoBlanquea, Columna, ColumnasExtension, Control_Id, ControlaCambios, ControlParent_Id, ControlSegmento, Embebido, EsCodigoNuevo, Estilo, Fila, FilasExtension, Formulario_Id, Habilitado, Heredado, IgualaAnchoColumna, Izquierda, MaximaLongitud, NroControl, Paises, Requerido, SegmentoOrigen, SoloLectura, TabOrden, TabStop, Texto, TextoControlVacio, TextoFijo, TipoControl, TituloLabel, Visible) VALUES('', 'Izquierda', 38, 162, 'L', 1, 1, 0, 1, 'ctrrpo9CuotaNro', 1, 'Solapa_1', Null, 0, 0, 'Default', 2, 1, @disFormularios, 1, 0, 1, 1, 5, 22, Null, 0, Null, 0, 0, 1, Null, Null, 0, 'SummaAdvDisenio.Controles.DisenioTxtNumericEditor', 'CuotaNro', 1)
INSERT INTO disControles(Alineacion, AlineacionLabel, Alto, Ancho, Ancla, Arriba, ClickNuevoBlanquea, Columna, ColumnasExtension, Control_Id, ControlaCambios, ControlParent_Id, ControlSegmento, Embebido, EsCodigoNuevo, Estilo, Fila, FilasExtension, Formulario_Id, Habilitado, Heredado, IgualaAnchoColumna, Izquierda, MaximaLongitud, NroControl, Paises, Requerido, SegmentoOrigen, SoloLectura, TabOrden, TabStop, Texto, TextoControlVacio, TextoFijo, TipoControl, TituloLabel, Visible) VALUES('', 'Izquierda', 37, 328, 'L', 1, 1, 1, 2, 'ctrrpo9Moneda_Id', 1, 'Solapa_1', Null, 0, 0, 'Default', 2, 1, @disFormularios, 1, 0, 1, 1, Null, 23, Null, 0, Null, 0, 0, 1, Null, Null, 0, 'SummaAdvDisenio.Controles.DisenioLupaAdv', 'Moneda_Id', 1)
INSERT INTO disControles(Alineacion, AlineacionLabel, Alto, Ancho, Ancla, Arriba, ClickNuevoBlanquea, Columna, ColumnasExtension, Control_Id, ControlaCambios, ControlParent_Id, ControlSegmento, Embebido, EsCodigoNuevo, Estilo, Fila, FilasExtension, Formulario_Id, Habilitado, Heredado, IgualaAnchoColumna, Izquierda, MaximaLongitud, NroControl, Paises, Requerido, SegmentoOrigen, SoloLectura, TabOrden, TabStop, Texto, TextoControlVacio, TextoFijo, TipoControl, TituloLabel, Visible) VALUES('', 'Izquierda', 38, 162, 'L', 1, 1, 3, 1, 'ctrrpo9Cambio', 1, 'Solapa_1', Null, 0, 0, 'Default', 2, 1, @disFormularios, 1, 0, 1, 1, 5, 24, Null, 0, Null, 0, 0, 1, Null, Null, 0, 'SummaAdvDisenio.Controles.DisenioTxtNumericEditor', 'Cambio', 1)
INSERT INTO disControles(Alineacion, AlineacionLabel, Alto, Ancho, Ancla, Arriba, ClickNuevoBlanquea, Columna, ColumnasExtension, Control_Id, ControlaCambios, ControlParent_Id, ControlSegmento, Embebido, EsCodigoNuevo, Estilo, Fila, FilasExtension, Formulario_Id, Habilitado, Heredado, IgualaAnchoColumna, Izquierda, MaximaLongitud, NroControl, Paises, Requerido, SegmentoOrigen, SoloLectura, TabOrden, TabStop, Texto, TextoControlVacio, TextoFijo, TipoControl, TituloLabel, Visible) VALUES('', 'Izquierda', 38, 162, 'L', 1, 1, 0, 1, 'ctrrpo9Importe', 1, 'Solapa_1', Null, 0, 0, 'Default', 3, 1, @disFormularios, 1, 0, 1, 1, 10, 25, Null, 0, Null, 0, 0, 1, Null, Null, 0, 'SummaAdvDisenio.Controles.DisenioTxtNumericEditor', 'Importe', 1)
INSERT INTO disControles(Alineacion, AlineacionLabel, Alto, Ancho, Ancla, Arriba, ClickNuevoBlanquea, Columna, ColumnasExtension, Control_Id, ControlaCambios, ControlParent_Id, ControlSegmento, Embebido, EsCodigoNuevo, Estilo, Fila, FilasExtension, Formulario_Id, Habilitado, Heredado, IgualaAnchoColumna, Izquierda, MaximaLongitud, NroControl, Paises, Requerido, SegmentoOrigen, SoloLectura, TabOrden, TabStop, Texto, TextoControlVacio, TextoFijo, TipoControl, TituloLabel, Visible) VALUES('', 'Izquierda', 35, 162, 'L', 1, 1, 1, 1, 'ctrrpo9FechaVencimiento', 1, 'Solapa_1', Null, 0, 0, 'Default', 3, 1, @disFormularios, 1, 0, 1, 1, Null, 26, Null, 0, Null, 0, 0, 1, 'Hoy', Null, 0, 'SummaAdvDisenio.Controles.DisenioDatePicker', 'FechaVencimiento', 1)
INSERT INTO disControles(Alineacion, AlineacionLabel, Alto, Ancho, Ancla, Arriba, ClickNuevoBlanquea, Columna, ColumnasExtension, Control_Id, ControlaCambios, ControlParent_Id, ControlSegmento, Embebido, EsCodigoNuevo, Estilo, Fila, FilasExtension, Formulario_Id, Habilitado, Heredado, IgualaAnchoColumna, Izquierda, MaximaLongitud, NroControl, Paises, Requerido, SegmentoOrigen, SoloLectura, TabOrden, TabStop, Texto, TextoControlVacio, TextoFijo, TipoControl, TituloLabel, Visible) VALUES('', 'Izquierda', 38, 328, 'L', 1, 1, 2, 2, 'ctrrpo9ClaveFiscal', 1, 'Solapa_1', Null, 0, 0, 'Default', 3, 1, @disFormularios, 1, 0, 1, 1, 32767, 27, Null, 0, Null, 0, 0, 1, Null, Null, 0, 'SummaAdvDisenio.Controles.DisenioTxtEditor', 'ClaveFiscal', 1)
INSERT INTO disControles(Alineacion, AlineacionLabel, Alto, Ancho, Ancla, Arriba, ClickNuevoBlanquea, Columna, ColumnasExtension, Control_Id, ControlaCambios, ControlParent_Id, ControlSegmento, Embebido, EsCodigoNuevo, Estilo, Fila, FilasExtension, Formulario_Id, Habilitado, Heredado, IgualaAnchoColumna, Izquierda, MaximaLongitud, NroControl, Paises, Requerido, SegmentoOrigen, SoloLectura, TabOrden, TabStop, Texto, TextoControlVacio, TextoFijo, TipoControl, TituloLabel, Visible) VALUES('', '', 535, 1000, 'L', 22, 1, 0, 0, 'Solapa_2', 1, 'Solapas', Null, 0, 0, Null, 0, 0, @disFormularios, 1, 0, 0, 4, Null, 28, Null, 1, Null, 0, 2, 0, 'Impuestos', Null, 0, 'System.Windows.Forms.TabPage', Null, 1)
INSERT INTO disControles(Alineacion, AlineacionLabel, Alto, Ancho, Ancla, Arriba, ClickNuevoBlanquea, Columna, ColumnasExtension, Control_Id, ControlaCambios, ControlParent_Id, ControlSegmento, Embebido, EsCodigoNuevo, Estilo, Fila, FilasExtension, Formulario_Id, Habilitado, Heredado, IgualaAnchoColumna, Izquierda, MaximaLongitud, NroControl, Paises, Requerido, SegmentoOrigen, SoloLectura, TabOrden, TabStop, Texto, TextoControlVacio, TextoFijo, TipoControl, TituloLabel, Visible) VALUES('', '', 81, 1034, 'L', 1, 1, 0, 6, 'grdgrdImpuestos', 1, 'Solapa_1', Null, 0, 0, Null, 5, 1, @disFormularios, 1, 0, 0, 1, Null, 28, Null, 0, Null, 0, 0, 1, Null, Null, 0, 'SummaAdvDisenio.Controles.DisenioGridView', 'Impuestos', 1)
INSERT INTO disControles(Alineacion, AlineacionLabel, Alto, Ancho, Ancla, Arriba, ClickNuevoBlanquea, Columna, ColumnasExtension, Control_Id, ControlaCambios, ControlParent_Id, ControlSegmento, Embebido, EsCodigoNuevo, Estilo, Fila, FilasExtension, Formulario_Id, Habilitado, Heredado, IgualaAnchoColumna, Izquierda, MaximaLongitud, NroControl, Paises, Requerido, SegmentoOrigen, SoloLectura, TabOrden, TabStop, Texto, TextoControlVacio, TextoFijo, TipoControl, TituloLabel, Visible) VALUES('', 'Izquierda', 37, 328, 'L', 1, 1, 0, 2, 'ctrtos12Impuesto_Id', 1, 'Solapa_2', Null, 0, 0, 'Default', 0, 1, @disFormularios, 1, 0, 1, 1, Null, 30, Null, 0, Null, 0, 0, 1, Null, Null, 0, 'SummaAdvDisenio.Controles.DisenioLupaAdv', 'Impuesto_Id', 1)
INSERT INTO disControles(Alineacion, AlineacionLabel, Alto, Ancho, Ancla, Arriba, ClickNuevoBlanquea, Columna, ColumnasExtension, Control_Id, ControlaCambios, ControlParent_Id, ControlSegmento, Embebido, EsCodigoNuevo, Estilo, Fila, FilasExtension, Formulario_Id, Habilitado, Heredado, IgualaAnchoColumna, Izquierda, MaximaLongitud, NroControl, Paises, Requerido, SegmentoOrigen, SoloLectura, TabOrden, TabStop, Texto, TextoControlVacio, TextoFijo, TipoControl, TituloLabel, Visible) VALUES('', 'Izquierda', 38, 162, 'L', 1, 1, 2, 1, 'ctrtos12BaseImponible', 1, 'Solapa_2', Null, 0, 0, 'Default', 0, 1, @disFormularios, 1, 0, 1, 1, 10, 31, Null, 0, Null, 0, 0, 1, Null, Null, 0, 'SummaAdvDisenio.Controles.DisenioTxtNumericEditor', 'BaseImponible', 1)
INSERT INTO disControles(Alineacion, AlineacionLabel, Alto, Ancho, Ancla, Arriba, ClickNuevoBlanquea, Columna, ColumnasExtension, Control_Id, ControlaCambios, ControlParent_Id, ControlSegmento, Embebido, EsCodigoNuevo, Estilo, Fila, FilasExtension, Formulario_Id, Habilitado, Heredado, IgualaAnchoColumna, Izquierda, MaximaLongitud, NroControl, Paises, Requerido, SegmentoOrigen, SoloLectura, TabOrden, TabStop, Texto, TextoControlVacio, TextoFijo, TipoControl, TituloLabel, Visible) VALUES('', 'Izquierda', 38, 162, 'L', 1, 1, 3, 1, 'ctrtos12Porcentaje', 1, 'Solapa_2', Null, 0, 0, 'Default', 0, 1, @disFormularios, 1, 0, 1, 1, 5, 32, Null, 0, Null, 0, 0, 1, Null, Null, 0, 'SummaAdvDisenio.Controles.DisenioTxtNumericEditor', 'Porcentaje', 1)
INSERT INTO disControles(Alineacion, AlineacionLabel, Alto, Ancho, Ancla, Arriba, ClickNuevoBlanquea, Columna, ColumnasExtension, Control_Id, ControlaCambios, ControlParent_Id, ControlSegmento, Embebido, EsCodigoNuevo, Estilo, Fila, FilasExtension, Formulario_Id, Habilitado, Heredado, IgualaAnchoColumna, Izquierda, MaximaLongitud, NroControl, Paises, Requerido, SegmentoOrigen, SoloLectura, TabOrden, TabStop, Texto, TextoControlVacio, TextoFijo, TipoControl, TituloLabel, Visible) VALUES('', '', 0, 0, '', 0, 1, 0, 0, 'var_Auxiliar1', 1, 'frmvenClientesSaldoIni', Null, 0, 0, Null, 0, 0, @disFormularios, 0, 0, 0, 0, Null, 32, Null, 1, Null, 0, -1, 0, Null, Null, 0, 'Variable', Null, 0)
INSERT INTO disControles(Alineacion, AlineacionLabel, Alto, Ancho, Ancla, Arriba, ClickNuevoBlanquea, Columna, ColumnasExtension, Control_Id, ControlaCambios, ControlParent_Id, ControlSegmento, Embebido, EsCodigoNuevo, Estilo, Fila, FilasExtension, Formulario_Id, Habilitado, Heredado, IgualaAnchoColumna, Izquierda, MaximaLongitud, NroControl, Paises, Requerido, SegmentoOrigen, SoloLectura, TabOrden, TabStop, Texto, TextoControlVacio, TextoFijo, TipoControl, TituloLabel, Visible) VALUES('', '', 0, 0, '', 0, 1, 0, 0, 'var_Auxiliar2', 1, 'frmvenClientesSaldoIni', Null, 0, 0, Null, 0, 0, @disFormularios, 0, 0, 0, 0, Null, 33, Null, 1, Null, 0, -1, 0, Null, Null, 0, 'Variable', Null, 0)
INSERT INTO disControles(Alineacion, AlineacionLabel, Alto, Ancho, Ancla, Arriba, ClickNuevoBlanquea, Columna, ColumnasExtension, Control_Id, ControlaCambios, ControlParent_Id, ControlSegmento, Embebido, EsCodigoNuevo, Estilo, Fila, FilasExtension, Formulario_Id, Habilitado, Heredado, IgualaAnchoColumna, Izquierda, MaximaLongitud, NroControl, Paises, Requerido, SegmentoOrigen, SoloLectura, TabOrden, TabStop, Texto, TextoControlVacio, TextoFijo, TipoControl, TituloLabel, Visible) VALUES('', 'Izquierda', 38, 162, 'L', 1, 1, 4, 1, 'ctrtos12Importe', 1, 'Solapa_2', Null, 0, 0, 'Default', 0, 1, @disFormularios, 1, 0, 1, 1, 10, 33, Null, 0, Null, 0, 0, 1, Null, Null, 0, 'SummaAdvDisenio.Controles.DisenioTxtNumericEditor', 'Importe', 1)
INSERT INTO disControles(Alineacion, AlineacionLabel, Alto, Ancho, Ancla, Arriba, ClickNuevoBlanquea, Columna, ColumnasExtension, Control_Id, ControlaCambios, ControlParent_Id, ControlSegmento, Embebido, EsCodigoNuevo, Estilo, Fila, FilasExtension, Formulario_Id, Habilitado, Heredado, IgualaAnchoColumna, Izquierda, MaximaLongitud, NroControl, Paises, Requerido, SegmentoOrigen, SoloLectura, TabOrden, TabStop, Texto, TextoControlVacio, TextoFijo, TipoControl, TituloLabel, Visible) VALUES('', '', 0, 0, '', 0, 1, 0, 0, 'var_Auxiliar3', 1, 'frmvenClientesSaldoIni', Null, 0, 0, Null, 0, 0, @disFormularios, 0, 0, 0, 0, Null, 34, Null, 1, Null, 0, -1, 0, Null, Null, 0, 'Variable', Null, 0)
INSERT INTO disControles(Alineacion, AlineacionLabel, Alto, Ancho, Ancla, Arriba, ClickNuevoBlanquea, Columna, ColumnasExtension, Control_Id, ControlaCambios, ControlParent_Id, ControlSegmento, Embebido, EsCodigoNuevo, Estilo, Fila, FilasExtension, Formulario_Id, Habilitado, Heredado, IgualaAnchoColumna, Izquierda, MaximaLongitud, NroControl, Paises, Requerido, SegmentoOrigen, SoloLectura, TabOrden, TabStop, Texto, TextoControlVacio, TextoFijo, TipoControl, TituloLabel, Visible) VALUES('', '', 0, 0, '', 0, 1, 0, 0, 'ctrrpo9Segmento_Id[Pantalla]', 1, 'frmvenClientesSaldoIni', 'ctrrpo9Segmento_Id', 0, 0, Null, 0, 0, @disFormularios, 0, 0, 0, 0, Null, 35, Null, 1, 1, 0, -1, 0, Null, Null, 0, 'OrigenSegmento', Null, 0)
INSERT INTO disControles(Alineacion, AlineacionLabel, Alto, Ancho, Ancla, Arriba, ClickNuevoBlanquea, Columna, ColumnasExtension, Control_Id, ControlaCambios, ControlParent_Id, ControlSegmento, Embebido, EsCodigoNuevo, Estilo, Fila, FilasExtension, Formulario_Id, Habilitado, Heredado, IgualaAnchoColumna, Izquierda, MaximaLongitud, NroControl, Paises, Requerido, SegmentoOrigen, SoloLectura, TabOrden, TabStop, Texto, TextoControlVacio, TextoFijo, TipoControl, TituloLabel, Visible) VALUES('', '', 0, 0, '', 0, 1, 0, 0, 'ctrrpo9Segmento_Id[Anio]', 1, 'frmvenClientesSaldoIni', 'ctrrpo9Segmento_Id', 0, 0, Null, 0, 0, @disFormularios, 0, 0, 0, 0, Null, 36, Null, 1, 2, 0, -1, 0, Null, Null, 0, 'OrigenSegmento', Null, 0)
INSERT INTO disControles(Alineacion, AlineacionLabel, Alto, Ancho, Ancla, Arriba, ClickNuevoBlanquea, Columna, ColumnasExtension, Control_Id, ControlaCambios, ControlParent_Id, ControlSegmento, Embebido, EsCodigoNuevo, Estilo, Fila, FilasExtension, Formulario_Id, Habilitado, Heredado, IgualaAnchoColumna, Izquierda, MaximaLongitud, NroControl, Paises, Requerido, SegmentoOrigen, SoloLectura, TabOrden, TabStop, Texto, TextoControlVacio, TextoFijo, TipoControl, TituloLabel, Visible) VALUES('', '', 0, 0, '', 0, 1, 0, 0, 'ctrrpo9Segmento_Id[Mes]', 1, 'frmvenClientesSaldoIni', 'ctrrpo9Segmento_Id', 0, 0, Null, 0, 0, @disFormularios, 0, 0, 0, 0, Null, 37, Null, 1, 3, 0, -1, 0, Null, Null, 0, 'OrigenSegmento', Null, 0)
INSERT INTO disControles(Alineacion, AlineacionLabel, Alto, Ancho, Ancla, Arriba, ClickNuevoBlanquea, Columna, ColumnasExtension, Control_Id, ControlaCambios, ControlParent_Id, ControlSegmento, Embebido, EsCodigoNuevo, Estilo, Fila, FilasExtension, Formulario_Id, Habilitado, Heredado, IgualaAnchoColumna, Izquierda, MaximaLongitud, NroControl, Paises, Requerido, SegmentoOrigen, SoloLectura, TabOrden, TabStop, Texto, TextoControlVacio, TextoFijo, TipoControl, TituloLabel, Visible) VALUES('', '', 0, 0, '', 0, 1, 0, 0, 'ctrrpo9Segmento_Id[LetraVentas]', 1, 'frmvenClientesSaldoIni', 'ctrrpo9Segmento_Id', 0, 0, Null, 0, 0, @disFormularios, 0, 0, 0, 0, Null, 38, Null, 1, 5, 0, -1, 0, Null, Null, 0, 'OrigenSegmento', Null, 0)
INSERT INTO disControles(Alineacion, AlineacionLabel, Alto, Ancho, Ancla, Arriba, ClickNuevoBlanquea, Columna, ColumnasExtension, Control_Id, ControlaCambios, ControlParent_Id, ControlSegmento, Embebido, EsCodigoNuevo, Estilo, Fila, FilasExtension, Formulario_Id, Habilitado, Heredado, IgualaAnchoColumna, Izquierda, MaximaLongitud, NroControl, Paises, Requerido, SegmentoOrigen, SoloLectura, TabOrden, TabStop, Texto, TextoControlVacio, TextoFijo, TipoControl, TituloLabel, Visible) VALUES('', '', 0, 0, '', 0, 1, 0, 0, 'ctrrpo9Segmento_Id[LetraCompras]', 1, 'frmvenClientesSaldoIni', 'ctrrpo9Segmento_Id', 0, 0, Null, 0, 0, @disFormularios, 0, 0, 0, 0, Null, 39, Null, 1, 6, 0, -1, 0, Null, Null, 0, 'OrigenSegmento', Null, 0)
INSERT INTO disControles(Alineacion, AlineacionLabel, Alto, Ancho, Ancla, Arriba, ClickNuevoBlanquea, Columna, ColumnasExtension, Control_Id, ControlaCambios, ControlParent_Id, ControlSegmento, Embebido, EsCodigoNuevo, Estilo, Fila, FilasExtension, Formulario_Id, Habilitado, Heredado, IgualaAnchoColumna, Izquierda, MaximaLongitud, NroControl, Paises, Requerido, SegmentoOrigen, SoloLectura, TabOrden, TabStop, Texto, TextoControlVacio, TextoFijo, TipoControl, TituloLabel, Visible) VALUES('', '', 0, 0, '', 0, 1, 0, 0, 'ctrrpo9Segmento_Id[Ejercicio]', 1, 'frmvenClientesSaldoIni', 'ctrrpo9Segmento_Id', 0, 0, Null, 0, 0, @disFormularios, 0, 0, 0, 0, Null, 40, Null, 1, 7, 0, -1, 0, Null, Null, 0, 'OrigenSegmento', Null, 0)
INSERT INTO disControles(Alineacion, AlineacionLabel, Alto, Ancho, Ancla, Arriba, ClickNuevoBlanquea, Columna, ColumnasExtension, Control_Id, ControlaCambios, ControlParent_Id, ControlSegmento, Embebido, EsCodigoNuevo, Estilo, Fila, FilasExtension, Formulario_Id, Habilitado, Heredado, IgualaAnchoColumna, Izquierda, MaximaLongitud, NroControl, Paises, Requerido, SegmentoOrigen, SoloLectura, TabOrden, TabStop, Texto, TextoControlVacio, TextoFijo, TipoControl, TituloLabel, Visible) VALUES('', '', 0, 0, '', 0, 1, 0, 0, 'ctrrpo9Segmento_Id[TipoMov]', 1, 'frmvenClientesSaldoIni', 'ctrrpo9Segmento_Id', 0, 0, Null, 0, 0, @disFormularios, 0, 0, 0, 0, Null, 41, Null, 1, 8, 0, -1, 0, Null, Null, 0, 'OrigenSegmento', Null, 0)
INSERT INTO disControles(Alineacion, AlineacionLabel, Alto, Ancho, Ancla, Arriba, ClickNuevoBlanquea, Columna, ColumnasExtension, Control_Id, ControlaCambios, ControlParent_Id, ControlSegmento, Embebido, EsCodigoNuevo, Estilo, Fila, FilasExtension, Formulario_Id, Habilitado, Heredado, IgualaAnchoColumna, Izquierda, MaximaLongitud, NroControl, Paises, Requerido, SegmentoOrigen, SoloLectura, TabOrden, TabStop, Texto, TextoControlVacio, TextoFijo, TipoControl, TituloLabel, Visible) VALUES('', '', 0, 0, '', 0, 1, 0, 0, 'ctrrpo9Segmento_Id[Proveedor]', 1, 'frmvenClientesSaldoIni', 'ctrrpo9Segmento_Id', 0, 0, Null, 0, 0, @disFormularios, 0, 0, 0, 0, Null, 42, Null, 1, 9, 0, -1, 0, Null, Null, 0, 'OrigenSegmento', Null, 0)
INSERT INTO disControles(Alineacion, AlineacionLabel, Alto, Ancho, Ancla, Arriba, ClickNuevoBlanquea, Columna, ColumnasExtension, Control_Id, ControlaCambios, ControlParent_Id, ControlSegmento, Embebido, EsCodigoNuevo, Estilo, Fila, FilasExtension, Formulario_Id, Habilitado, Heredado, IgualaAnchoColumna, Izquierda, MaximaLongitud, NroControl, Paises, Requerido, SegmentoOrigen, SoloLectura, TabOrden, TabStop, Texto, TextoControlVacio, TextoFijo, TipoControl, TituloLabel, Visible) VALUES('', '', 0, 0, '', 0, 1, 0, 0, 'ctrrpo9Segmento_Id[Despacho]', 1, 'frmvenClientesSaldoIni', 'ctrrpo9Segmento_Id', 0, 0, Null, 0, 0, @disFormularios, 0, 0, 0, 0, Null, 43, Null, 1, 10, 0, -1, 0, Null, Null, 0, 'OrigenSegmento', Null, 0)
INSERT INTO disControles(Alineacion, AlineacionLabel, Alto, Ancho, Ancla, Arriba, ClickNuevoBlanquea, Columna, ColumnasExtension, Control_Id, ControlaCambios, ControlParent_Id, ControlSegmento, Embebido, EsCodigoNuevo, Estilo, Fila, FilasExtension, Formulario_Id, Habilitado, Heredado, IgualaAnchoColumna, Izquierda, MaximaLongitud, NroControl, Paises, Requerido, SegmentoOrigen, SoloLectura, TabOrden, TabStop, Texto, TextoControlVacio, TextoFijo, TipoControl, TituloLabel, Visible) VALUES('', '', 0, 0, '', 0, 1, 0, 0, 'ctrrpo9Segmento_Id[Sucursal]', 1, 'frmvenClientesSaldoIni', 'ctrrpo9Segmento_Id', 0, 0, Null, 0, 0, @disFormularios, 0, 0, 0, 0, Null, 44, Null, 1, 11, 0, -1, 0, Null, Null, 0, 'OrigenSegmento', Null, 0)
--disTablas
INSERT INTO disTablas(Control_Id, EsEspecializacion, Formulario_Id, Tabla_Id, TipoControl) VALUES('grdClientesParaRecorrer', 0, @disFormularios, 'ClientesParaRecorrer', 'SummaAdvDisenio.Controles.DisenioGridView')
INSERT INTO disTablas(Control_Id, EsEspecializacion, Formulario_Id, Tabla_Id, TipoControl) VALUES('grdgrdCuerpo', 0, @disFormularios, 'grdCuerpo', 'SummaAdvDisenio.Controles.DisenioGridView')
INSERT INTO disTablas(Control_Id, EsEspecializacion, Formulario_Id, Tabla_Id, TipoControl) VALUES('grdgrdImpuestos', 0, @disFormularios, 'grdImpuestos', 'SummaAdvDisenio.Controles.DisenioGridView')
INSERT INTO disTablas(Control_Id, EsEspecializacion, Formulario_Id, Tabla_Id, TipoControl) VALUES(Null, 0, @disFormularios, 'Principal', Null)
--disTablasColumnas
INSERT INTO disTablasColumnas(AdicionalControl, Columna_Id, Control_Id, EsEspecializacion, Formulario_Id, Tabla_Id, TipoControl) VALUES(Null, 'Cliente_Id', 'ctrrer20Cliente_Id', 0, @disFormularios, 'ClientesParaRecorrer', 'SummaAdvDisenio.Controles.DisenioTxtEditor')
INSERT INTO disTablasColumnas(AdicionalControl, Columna_Id, Control_Id, EsEspecializacion, Formulario_Id, Tabla_Id, TipoControl) VALUES(Null, 'Aplicado', 'ctrrpo9Aplicado', 0, @disFormularios, 'grdCuerpo', 'SummaAdvDisenio.Controles.DisenioCheck')
INSERT INTO disTablasColumnas(AdicionalControl, Columna_Id, Control_Id, EsEspecializacion, Formulario_Id, Tabla_Id, TipoControl) VALUES(Null, 'Cambio', 'ctrrpo9Cambio', 0, @disFormularios, 'grdCuerpo', 'SummaAdvDisenio.Controles.DisenioTxtNumericEditor')
INSERT INTO disTablasColumnas(AdicionalControl, Columna_Id, Control_Id, EsEspecializacion, Formulario_Id, Tabla_Id, TipoControl) VALUES(Null, 'ClaveFiscal', 'ctrrpo9ClaveFiscal', 0, @disFormularios, 'grdCuerpo', 'SummaAdvDisenio.Controles.DisenioTxtEditor')
INSERT INTO disTablasColumnas(AdicionalControl, Columna_Id, Control_Id, EsEspecializacion, Formulario_Id, Tabla_Id, TipoControl) VALUES('1', 'Cliente_Id', 'ctrrpo9Cliente_Id', 0, @disFormularios, 'grdCuerpo', 'SummaAdvDisenio.Controles.DisenioLupaAdv')
INSERT INTO disTablasColumnas(AdicionalControl, Columna_Id, Control_Id, EsEspecializacion, Formulario_Id, Tabla_Id, TipoControl) VALUES(Null, 'CuotaNro', 'ctrrpo9CuotaNro', 0, @disFormularios, 'grdCuerpo', 'SummaAdvDisenio.Controles.DisenioTxtNumericEditor')
INSERT INTO disTablasColumnas(AdicionalControl, Columna_Id, Control_Id, EsEspecializacion, Formulario_Id, Tabla_Id, TipoControl) VALUES('D', 'DescripcionMoneda', 'ctrrpo9Moneda_Id', 0, @disFormularios, 'grdCuerpo', 'SummaAdvDisenio.Controles.DisenioLupaAdv')
INSERT INTO disTablasColumnas(AdicionalControl, Columna_Id, Control_Id, EsEspecializacion, Formulario_Id, Tabla_Id, TipoControl) VALUES('D', 'DescripcionTM', 'ctrrpo9SubTipoMov_Id', 0, @disFormularios, 'grdCuerpo', 'SummaAdvDisenio.Controles.DisenioLupaAdv')
INSERT INTO disTablasColumnas(AdicionalControl, Columna_Id, Control_Id, EsEspecializacion, Formulario_Id, Tabla_Id, TipoControl) VALUES(Null, 'Fecha', 'ctrrpo9Fecha', 0, @disFormularios, 'grdCuerpo', 'SummaAdvDisenio.Controles.DisenioDatePicker')
INSERT INTO disTablasColumnas(AdicionalControl, Columna_Id, Control_Id, EsEspecializacion, Formulario_Id, Tabla_Id, TipoControl) VALUES(Null, 'FechaVencimiento', 'ctrrpo9FechaVencimiento', 0, @disFormularios, 'grdCuerpo', 'SummaAdvDisenio.Controles.DisenioDatePicker')
INSERT INTO disTablasColumnas(AdicionalControl, Columna_Id, Control_Id, EsEspecializacion, Formulario_Id, Tabla_Id, TipoControl) VALUES(Null, 'Importe', 'ctrrpo9Importe', 0, @disFormularios, 'grdCuerpo', 'SummaAdvDisenio.Controles.DisenioTxtNumericEditor')
INSERT INTO disTablasColumnas(AdicionalControl, Columna_Id, Control_Id, EsEspecializacion, Formulario_Id, Tabla_Id, TipoControl) VALUES('1', 'Moneda_Id', 'ctrrpo9Moneda_Id', 0, @disFormularios, 'grdCuerpo', 'SummaAdvDisenio.Controles.DisenioLupaAdv')
INSERT INTO disTablasColumnas(AdicionalControl, Columna_Id, Control_Id, EsEspecializacion, Formulario_Id, Tabla_Id, TipoControl) VALUES('D', 'RazonSocial', 'ctrrpo9Sucursal', 0, @disFormularios, 'grdCuerpo', 'SummaAdvDisenio.Controles.DisenioLupaAdv')
INSERT INTO disTablasColumnas(AdicionalControl, Columna_Id, Control_Id, EsEspecializacion, Formulario_Id, Tabla_Id, TipoControl) VALUES(Null, 'Renglon', 'ctrrpo9Renglon', 0, @disFormularios, 'grdCuerpo', '')
INSERT INTO disTablasColumnas(AdicionalControl, Columna_Id, Control_Id, EsEspecializacion, Formulario_Id, Tabla_Id, TipoControl) VALUES(Null, 'Segmento_Id', 'ctrrpo9Segmento_Id', 0, @disFormularios, 'grdCuerpo', 'SummaAdvDisenio.Controles.DisenioSegmento')
INSERT INTO disTablasColumnas(AdicionalControl, Columna_Id, Control_Id, EsEspecializacion, Formulario_Id, Tabla_Id, TipoControl) VALUES(Null, 'Segmento1C', 'ctrrpo9Segmento1C', 0, @disFormularios, 'grdCuerpo', 'NoUsado')
INSERT INTO disTablasColumnas(AdicionalControl, Columna_Id, Control_Id, EsEspecializacion, Formulario_Id, Tabla_Id, TipoControl) VALUES(Null, 'Segmento1N', 'ctrrpo9Segmento1N', 0, @disFormularios, 'grdCuerpo', 'NoUsado')
INSERT INTO disTablasColumnas(AdicionalControl, Columna_Id, Control_Id, EsEspecializacion, Formulario_Id, Tabla_Id, TipoControl) VALUES(Null, 'Segmento2C', 'ctrrpo9Segmento2C', 0, @disFormularios, 'grdCuerpo', 'NoUsado')
INSERT INTO disTablasColumnas(AdicionalControl, Columna_Id, Control_Id, EsEspecializacion, Formulario_Id, Tabla_Id, TipoControl) VALUES(Null, 'Segmento2N', 'ctrrpo9Segmento2N', 0, @disFormularios, 'grdCuerpo', 'NoUsado')
INSERT INTO disTablasColumnas(AdicionalControl, Columna_Id, Control_Id, EsEspecializacion, Formulario_Id, Tabla_Id, TipoControl) VALUES(Null, 'Segmento3C', 'ctrrpo9Segmento3C', 0, @disFormularios, 'grdCuerpo', 'NoUsado')
INSERT INTO disTablasColumnas(AdicionalControl, Columna_Id, Control_Id, EsEspecializacion, Formulario_Id, Tabla_Id, TipoControl) VALUES(Null, 'Segmento3N', 'ctrrpo9Segmento3N', 0, @disFormularios, 'grdCuerpo', 'NoUsado')
INSERT INTO disTablasColumnas(AdicionalControl, Columna_Id, Control_Id, EsEspecializacion, Formulario_Id, Tabla_Id, TipoControl) VALUES(Null, 'Segmento4C', 'ctrrpo9Segmento4C', 0, @disFormularios, 'grdCuerpo', 'NoUsado')
INSERT INTO disTablasColumnas(AdicionalControl, Columna_Id, Control_Id, EsEspecializacion, Formulario_Id, Tabla_Id, TipoControl) VALUES(Null, 'Segmento4N', 'ctrrpo9Segmento4N', 0, @disFormularios, 'grdCuerpo', 'NoUsado')
INSERT INTO disTablasColumnas(AdicionalControl, Columna_Id, Control_Id, EsEspecializacion, Formulario_Id, Tabla_Id, TipoControl) VALUES(Null, 'SegmentoStr', 'ctrrpo9SegmentoStr', 0, @disFormularios, 'grdCuerpo', 'SummaAdvDisenio.Controles.DisenioTxtEditor')
INSERT INTO disTablasColumnas(AdicionalControl, Columna_Id, Control_Id, EsEspecializacion, Formulario_Id, Tabla_Id, TipoControl) VALUES('1', 'SubTipoMov_Id', 'ctrrpo9SubTipoMov_Id', 0, @disFormularios, 'grdCuerpo', 'SummaAdvDisenio.Controles.DisenioLupaAdv')
INSERT INTO disTablasColumnas(AdicionalControl, Columna_Id, Control_Id, EsEspecializacion, Formulario_Id, Tabla_Id, TipoControl) VALUES('1', 'Sucursal', 'ctrrpo9Sucursal', 0, @disFormularios, 'grdCuerpo', 'SummaAdvDisenio.Controles.DisenioLupaAdv')
INSERT INTO disTablasColumnas(AdicionalControl, Columna_Id, Control_Id, EsEspecializacion, Formulario_Id, Tabla_Id, TipoControl) VALUES('1', 'SucursalComp', 'ctrrpo9SucursalComp', 0, @disFormularios, 'grdCuerpo', 'SummaAdvDisenio.Controles.DisenioLupaAdv')
INSERT INTO disTablasColumnas(AdicionalControl, Columna_Id, Control_Id, EsEspecializacion, Formulario_Id, Tabla_Id, TipoControl) VALUES(Null, 'venMovimientos', 'ctrrpo9venMovimientos', 0, @disFormularios, 'grdCuerpo', '')
INSERT INTO disTablasColumnas(AdicionalControl, Columna_Id, Control_Id, EsEspecializacion, Formulario_Id, Tabla_Id, TipoControl) VALUES(Null, 'BaseImponible', 'ctrtos12BaseImponible', 0, @disFormularios, 'grdImpuestos', 'SummaAdvDisenio.Controles.DisenioTxtNumericEditor')
INSERT INTO disTablasColumnas(AdicionalControl, Columna_Id, Control_Id, EsEspecializacion, Formulario_Id, Tabla_Id, TipoControl) VALUES('D', 'Descripcion', 'ctrtos12Impuesto_Id', 0, @disFormularios, 'grdImpuestos', 'SummaAdvDisenio.Controles.DisenioLupaAdv')
INSERT INTO disTablasColumnas(AdicionalControl, Columna_Id, Control_Id, EsEspecializacion, Formulario_Id, Tabla_Id, TipoControl) VALUES(Null, 'Importe', 'ctrtos12Importe', 0, @disFormularios, 'grdImpuestos', 'SummaAdvDisenio.Controles.DisenioTxtNumericEditor')
INSERT INTO disTablasColumnas(AdicionalControl, Columna_Id, Control_Id, EsEspecializacion, Formulario_Id, Tabla_Id, TipoControl) VALUES('1', 'Impuesto_Id', 'ctrtos12Impuesto_Id', 0, @disFormularios, 'grdImpuestos', 'SummaAdvDisenio.Controles.DisenioLupaAdv')
INSERT INTO disTablasColumnas(AdicionalControl, Columna_Id, Control_Id, EsEspecializacion, Formulario_Id, Tabla_Id, TipoControl) VALUES(Null, 'Porcentaje', 'ctrtos12Porcentaje', 0, @disFormularios, 'grdImpuestos', 'SummaAdvDisenio.Controles.DisenioTxtNumericEditor')
INSERT INTO disTablasColumnas(AdicionalControl, Columna_Id, Control_Id, EsEspecializacion, Formulario_Id, Tabla_Id, TipoControl) VALUES(Null, 'Renglon', 'ctrtos12Renglon', 0, @disFormularios, 'grdImpuestos', '')
INSERT INTO disTablasColumnas(AdicionalControl, Columna_Id, Control_Id, EsEspecializacion, Formulario_Id, Tabla_Id, TipoControl) VALUES(Null, 'venMovimientos', 'ctrtos12venMovimientos', 0, @disFormularios, 'grdImpuestos', '')
INSERT INTO disTablasColumnas(AdicionalControl, Columna_Id, Control_Id, EsEspecializacion, Formulario_Id, Tabla_Id, TipoControl) VALUES('C', 'Archivo', 'ctrArchivo', 0, @disFormularios, 'Principal', 'SummaAdvDisenio.Controles.DisenioUpLoad')
INSERT INTO disTablasColumnas(AdicionalControl, Columna_Id, Control_Id, EsEspecializacion, Formulario_Id, Tabla_Id, TipoControl) VALUES(Null, 'ClienteActual', 'ctrClienteActual', 0, @disFormularios, 'Principal', 'SummaAdvDisenio.Controles.DisenioTxtNumericEditor')
INSERT INTO disTablasColumnas(AdicionalControl, Columna_Id, Control_Id, EsEspecializacion, Formulario_Id, Tabla_Id, TipoControl) VALUES('1', 'ClienteDesde', 'ctrClienteDesde', 0, @disFormularios, 'Principal', 'SummaAdvDisenio.Controles.DisenioLupaAdv')
INSERT INTO disTablasColumnas(AdicionalControl, Columna_Id, Control_Id, EsEspecializacion, Formulario_Id, Tabla_Id, TipoControl) VALUES('1', 'ClienteHasta', 'ctrClienteHasta', 0, @disFormularios, 'Principal', 'SummaAdvDisenio.Controles.DisenioLupaAdv')
INSERT INTO disTablasColumnas(AdicionalControl, Columna_Id, Control_Id, EsEspecializacion, Formulario_Id, Tabla_Id, TipoControl) VALUES(Null, 'ClienteHasta_Nueva', 'ctrClienteHasta_Nueva', 0, @disFormularios, 'Principal', 'SummaAdvDisenio.Controles.DisenioTxtEditor')
INSERT INTO disTablasColumnas(AdicionalControl, Columna_Id, Control_Id, EsEspecializacion, Formulario_Id, Tabla_Id, TipoControl) VALUES(Null, 'Empresa_Id', 'ctrEmpresa_Id', 0, @disFormularios, 'Principal', 'NoUsado')
INSERT INTO disTablasColumnas(AdicionalControl, Columna_Id, Control_Id, EsEspecializacion, Formulario_Id, Tabla_Id, TipoControl) VALUES(Null, 'Existe', 'ctrExiste', 0, @disFormularios, 'Principal', 'NoUsado')
INSERT INTO disTablasColumnas(AdicionalControl, Columna_Id, Control_Id, EsEspecializacion, Formulario_Id, Tabla_Id, TipoControl) VALUES(Null, 'Mensaje', 'ctrMensaje', 0, @disFormularios, 'Principal', 'SummaAdvDisenio.Controles.DisenioTxtEditor')
INSERT INTO disTablasColumnas(AdicionalControl, Columna_Id, Control_Id, EsEspecializacion, Formulario_Id, Tabla_Id, TipoControl) VALUES(Null, 'Termino', 'ctrTermino', 0, @disFormularios, 'Principal', 'SummaAdvDisenio.Controles.DisenioTxtEditor')
--disControlesSolapa
INSERT INTO disControlesSolapa(CantColumnas, CantFilas, Control_Id, Formulario_Id, FormularioPopup_Id, Parametros, Posicion, TablaPrimaria, TamanioPopup, TieneBtnCerrar, TieneBtnGuardar, TipoPopup) VALUES(6, 12, 'Solapa_1', @disFormularios, Null, Null, 1, 'grdCuerpo', 'Medium', 0, 0, 'EdicionFilaGrilla')
INSERT INTO disControlesSolapa(CantColumnas, CantFilas, Control_Id, Formulario_Id, FormularioPopup_Id, Parametros, Posicion, TablaPrimaria, TamanioPopup, TieneBtnCerrar, TieneBtnGuardar, TipoPopup) VALUES(6, 12, 'Solapa_2', @disFormularios, Null, Null, 2, 'grdImpuestos', 'Medium', 0, 0, 'EdicionFilaGrilla')
INSERT INTO disControlesSolapa(CantColumnas, CantFilas, Control_Id, Formulario_Id, FormularioPopup_Id, Parametros, Posicion, TablaPrimaria, TamanioPopup, TieneBtnCerrar, TieneBtnGuardar, TipoPopup) VALUES(6, 13, 'Solapa_Datos', @disFormularios, Null, Null, 0, Null, 'Medium', 0, 0, 'Ninguno')
--disControlesFilaSolapa
INSERT INTO disControlesFilaSolapa(Alto, Control_Id, Fila, Formulario_Id, TipoValor) VALUES(40, 'Solapa_1', 0, @disFormularios, 'A')
INSERT INTO disControlesFilaSolapa(Alto, Control_Id, Fila, Formulario_Id, TipoValor) VALUES(40, 'Solapa_1', 1, @disFormularios, 'A')
INSERT INTO disControlesFilaSolapa(Alto, Control_Id, Fila, Formulario_Id, TipoValor) VALUES(40, 'Solapa_1', 2, @disFormularios, 'A')
INSERT INTO disControlesFilaSolapa(Alto, Control_Id, Fila, Formulario_Id, TipoValor) VALUES(40, 'Solapa_1', 3, @disFormularios, 'A')
INSERT INTO disControlesFilaSolapa(Alto, Control_Id, Fila, Formulario_Id, TipoValor) VALUES(40, 'Solapa_1', 4, @disFormularios, 'A')
INSERT INTO disControlesFilaSolapa(Alto, Control_Id, Fila, Formulario_Id, TipoValor) VALUES(40, 'Solapa_1', 5, @disFormularios, 'A')
INSERT INTO disControlesFilaSolapa(Alto, Control_Id, Fila, Formulario_Id, TipoValor) VALUES(40, 'Solapa_1', 6, @disFormularios, 'A')
INSERT INTO disControlesFilaSolapa(Alto, Control_Id, Fila, Formulario_Id, TipoValor) VALUES(40, 'Solapa_1', 7, @disFormularios, 'A')
INSERT INTO disControlesFilaSolapa(Alto, Control_Id, Fila, Formulario_Id, TipoValor) VALUES(40, 'Solapa_1', 8, @disFormularios, 'A')
INSERT INTO disControlesFilaSolapa(Alto, Control_Id, Fila, Formulario_Id, TipoValor) VALUES(40, 'Solapa_1', 9, @disFormularios, 'A')
INSERT INTO disControlesFilaSolapa(Alto, Control_Id, Fila, Formulario_Id, TipoValor) VALUES(40, 'Solapa_1', 10, @disFormularios, 'A')
INSERT INTO disControlesFilaSolapa(Alto, Control_Id, Fila, Formulario_Id, TipoValor) VALUES(40, 'Solapa_1', 11, @disFormularios, 'A')
INSERT INTO disControlesFilaSolapa(Alto, Control_Id, Fila, Formulario_Id, TipoValor) VALUES(40, 'Solapa_2', 0, @disFormularios, 'A')
INSERT INTO disControlesFilaSolapa(Alto, Control_Id, Fila, Formulario_Id, TipoValor) VALUES(40, 'Solapa_2', 1, @disFormularios, 'A')
INSERT INTO disControlesFilaSolapa(Alto, Control_Id, Fila, Formulario_Id, TipoValor) VALUES(40, 'Solapa_2', 2, @disFormularios, 'A')
INSERT INTO disControlesFilaSolapa(Alto, Control_Id, Fila, Formulario_Id, TipoValor) VALUES(40, 'Solapa_2', 3, @disFormularios, 'A')
INSERT INTO disControlesFilaSolapa(Alto, Control_Id, Fila, Formulario_Id, TipoValor) VALUES(40, 'Solapa_2', 4, @disFormularios, 'A')
INSERT INTO disControlesFilaSolapa(Alto, Control_Id, Fila, Formulario_Id, TipoValor) VALUES(40, 'Solapa_2', 5, @disFormularios, 'A')
INSERT INTO disControlesFilaSolapa(Alto, Control_Id, Fila, Formulario_Id, TipoValor) VALUES(40, 'Solapa_2', 6, @disFormularios, 'A')
INSERT INTO disControlesFilaSolapa(Alto, Control_Id, Fila, Formulario_Id, TipoValor) VALUES(40, 'Solapa_2', 7, @disFormularios, 'A')
INSERT INTO disControlesFilaSolapa(Alto, Control_Id, Fila, Formulario_Id, TipoValor) VALUES(40, 'Solapa_2', 8, @disFormularios, 'A')
INSERT INTO disControlesFilaSolapa(Alto, Control_Id, Fila, Formulario_Id, TipoValor) VALUES(40, 'Solapa_2', 9, @disFormularios, 'A')
INSERT INTO disControlesFilaSolapa(Alto, Control_Id, Fila, Formulario_Id, TipoValor) VALUES(40, 'Solapa_2', 10, @disFormularios, 'A')
INSERT INTO disControlesFilaSolapa(Alto, Control_Id, Fila, Formulario_Id, TipoValor) VALUES(40, 'Solapa_2', 11, @disFormularios, 'A')
INSERT INTO disControlesFilaSolapa(Alto, Control_Id, Fila, Formulario_Id, TipoValor) VALUES(40, 'Solapa_Datos', 0, @disFormularios, 'A')
INSERT INTO disControlesFilaSolapa(Alto, Control_Id, Fila, Formulario_Id, TipoValor) VALUES(40, 'Solapa_Datos', 1, @disFormularios, 'A')
INSERT INTO disControlesFilaSolapa(Alto, Control_Id, Fila, Formulario_Id, TipoValor) VALUES(40, 'Solapa_Datos', 2, @disFormularios, 'A')
INSERT INTO disControlesFilaSolapa(Alto, Control_Id, Fila, Formulario_Id, TipoValor) VALUES(40, 'Solapa_Datos', 3, @disFormularios, 'A')
INSERT INTO disControlesFilaSolapa(Alto, Control_Id, Fila, Formulario_Id, TipoValor) VALUES(40, 'Solapa_Datos', 4, @disFormularios, 'A')
INSERT INTO disControlesFilaSolapa(Alto, Control_Id, Fila, Formulario_Id, TipoValor) VALUES(40, 'Solapa_Datos', 5, @disFormularios, 'A')
INSERT INTO disControlesFilaSolapa(Alto, Control_Id, Fila, Formulario_Id, TipoValor) VALUES(40, 'Solapa_Datos', 6, @disFormularios, 'A')
INSERT INTO disControlesFilaSolapa(Alto, Control_Id, Fila, Formulario_Id, TipoValor) VALUES(40, 'Solapa_Datos', 7, @disFormularios, 'A')
INSERT INTO disControlesFilaSolapa(Alto, Control_Id, Fila, Formulario_Id, TipoValor) VALUES(40, 'Solapa_Datos', 8, @disFormularios, 'A')
INSERT INTO disControlesFilaSolapa(Alto, Control_Id, Fila, Formulario_Id, TipoValor) VALUES(40, 'Solapa_Datos', 9, @disFormularios, 'A')
INSERT INTO disControlesFilaSolapa(Alto, Control_Id, Fila, Formulario_Id, TipoValor) VALUES(40, 'Solapa_Datos', 10, @disFormularios, 'A')
INSERT INTO disControlesFilaSolapa(Alto, Control_Id, Fila, Formulario_Id, TipoValor) VALUES(40, 'Solapa_Datos', 11, @disFormularios, 'A')
INSERT INTO disControlesFilaSolapa(Alto, Control_Id, Fila, Formulario_Id, TipoValor) VALUES(40, 'Solapa_Datos', 12, @disFormularios, 'A')
--disControlesColumnaSolapa
INSERT INTO disControlesColumnaSolapa(Ancho, Columna, Control_Id, Formulario_Id, TipoValor) VALUES(16, 0, 'Solapa_1', @disFormularios, 'P')
INSERT INTO disControlesColumnaSolapa(Ancho, Columna, Control_Id, Formulario_Id, TipoValor) VALUES(16, 1, 'Solapa_1', @disFormularios, 'P')
INSERT INTO disControlesColumnaSolapa(Ancho, Columna, Control_Id, Formulario_Id, TipoValor) VALUES(16, 2, 'Solapa_1', @disFormularios, 'P')
INSERT INTO disControlesColumnaSolapa(Ancho, Columna, Control_Id, Formulario_Id, TipoValor) VALUES(16, 3, 'Solapa_1', @disFormularios, 'P')
INSERT INTO disControlesColumnaSolapa(Ancho, Columna, Control_Id, Formulario_Id, TipoValor) VALUES(16, 4, 'Solapa_1', @disFormularios, 'P')
INSERT INTO disControlesColumnaSolapa(Ancho, Columna, Control_Id, Formulario_Id, TipoValor) VALUES(20, 5, 'Solapa_1', @disFormularios, 'P')
INSERT INTO disControlesColumnaSolapa(Ancho, Columna, Control_Id, Formulario_Id, TipoValor) VALUES(16, 0, 'Solapa_2', @disFormularios, 'P')
INSERT INTO disControlesColumnaSolapa(Ancho, Columna, Control_Id, Formulario_Id, TipoValor) VALUES(16, 1, 'Solapa_2', @disFormularios, 'P')
INSERT INTO disControlesColumnaSolapa(Ancho, Columna, Control_Id, Formulario_Id, TipoValor) VALUES(16, 2, 'Solapa_2', @disFormularios, 'P')
INSERT INTO disControlesColumnaSolapa(Ancho, Columna, Control_Id, Formulario_Id, TipoValor) VALUES(16, 3, 'Solapa_2', @disFormularios, 'P')
INSERT INTO disControlesColumnaSolapa(Ancho, Columna, Control_Id, Formulario_Id, TipoValor) VALUES(16, 4, 'Solapa_2', @disFormularios, 'P')
INSERT INTO disControlesColumnaSolapa(Ancho, Columna, Control_Id, Formulario_Id, TipoValor) VALUES(20, 5, 'Solapa_2', @disFormularios, 'P')
INSERT INTO disControlesColumnaSolapa(Ancho, Columna, Control_Id, Formulario_Id, TipoValor) VALUES(16, 0, 'Solapa_Datos', @disFormularios, 'P')
INSERT INTO disControlesColumnaSolapa(Ancho, Columna, Control_Id, Formulario_Id, TipoValor) VALUES(16, 1, 'Solapa_Datos', @disFormularios, 'P')
INSERT INTO disControlesColumnaSolapa(Ancho, Columna, Control_Id, Formulario_Id, TipoValor) VALUES(16, 2, 'Solapa_Datos', @disFormularios, 'P')
INSERT INTO disControlesColumnaSolapa(Ancho, Columna, Control_Id, Formulario_Id, TipoValor) VALUES(16, 3, 'Solapa_Datos', @disFormularios, 'P')
INSERT INTO disControlesColumnaSolapa(Ancho, Columna, Control_Id, Formulario_Id, TipoValor) VALUES(16, 4, 'Solapa_Datos', @disFormularios, 'P')
INSERT INTO disControlesColumnaSolapa(Ancho, Columna, Control_Id, Formulario_Id, TipoValor) VALUES(20, 5, 'Solapa_Datos', @disFormularios, 'P')
--disControlesGrilla
INSERT INTO disControlesGrilla(AccionNuevoValorNodo, AnchoColPorContenido, AnchoColumnasFijas, AnchoMinimo, AutoFormateable, ColFormatoNumericoFila, ColumnaColorFondoFila, ColumnaColorTextoFila, ColumnasFijas, ColumnasOcultas, ColumnasSoloLectura, ColumnasTotalizarCantidad, ColumnasTotalizarMaximo, ColumnasTotalizarMinimo, ColumnasTotalizarPromedio, ColumnasTotalizarSuma, Control_Id, EditaEnGrilla, EsArbol, EsGrillaAdjuntos, FilasAMostrar, Formulario_Id, NombreColCalculoTotal, PermiteAgregarFilas, PermiteBorrarFilas, PermiteCambiarOrden, PermiteEditarCeldas, PermiteOrdenMultiCols, RegistrosxPagina, TotalizaColumnas) VALUES('Ninguna', 0, Null, 0, 0, Null, Null, Null, Null, Null, Null, Null, Null, Null, Null, Null, 'grdClientesParaRecorrer', 0, 0, 0, 0, @disFormularios, Null, 1, 1, 0, 1, 0, 0, 0)
INSERT INTO disControlesGrilla(AccionNuevoValorNodo, AnchoColPorContenido, AnchoColumnasFijas, AnchoMinimo, AutoFormateable, ColFormatoNumericoFila, ColumnaColorFondoFila, ColumnaColorTextoFila, ColumnasFijas, ColumnasOcultas, ColumnasSoloLectura, ColumnasTotalizarCantidad, ColumnasTotalizarMaximo, ColumnasTotalizarMinimo, ColumnasTotalizarPromedio, ColumnasTotalizarSuma, Control_Id, EditaEnGrilla, EsArbol, EsGrillaAdjuntos, FilasAMostrar, Formulario_Id, NombreColCalculoTotal, PermiteAgregarFilas, PermiteBorrarFilas, PermiteCambiarOrden, PermiteEditarCeldas, PermiteOrdenMultiCols, RegistrosxPagina, TotalizaColumnas) VALUES('Ninguna', 0, Null, 0, 0, Null, Null, Null, Null, Null, Null, Null, Null, Null, Null, Null, 'grdgrdCuerpo', 0, 0, 0, 0, @disFormularios, Null, 1, 1, 0, 1, 0, 50, 0)
INSERT INTO disControlesGrilla(AccionNuevoValorNodo, AnchoColPorContenido, AnchoColumnasFijas, AnchoMinimo, AutoFormateable, ColFormatoNumericoFila, ColumnaColorFondoFila, ColumnaColorTextoFila, ColumnasFijas, ColumnasOcultas, ColumnasSoloLectura, ColumnasTotalizarCantidad, ColumnasTotalizarMaximo, ColumnasTotalizarMinimo, ColumnasTotalizarPromedio, ColumnasTotalizarSuma, Control_Id, EditaEnGrilla, EsArbol, EsGrillaAdjuntos, FilasAMostrar, Formulario_Id, NombreColCalculoTotal, PermiteAgregarFilas, PermiteBorrarFilas, PermiteCambiarOrden, PermiteEditarCeldas, PermiteOrdenMultiCols, RegistrosxPagina, TotalizaColumnas) VALUES('Ninguna', 0, Null, 0, 0, Null, Null, Null, Null, Null, Null, Null, Null, Null, Null, Null, 'grdgrdImpuestos', 0, 0, 0, 0, @disFormularios, Null, 1, 1, 0, 1, 0, 0, 0)
--disControlesGrillaColumnas
INSERT INTO disControlesGrillaColumnas(Alineacion, Ancho, AnchoMinimo, AnchoVariable, AutoNumerico, ColumnaColorFondoCelda, ColumnaColorTextoCelda, CongelarTamanio, Control_Id, ControlColumna_Id, EsParamAccionBoton, EsPrimaryKey, Formato, Formulario_Id, Heredado, Identidad_Id, ItemsCombo, ModoOrdenamiento, ModoTamanioVariable, NombreCampo, Posicion, Requerido, SoloLectura, Texto, TextoColumnaVacia, TipoDato, Titulo, TotalizarCantidad, TotalizarMaximo, TotalizarMinimo, TotalizarPromedio, TotalizarSuma, Visible) VALUES('izquierda', 100, 5, 1, 0, Null, Null, 0, 'grdClientesParaRecorrer', Null, 0, 0, Null, @disFormularios, 0, Null, Null, 'Automatic', 'NotSet', 'Cliente_Id', 0, 0, 0, Null, Null, 'String', 'Cliente_Id', 0, 0, 0, 0, 0, 1)
INSERT INTO disControlesGrillaColumnas(Alineacion, Ancho, AnchoMinimo, AnchoVariable, AutoNumerico, ColumnaColorFondoCelda, ColumnaColorTextoCelda, CongelarTamanio, Control_Id, ControlColumna_Id, EsParamAccionBoton, EsPrimaryKey, Formato, Formulario_Id, Heredado, Identidad_Id, ItemsCombo, ModoOrdenamiento, ModoTamanioVariable, NombreCampo, Posicion, Requerido, SoloLectura, Texto, TextoColumnaVacia, TipoDato, Titulo, TotalizarCantidad, TotalizarMaximo, TotalizarMinimo, TotalizarPromedio, TotalizarSuma, Visible) VALUES('izquierda', 100, 5, 1, 0, Null, Null, 0, 'grdgrdCuerpo', Null, 0, 0, Null, @disFormularios, 0, Null, Null, 'NotSortable', 'NotSet', 'Aplicado', 12, 0, 0, Null, Null, 'Boolean', 'Aplicado', 0, 0, 0, 0, 0, 1)
INSERT INTO disControlesGrillaColumnas(Alineacion, Ancho, AnchoMinimo, AnchoVariable, AutoNumerico, ColumnaColorFondoCelda, ColumnaColorTextoCelda, CongelarTamanio, Control_Id, ControlColumna_Id, EsParamAccionBoton, EsPrimaryKey, Formato, Formulario_Id, Heredado, Identidad_Id, ItemsCombo, ModoOrdenamiento, ModoTamanioVariable, NombreCampo, Posicion, Requerido, SoloLectura, Texto, TextoColumnaVacia, TipoDato, Titulo, TotalizarCantidad, TotalizarMaximo, TotalizarMinimo, TotalizarPromedio, TotalizarSuma, Visible) VALUES('izquierda', 100, 5, 1, 0, Null, Null, 0, 'grdgrdCuerpo', Null, 0, 0, Null, @disFormularios, 0, Null, Null, 'Automatic', 'NotSet', 'Cambio', 8, 0, 0, Null, Null, 'Decimal', 'Cambio', 0, 0, 0, 0, 0, 0)
INSERT INTO disControlesGrillaColumnas(Alineacion, Ancho, AnchoMinimo, AnchoVariable, AutoNumerico, ColumnaColorFondoCelda, ColumnaColorTextoCelda, CongelarTamanio, Control_Id, ControlColumna_Id, EsParamAccionBoton, EsPrimaryKey, Formato, Formulario_Id, Heredado, Identidad_Id, ItemsCombo, ModoOrdenamiento, ModoTamanioVariable, NombreCampo, Posicion, Requerido, SoloLectura, Texto, TextoColumnaVacia, TipoDato, Titulo, TotalizarCantidad, TotalizarMaximo, TotalizarMinimo, TotalizarPromedio, TotalizarSuma, Visible) VALUES('izquierda', 100, 5, 1, 0, Null, Null, 0, 'grdgrdCuerpo', Null, 0, 0, Null, @disFormularios, 0, Null, Null, 'Automatic', 'NotSet', 'ClaveFiscal', 11, 0, 0, Null, Null, 'String', 'ClaveFiscal', 0, 0, 0, 0, 0, 0)
INSERT INTO disControlesGrillaColumnas(Alineacion, Ancho, AnchoMinimo, AnchoVariable, AutoNumerico, ColumnaColorFondoCelda, ColumnaColorTextoCelda, CongelarTamanio, Control_Id, ControlColumna_Id, EsParamAccionBoton, EsPrimaryKey, Formato, Formulario_Id, Heredado, Identidad_Id, ItemsCombo, ModoOrdenamiento, ModoTamanioVariable, NombreCampo, Posicion, Requerido, SoloLectura, Texto, TextoColumnaVacia, TipoDato, Titulo, TotalizarCantidad, TotalizarMaximo, TotalizarMinimo, TotalizarPromedio, TotalizarSuma, Visible) VALUES('izquierda', 100, 5, 1, 0, Null, Null, 0, 'grdgrdCuerpo', Null, 0, 0, Null, @disFormularios, 0, Null, Null, 'Automatic', 'NotSet', 'Cliente_Id', 0, 0, 0, Null, Null, 'String', 'Cliente_Id', 0, 0, 0, 0, 0, 1)
INSERT INTO disControlesGrillaColumnas(Alineacion, Ancho, AnchoMinimo, AnchoVariable, AutoNumerico, ColumnaColorFondoCelda, ColumnaColorTextoCelda, CongelarTamanio, Control_Id, ControlColumna_Id, EsParamAccionBoton, EsPrimaryKey, Formato, Formulario_Id, Heredado, Identidad_Id, ItemsCombo, ModoOrdenamiento, ModoTamanioVariable, NombreCampo, Posicion, Requerido, SoloLectura, Texto, TextoColumnaVacia, TipoDato, Titulo, TotalizarCantidad, TotalizarMaximo, TotalizarMinimo, TotalizarPromedio, TotalizarSuma, Visible) VALUES('izquierda', 100, 5, 1, 0, Null, Null, 0, 'grdgrdCuerpo', Null, 0, 0, Null, @disFormularios, 0, Null, Null, 'Automatic', 'NotSet', 'CuotaNro', 9, 0, 0, Null, Null, 'Int16', 'CuotaNro', 0, 0, 0, 0, 0, 1)
INSERT INTO disControlesGrillaColumnas(Alineacion, Ancho, AnchoMinimo, AnchoVariable, AutoNumerico, ColumnaColorFondoCelda, ColumnaColorTextoCelda, CongelarTamanio, Control_Id, ControlColumna_Id, EsParamAccionBoton, EsPrimaryKey, Formato, Formulario_Id, Heredado, Identidad_Id, ItemsCombo, ModoOrdenamiento, ModoTamanioVariable, NombreCampo, Posicion, Requerido, SoloLectura, Texto, TextoColumnaVacia, TipoDato, Titulo, TotalizarCantidad, TotalizarMaximo, TotalizarMinimo, TotalizarPromedio, TotalizarSuma, Visible) VALUES('izquierda', 100, 5, 1, 0, Null, Null, 0, 'grdgrdCuerpo', Null, 0, 0, Null, @disFormularios, 0, Null, Null, 'Automatic', 'NotSet', 'DescripcionMoneda', 14, 0, 1, Null, Null, 'String', 'DescripcionMoneda', 0, 0, 0, 0, 0, 0)
INSERT INTO disControlesGrillaColumnas(Alineacion, Ancho, AnchoMinimo, AnchoVariable, AutoNumerico, ColumnaColorFondoCelda, ColumnaColorTextoCelda, CongelarTamanio, Control_Id, ControlColumna_Id, EsParamAccionBoton, EsPrimaryKey, Formato, Formulario_Id, Heredado, Identidad_Id, ItemsCombo, ModoOrdenamiento, ModoTamanioVariable, NombreCampo, Posicion, Requerido, SoloLectura, Texto, TextoColumnaVacia, TipoDato, Titulo, TotalizarCantidad, TotalizarMaximo, TotalizarMinimo, TotalizarPromedio, TotalizarSuma, Visible) VALUES('izquierda', 100, 5, 1, 0, Null, Null, 0, 'grdgrdCuerpo', Null, 0, 0, Null, @disFormularios, 0, Null, Null, 'Automatic', 'NotSet', 'DescripcionTM', 16, 0, 1, Null, Null, 'String', 'DescripcionTM', 0, 0, 0, 0, 0, 0)
INSERT INTO disControlesGrillaColumnas(Alineacion, Ancho, AnchoMinimo, AnchoVariable, AutoNumerico, ColumnaColorFondoCelda, ColumnaColorTextoCelda, CongelarTamanio, Control_Id, ControlColumna_Id, EsParamAccionBoton, EsPrimaryKey, Formato, Formulario_Id, Heredado, Identidad_Id, ItemsCombo, ModoOrdenamiento, ModoTamanioVariable, NombreCampo, Posicion, Requerido, SoloLectura, Texto, TextoColumnaVacia, TipoDato, Titulo, TotalizarCantidad, TotalizarMaximo, TotalizarMinimo, TotalizarPromedio, TotalizarSuma, Visible) VALUES('izquierda', 100, 5, 1, 0, Null, Null, 0, 'grdgrdCuerpo', Null, 0, 0, Null, @disFormularios, 0, Null, Null, 'Automatic', 'NotSet', 'Fecha', 6, 0, 0, Null, Null, 'DateTime', 'Fecha', 0, 0, 0, 0, 0, 1)
INSERT INTO disControlesGrillaColumnas(Alineacion, Ancho, AnchoMinimo, AnchoVariable, AutoNumerico, ColumnaColorFondoCelda, ColumnaColorTextoCelda, CongelarTamanio, Control_Id, ControlColumna_Id, EsParamAccionBoton, EsPrimaryKey, Formato, Formulario_Id, Heredado, Identidad_Id, ItemsCombo, ModoOrdenamiento, ModoTamanioVariable, NombreCampo, Posicion, Requerido, SoloLectura, Texto, TextoColumnaVacia, TipoDato, Titulo, TotalizarCantidad, TotalizarMaximo, TotalizarMinimo, TotalizarPromedio, TotalizarSuma, Visible) VALUES('izquierda', 100, 5, 1, 0, Null, Null, 0, 'grdgrdCuerpo', Null, 0, 0, Null, @disFormularios, 0, Null, Null, 'Automatic', 'NotSet', 'FechaVencimiento', 13, 0, 0, Null, Null, 'DateTime', 'FechaVencimiento', 0, 0, 0, 0, 0, 0)
INSERT INTO disControlesGrillaColumnas(Alineacion, Ancho, AnchoMinimo, AnchoVariable, AutoNumerico, ColumnaColorFondoCelda, ColumnaColorTextoCelda, CongelarTamanio, Control_Id, ControlColumna_Id, EsParamAccionBoton, EsPrimaryKey, Formato, Formulario_Id, Heredado, Identidad_Id, ItemsCombo, ModoOrdenamiento, ModoTamanioVariable, NombreCampo, Posicion, Requerido, SoloLectura, Texto, TextoColumnaVacia, TipoDato, Titulo, TotalizarCantidad, TotalizarMaximo, TotalizarMinimo, TotalizarPromedio, TotalizarSuma, Visible) VALUES('izquierda', 100, 5, 1, 0, Null, Null, 0, 'grdgrdCuerpo', Null, 0, 0, Null, @disFormularios, 0, Null, Null, 'Automatic', 'NotSet', 'Importe', 10, 0, 0, Null, Null, 'Decimal', 'Importe', 0, 0, 0, 0, 0, 1)
INSERT INTO disControlesGrillaColumnas(Alineacion, Ancho, AnchoMinimo, AnchoVariable, AutoNumerico, ColumnaColorFondoCelda, ColumnaColorTextoCelda, CongelarTamanio, Control_Id, ControlColumna_Id, EsParamAccionBoton, EsPrimaryKey, Formato, Formulario_Id, Heredado, Identidad_Id, ItemsCombo, ModoOrdenamiento, ModoTamanioVariable, NombreCampo, Posicion, Requerido, SoloLectura, Texto, TextoColumnaVacia, TipoDato, Titulo, TotalizarCantidad, TotalizarMaximo, TotalizarMinimo, TotalizarPromedio, TotalizarSuma, Visible) VALUES('izquierda', 100, 5, 1, 0, Null, Null, 0, 'grdgrdCuerpo', Null, 0, 0, Null, @disFormularios, 0, Null, Null, 'Automatic', 'NotSet', 'Moneda_Id', 7, 0, 0, Null, Null, 'String', 'Moneda_Id', 0, 0, 0, 0, 0, 1)
INSERT INTO disControlesGrillaColumnas(Alineacion, Ancho, AnchoMinimo, AnchoVariable, AutoNumerico, ColumnaColorFondoCelda, ColumnaColorTextoCelda, CongelarTamanio, Control_Id, ControlColumna_Id, EsParamAccionBoton, EsPrimaryKey, Formato, Formulario_Id, Heredado, Identidad_Id, ItemsCombo, ModoOrdenamiento, ModoTamanioVariable, NombreCampo, Posicion, Requerido, SoloLectura, Texto, TextoColumnaVacia, TipoDato, Titulo, TotalizarCantidad, TotalizarMaximo, TotalizarMinimo, TotalizarPromedio, TotalizarSuma, Visible) VALUES('izquierda', 100, 5, 1, 0, Null, Null, 0, 'grdgrdCuerpo', Null, 0, 0, Null, @disFormularios, 0, Null, Null, 'Automatic', 'NotSet', 'RazonSocial', 2, 0, 1, Null, Null, 'String', 'RazonSocial', 0, 0, 0, 0, 0, 1)
INSERT INTO disControlesGrillaColumnas(Alineacion, Ancho, AnchoMinimo, AnchoVariable, AutoNumerico, ColumnaColorFondoCelda, ColumnaColorTextoCelda, CongelarTamanio, Control_Id, ControlColumna_Id, EsParamAccionBoton, EsPrimaryKey, Formato, Formulario_Id, Heredado, Identidad_Id, ItemsCombo, ModoOrdenamiento, ModoTamanioVariable, NombreCampo, Posicion, Requerido, SoloLectura, Texto, TextoColumnaVacia, TipoDato, Titulo, TotalizarCantidad, TotalizarMaximo, TotalizarMinimo, TotalizarPromedio, TotalizarSuma, Visible) VALUES('izquierda', 100, 5, 1, 1, Null, Null, 0, 'grdgrdCuerpo', Null, 0, 0, Null, @disFormularios, 0, Null, Null, 'Automatic', 'NotSet', 'Renglon', 15, 0, 0, Null, Null, 'Int64', 'Renglon', 0, 0, 0, 0, 0, 0)
INSERT INTO disControlesGrillaColumnas(Alineacion, Ancho, AnchoMinimo, AnchoVariable, AutoNumerico, ColumnaColorFondoCelda, ColumnaColorTextoCelda, CongelarTamanio, Control_Id, ControlColumna_Id, EsParamAccionBoton, EsPrimaryKey, Formato, Formulario_Id, Heredado, Identidad_Id, ItemsCombo, ModoOrdenamiento, ModoTamanioVariable, NombreCampo, Posicion, Requerido, SoloLectura, Texto, TextoColumnaVacia, TipoDato, Titulo, TotalizarCantidad, TotalizarMaximo, TotalizarMinimo, TotalizarPromedio, TotalizarSuma, Visible) VALUES('izquierda', 100, 5, 1, 0, Null, Null, 0, 'grdgrdCuerpo', Null, 0, 0, Null, @disFormularios, 0, Null, Null, 'Automatic', 'NotSet', 'Segmento_Id', 5, 0, 0, Null, Null, 'String', 'Segmento_Id', 0, 0, 0, 0, 0, 0)
INSERT INTO disControlesGrillaColumnas(Alineacion, Ancho, AnchoMinimo, AnchoVariable, AutoNumerico, ColumnaColorFondoCelda, ColumnaColorTextoCelda, CongelarTamanio, Control_Id, ControlColumna_Id, EsParamAccionBoton, EsPrimaryKey, Formato, Formulario_Id, Heredado, Identidad_Id, ItemsCombo, ModoOrdenamiento, ModoTamanioVariable, NombreCampo, Posicion, Requerido, SoloLectura, Texto, TextoColumnaVacia, TipoDato, Titulo, TotalizarCantidad, TotalizarMaximo, TotalizarMinimo, TotalizarPromedio, TotalizarSuma, Visible) VALUES('izquierda', 100, 5, 1, 0, Null, Null, 0, 'grdgrdCuerpo', Null, 0, 0, Null, @disFormularios, 0, Null, Null, 'Automatic', 'NotSet', 'SegmentoStr', 3, 0, 0, Null, Null, 'String', 'SegmentoStr', 0, 0, 0, 0, 0, 1)
INSERT INTO disControlesGrillaColumnas(Alineacion, Ancho, AnchoMinimo, AnchoVariable, AutoNumerico, ColumnaColorFondoCelda, ColumnaColorTextoCelda, CongelarTamanio, Control_Id, ControlColumna_Id, EsParamAccionBoton, EsPrimaryKey, Formato, Formulario_Id, Heredado, Identidad_Id, ItemsCombo, ModoOrdenamiento, ModoTamanioVariable, NombreCampo, Posicion, Requerido, SoloLectura, Texto, TextoColumnaVacia, TipoDato, Titulo, TotalizarCantidad, TotalizarMaximo, TotalizarMinimo, TotalizarPromedio, TotalizarSuma, Visible) VALUES('izquierda', 100, 5, 1, 0, Null, Null, 0, 'grdgrdCuerpo', Null, 0, 0, Null, @disFormularios, 0, Null, Null, 'Automatic', 'NotSet', 'SubTipoMov_Id', 4, 0, 0, Null, Null, 'String', 'SubTipoMov_Id', 0, 0, 0, 0, 0, 1)
INSERT INTO disControlesGrillaColumnas(Alineacion, Ancho, AnchoMinimo, AnchoVariable, AutoNumerico, ColumnaColorFondoCelda, ColumnaColorTextoCelda, CongelarTamanio, Control_Id, ControlColumna_Id, EsParamAccionBoton, EsPrimaryKey, Formato, Formulario_Id, Heredado, Identidad_Id, ItemsCombo, ModoOrdenamiento, ModoTamanioVariable, NombreCampo, Posicion, Requerido, SoloLectura, Texto, TextoColumnaVacia, TipoDato, Titulo, TotalizarCantidad, TotalizarMaximo, TotalizarMinimo, TotalizarPromedio, TotalizarSuma, Visible) VALUES('izquierda', 100, 5, 1, 0, Null, Null, 0, 'grdgrdCuerpo', Null, 0, 0, Null, @disFormularios, 0, Null, Null, 'Automatic', 'NotSet', 'Sucursal', 1, 0, 0, Null, Null, 'Int32', 'Sucursal', 0, 0, 0, 0, 0, 1)
INSERT INTO disControlesGrillaColumnas(Alineacion, Ancho, AnchoMinimo, AnchoVariable, AutoNumerico, ColumnaColorFondoCelda, ColumnaColorTextoCelda, CongelarTamanio, Control_Id, ControlColumna_Id, EsParamAccionBoton, EsPrimaryKey, Formato, Formulario_Id, Heredado, Identidad_Id, ItemsCombo, ModoOrdenamiento, ModoTamanioVariable, NombreCampo, Posicion, Requerido, SoloLectura, Texto, TextoColumnaVacia, TipoDato, Titulo, TotalizarCantidad, TotalizarMaximo, TotalizarMinimo, TotalizarPromedio, TotalizarSuma, Visible) VALUES('izquierda', 100, 5, 1, 0, Null, Null, 0, 'grdgrdCuerpo', Null, 0, 0, Null, @disFormularios, 0, Null, Null, 'Automatic', 'NotSet', 'SucursalComp', 18, 0, 0, Null, Null, 'String', 'SucursalComp', 0, 0, 0, 0, 0, 0)
INSERT INTO disControlesGrillaColumnas(Alineacion, Ancho, AnchoMinimo, AnchoVariable, AutoNumerico, ColumnaColorFondoCelda, ColumnaColorTextoCelda, CongelarTamanio, Control_Id, ControlColumna_Id, EsParamAccionBoton, EsPrimaryKey, Formato, Formulario_Id, Heredado, Identidad_Id, ItemsCombo, ModoOrdenamiento, ModoTamanioVariable, NombreCampo, Posicion, Requerido, SoloLectura, Texto, TextoColumnaVacia, TipoDato, Titulo, TotalizarCantidad, TotalizarMaximo, TotalizarMinimo, TotalizarPromedio, TotalizarSuma, Visible) VALUES('izquierda', 100, 5, 1, 0, Null, Null, 0, 'grdgrdCuerpo', Null, 0, 0, Null, @disFormularios, 0, Null, Null, 'Automatic', 'NotSet', 'venMovimientos', 17, 0, 0, Null, Null, 'Int64', 'venMovimientos', 0, 0, 0, 0, 0, 0)
INSERT INTO disControlesGrillaColumnas(Alineacion, Ancho, AnchoMinimo, AnchoVariable, AutoNumerico, ColumnaColorFondoCelda, ColumnaColorTextoCelda, CongelarTamanio, Control_Id, ControlColumna_Id, EsParamAccionBoton, EsPrimaryKey, Formato, Formulario_Id, Heredado, Identidad_Id, ItemsCombo, ModoOrdenamiento, ModoTamanioVariable, NombreCampo, Posicion, Requerido, SoloLectura, Texto, TextoColumnaVacia, TipoDato, Titulo, TotalizarCantidad, TotalizarMaximo, TotalizarMinimo, TotalizarPromedio, TotalizarSuma, Visible) VALUES('izquierda', 100, 5, 1, 0, Null, Null, 0, 'grdgrdImpuestos', Null, 0, 0, Null, @disFormularios, 0, Null, Null, 'Automatic', 'NotSet', 'BaseImponible', 2, 0, 0, Null, Null, 'Decimal', 'BaseImponible', 0, 0, 0, 0, 0, 1)
INSERT INTO disControlesGrillaColumnas(Alineacion, Ancho, AnchoMinimo, AnchoVariable, AutoNumerico, ColumnaColorFondoCelda, ColumnaColorTextoCelda, CongelarTamanio, Control_Id, ControlColumna_Id, EsParamAccionBoton, EsPrimaryKey, Formato, Formulario_Id, Heredado, Identidad_Id, ItemsCombo, ModoOrdenamiento, ModoTamanioVariable, NombreCampo, Posicion, Requerido, SoloLectura, Texto, TextoColumnaVacia, TipoDato, Titulo, TotalizarCantidad, TotalizarMaximo, TotalizarMinimo, TotalizarPromedio, TotalizarSuma, Visible) VALUES('izquierda', 100, 5, 1, 0, Null, Null, 0, 'grdgrdImpuestos', Null, 0, 0, Null, @disFormularios, 0, Null, Null, 'Automatic', 'NotSet', 'Descripcion', 1, 0, 1, Null, Null, 'String', 'Descripcion', 0, 0, 0, 0, 0, 1)
INSERT INTO disControlesGrillaColumnas(Alineacion, Ancho, AnchoMinimo, AnchoVariable, AutoNumerico, ColumnaColorFondoCelda, ColumnaColorTextoCelda, CongelarTamanio, Control_Id, ControlColumna_Id, EsParamAccionBoton, EsPrimaryKey, Formato, Formulario_Id, Heredado, Identidad_Id, ItemsCombo, ModoOrdenamiento, ModoTamanioVariable, NombreCampo, Posicion, Requerido, SoloLectura, Texto, TextoColumnaVacia, TipoDato, Titulo, TotalizarCantidad, TotalizarMaximo, TotalizarMinimo, TotalizarPromedio, TotalizarSuma, Visible) VALUES('izquierda', 100, 5, 1, 0, Null, Null, 0, 'grdgrdImpuestos', Null, 0, 0, Null, @disFormularios, 0, Null, Null, 'Automatic', 'NotSet', 'Importe', 4, 0, 0, Null, Null, 'Decimal', 'Importe', 0, 0, 0, 0, 0, 1)
INSERT INTO disControlesGrillaColumnas(Alineacion, Ancho, AnchoMinimo, AnchoVariable, AutoNumerico, ColumnaColorFondoCelda, ColumnaColorTextoCelda, CongelarTamanio, Control_Id, ControlColumna_Id, EsParamAccionBoton, EsPrimaryKey, Formato, Formulario_Id, Heredado, Identidad_Id, ItemsCombo, ModoOrdenamiento, ModoTamanioVariable, NombreCampo, Posicion, Requerido, SoloLectura, Texto, TextoColumnaVacia, TipoDato, Titulo, TotalizarCantidad, TotalizarMaximo, TotalizarMinimo, TotalizarPromedio, TotalizarSuma, Visible) VALUES('izquierda', 100, 5, 1, 0, Null, Null, 0, 'grdgrdImpuestos', Null, 0, 0, Null, @disFormularios, 0, Null, Null, 'Automatic', 'NotSet', 'Impuesto_Id', 0, 0, 0, Null, Null, 'String', 'Impuesto_Id', 0, 0, 0, 0, 0, 1)
INSERT INTO disControlesGrillaColumnas(Alineacion, Ancho, AnchoMinimo, AnchoVariable, AutoNumerico, ColumnaColorFondoCelda, ColumnaColorTextoCelda, CongelarTamanio, Control_Id, ControlColumna_Id, EsParamAccionBoton, EsPrimaryKey, Formato, Formulario_Id, Heredado, Identidad_Id, ItemsCombo, ModoOrdenamiento, ModoTamanioVariable, NombreCampo, Posicion, Requerido, SoloLectura, Texto, TextoColumnaVacia, TipoDato, Titulo, TotalizarCantidad, TotalizarMaximo, TotalizarMinimo, TotalizarPromedio, TotalizarSuma, Visible) VALUES('izquierda', 100, 5, 1, 0, Null, Null, 0, 'grdgrdImpuestos', Null, 0, 0, Null, @disFormularios, 0, Null, Null, 'Automatic', 'NotSet', 'Porcentaje', 3, 0, 0, Null, Null, 'Decimal', 'Porcentaje', 0, 0, 0, 0, 0, 1)
INSERT INTO disControlesGrillaColumnas(Alineacion, Ancho, AnchoMinimo, AnchoVariable, AutoNumerico, ColumnaColorFondoCelda, ColumnaColorTextoCelda, CongelarTamanio, Control_Id, ControlColumna_Id, EsParamAccionBoton, EsPrimaryKey, Formato, Formulario_Id, Heredado, Identidad_Id, ItemsCombo, ModoOrdenamiento, ModoTamanioVariable, NombreCampo, Posicion, Requerido, SoloLectura, Texto, TextoColumnaVacia, TipoDato, Titulo, TotalizarCantidad, TotalizarMaximo, TotalizarMinimo, TotalizarPromedio, TotalizarSuma, Visible) VALUES('izquierda', 100, 5, 1, 0, Null, Null, 0, 'grdgrdImpuestos', Null, 0, 0, Null, @disFormularios, 0, Null, Null, 'Automatic', 'NotSet', 'Renglon', 5, 0, 0, Null, Null, 'Int64', 'Renglon', 0, 0, 0, 0, 0, 0)
INSERT INTO disControlesGrillaColumnas(Alineacion, Ancho, AnchoMinimo, AnchoVariable, AutoNumerico, ColumnaColorFondoCelda, ColumnaColorTextoCelda, CongelarTamanio, Control_Id, ControlColumna_Id, EsParamAccionBoton, EsPrimaryKey, Formato, Formulario_Id, Heredado, Identidad_Id, ItemsCombo, ModoOrdenamiento, ModoTamanioVariable, NombreCampo, Posicion, Requerido, SoloLectura, Texto, TextoColumnaVacia, TipoDato, Titulo, TotalizarCantidad, TotalizarMaximo, TotalizarMinimo, TotalizarPromedio, TotalizarSuma, Visible) VALUES('izquierda', 100, 5, 1, 0, Null, Null, 0, 'grdgrdImpuestos', Null, 0, 0, Null, @disFormularios, 0, Null, Null, 'Automatic', 'NotSet', 'venMovimientos', 6, 0, 0, Null, Null, 'Int64', 'venMovimientos', 0, 0, 0, 0, 0, 0)
--disControlesGrupoSolapa
INSERT INTO disControlesGrupoSolapa(CantSolapas, Control_Id, Formulario_Id) VALUES(3, 'Solapas', @disFormularios)
--disControlesLupa
INSERT INTO disControlesLupa(AdicionalesCampos, AdicionalesControles, AdicionalesParametros, CamposClave, CantMaxRegAMostrar, CodigoCharCasing, CodigoMask, CodigoMaxLength, CodigoNombreColumna, CodigoRegExpression, CodigoTexto, CodigoTipo, CodigoWidth, ColumnaGrillaDescripcion, Control_Id, DescripcionCharCasing, DescripcionMaxLength, DescripcionOculta, DescripcionTexto, EsLaEntidadDelForm, Filtros, Formulario_Id, Identidad_Id, OrderBy, PermiteNoExistentes, TraePrimerRegistro, UsaAccion) VALUES(Null, Null, Null, 1, 70, 'Upper', 'Alfanumerico', 15, 'ClienteDesde', Null, Null, 'String', 100, Null, 'ctrClienteDesde', 'Normal', 32767, 1, Null, 0, 'Empresa_Id;isnullOrEqualTo;{gEmpresa};N', @disFormularios, dbo.FuncFKlupIdentidades('venClientes'), Null, 1, 0, 0)
INSERT INTO disControlesLupa(AdicionalesCampos, AdicionalesControles, AdicionalesParametros, CamposClave, CantMaxRegAMostrar, CodigoCharCasing, CodigoMask, CodigoMaxLength, CodigoNombreColumna, CodigoRegExpression, CodigoTexto, CodigoTipo, CodigoWidth, ColumnaGrillaDescripcion, Control_Id, DescripcionCharCasing, DescripcionMaxLength, DescripcionOculta, DescripcionTexto, EsLaEntidadDelForm, Filtros, Formulario_Id, Identidad_Id, OrderBy, PermiteNoExistentes, TraePrimerRegistro, UsaAccion) VALUES(Null, Null, Null, 1, 70, 'Upper', 'Alfanumerico', 15, 'ClienteHasta', Null, Null, 'String', 100, Null, 'ctrClienteHasta', 'Normal', 32767, 1, Null, 0, 'Empresa_Id;isnullOrEqualTo;{gEmpresa};N', @disFormularios, dbo.FuncFKlupIdentidades('venClientes'), Null, 1, 0, 0)
INSERT INTO disControlesLupa(AdicionalesCampos, AdicionalesControles, AdicionalesParametros, CamposClave, CantMaxRegAMostrar, CodigoCharCasing, CodigoMask, CodigoMaxLength, CodigoNombreColumna, CodigoRegExpression, CodigoTexto, CodigoTipo, CodigoWidth, ColumnaGrillaDescripcion, Control_Id, DescripcionCharCasing, DescripcionMaxLength, DescripcionOculta, DescripcionTexto, EsLaEntidadDelForm, Filtros, Formulario_Id, Identidad_Id, OrderBy, PermiteNoExistentes, TraePrimerRegistro, UsaAccion) VALUES('SucursalPredeter', 'grdCuerpo:Sucursal', Null, 1, 70, 'Upper', 'Alfanumerico', 15, 'Cliente_Id', Null, Null, 'String', 100, Null, 'ctrrpo9Cliente_Id', 'Normal', 32767, 1, Null, 0, 'Empresa_Id;isnullOrEqualTo;{gEmpresa};S@Inactivo;equals;0;S@Posteado;equals;1;S', @disFormularios, dbo.FuncFKlupIdentidades('venClientes'), Null, 0, 0, 0)
INSERT INTO disControlesLupa(AdicionalesCampos, AdicionalesControles, AdicionalesParametros, CamposClave, CantMaxRegAMostrar, CodigoCharCasing, CodigoMask, CodigoMaxLength, CodigoNombreColumna, CodigoRegExpression, CodigoTexto, CodigoTipo, CodigoWidth, ColumnaGrillaDescripcion, Control_Id, DescripcionCharCasing, DescripcionMaxLength, DescripcionOculta, DescripcionTexto, EsLaEntidadDelForm, Filtros, Formulario_Id, Identidad_Id, OrderBy, PermiteNoExistentes, TraePrimerRegistro, UsaAccion) VALUES(Null, Null, Null, 1, 70, 'Upper', 'Alfanumerico', 3, 'Moneda_Id', Null, Null, 'String', 100, Null, 'ctrrpo9Moneda_Id', 'Normal', 32767, 0, Null, 0, 'Empresa_Id;isnullOrEqualTo;{gEmpresa};N@Posteado;equals;1;S@Inactivo;equals;0;S', @disFormularios, dbo.FuncFKlupIdentidades('genMonedas'), Null, 0, 0, 0)
INSERT INTO disControlesLupa(AdicionalesCampos, AdicionalesControles, AdicionalesParametros, CamposClave, CantMaxRegAMostrar, CodigoCharCasing, CodigoMask, CodigoMaxLength, CodigoNombreColumna, CodigoRegExpression, CodigoTexto, CodigoTipo, CodigoWidth, ColumnaGrillaDescripcion, Control_Id, DescripcionCharCasing, DescripcionMaxLength, DescripcionOculta, DescripcionTexto, EsLaEntidadDelForm, Filtros, Formulario_Id, Identidad_Id, OrderBy, PermiteNoExistentes, TraePrimerRegistro, UsaAccion) VALUES(Null, Null, Null, 1, 70, 'Upper', 'Alfanumerico', 5, 'SubTipoMov_Id', Null, Null, 'String', 100, Null, 'ctrrpo9SubTipoMov_Id', 'Normal', 32767, 0, Null, 0, 'Empresa_Id;isnullOrEqualTo;{gEmpresa};N@Inactivo;equals;0;S@Posteado;equals;1;S', @disFormularios, dbo.FuncFKlupIdentidades('venSubTipoMov'), Null, 0, 0, 0)
INSERT INTO disControlesLupa(AdicionalesCampos, AdicionalesControles, AdicionalesParametros, CamposClave, CantMaxRegAMostrar, CodigoCharCasing, CodigoMask, CodigoMaxLength, CodigoNombreColumna, CodigoRegExpression, CodigoTexto, CodigoTipo, CodigoWidth, ColumnaGrillaDescripcion, Control_Id, DescripcionCharCasing, DescripcionMaxLength, DescripcionOculta, DescripcionTexto, EsLaEntidadDelForm, Filtros, Formulario_Id, Identidad_Id, OrderBy, PermiteNoExistentes, TraePrimerRegistro, UsaAccion) VALUES(Null, Null, Null, 1, 70, 'Normal', 'Numerico', 32767, 'Sucursal', Null, Null, 'String', 100, Null, 'ctrrpo9Sucursal', 'Normal', 32767, 0, Null, 0, 'Cliente_Id;equals;[grdCuerpo:Cliente_Id];S@Inactivo;equals;0;S@Posteado;equals;1;S@Empresa_Id;isnullOrEqualTo;{gEmpresa};S', @disFormularios, dbo.FuncFKlupIdentidades('venclieHabitual'), Null, 0, 0, 0)
INSERT INTO disControlesLupa(AdicionalesCampos, AdicionalesControles, AdicionalesParametros, CamposClave, CantMaxRegAMostrar, CodigoCharCasing, CodigoMask, CodigoMaxLength, CodigoNombreColumna, CodigoRegExpression, CodigoTexto, CodigoTipo, CodigoWidth, ColumnaGrillaDescripcion, Control_Id, DescripcionCharCasing, DescripcionMaxLength, DescripcionOculta, DescripcionTexto, EsLaEntidadDelForm, Filtros, Formulario_Id, Identidad_Id, OrderBy, PermiteNoExistentes, TraePrimerRegistro, UsaAccion) VALUES(Null, Null, Null, 1, 70, 'Upper', 'Alfanumerico', 5, 'SucursalComp', Null, Null, 'String', 100, Null, 'ctrrpo9SucursalComp', 'Normal', 32767, 1, Null, 0, 'Posteado;equals;1;S@Inactivo;equals;0;S@Empresa_Id;isnullOrEqualTo;{gEmpresa};S', @disFormularios, dbo.FuncFKlupIdentidades('genSucursalesEmpr'), Null, 0, 0, 0)
INSERT INTO disControlesLupa(AdicionalesCampos, AdicionalesControles, AdicionalesParametros, CamposClave, CantMaxRegAMostrar, CodigoCharCasing, CodigoMask, CodigoMaxLength, CodigoNombreColumna, CodigoRegExpression, CodigoTexto, CodigoTipo, CodigoWidth, ColumnaGrillaDescripcion, Control_Id, DescripcionCharCasing, DescripcionMaxLength, DescripcionOculta, DescripcionTexto, EsLaEntidadDelForm, Filtros, Formulario_Id, Identidad_Id, OrderBy, PermiteNoExistentes, TraePrimerRegistro, UsaAccion) VALUES(Null, Null, Null, 1, 70, 'Upper', 'Alfanumerico', 5, 'Impuesto_Id', Null, Null, 'String', 100, Null, 'ctrtos12Impuesto_Id', 'Normal', 32767, 0, Null, 0, 'Empresa_Id;isnullOrEqualTo;{gEmpresa};N@Inactivo;equals;0;S@Posteado;equals;1;S', @disFormularios, dbo.FuncFKlupIdentidades('venImpuestos'), Null, 0, 0, 0)
--disControlesNumerico
INSERT INTO disControlesNumerico(BotonSpin, Control_Id, Decimales, EsPorcentaje, Formulario_Id, LLevaSeparadorGrupo, SpinIncremento, ValorMaximo, ValorMinimo) VALUES(0, 'ctrClienteActual', 0, 0, @disFormularios, 0, 1, 9999999999.00000000, -9999999999.00000000)
INSERT INTO disControlesNumerico(BotonSpin, Control_Id, Decimales, EsPorcentaje, Formulario_Id, LLevaSeparadorGrupo, SpinIncremento, ValorMaximo, ValorMinimo) VALUES(0, 'ctrrpo9Cambio', 2, 0, @disFormularios, 1, 1, 99999.99000000, -99999.99000000)
INSERT INTO disControlesNumerico(BotonSpin, Control_Id, Decimales, EsPorcentaje, Formulario_Id, LLevaSeparadorGrupo, SpinIncremento, ValorMaximo, ValorMinimo) VALUES(0, 'ctrrpo9CuotaNro', 2, 0, @disFormularios, 1, 1, 99999.99000000, -99999.99000000)
INSERT INTO disControlesNumerico(BotonSpin, Control_Id, Decimales, EsPorcentaje, Formulario_Id, LLevaSeparadorGrupo, SpinIncremento, ValorMaximo, ValorMinimo) VALUES(0, 'ctrrpo9Importe', 2, 0, @disFormularios, 1, 1, 9999999999.99000000, 0.00000000)
INSERT INTO disControlesNumerico(BotonSpin, Control_Id, Decimales, EsPorcentaje, Formulario_Id, LLevaSeparadorGrupo, SpinIncremento, ValorMaximo, ValorMinimo) VALUES(0, 'ctrtos12BaseImponible', 2, 0, @disFormularios, 1, 1, 9999999999.99000000, 0.00000000)
INSERT INTO disControlesNumerico(BotonSpin, Control_Id, Decimales, EsPorcentaje, Formulario_Id, LLevaSeparadorGrupo, SpinIncremento, ValorMaximo, ValorMinimo) VALUES(0, 'ctrtos12Importe', 2, 0, @disFormularios, 1, 1, 9999999999.99000000, 0.00000000)
INSERT INTO disControlesNumerico(BotonSpin, Control_Id, Decimales, EsPorcentaje, Formulario_Id, LLevaSeparadorGrupo, SpinIncremento, ValorMaximo, ValorMinimo) VALUES(0, 'ctrtos12Porcentaje', 2, 0, @disFormularios, 1, 1, 99999.99000000, -99999.99000000)
--disControlesFecha
INSERT INTO disControlesFecha(Control_Id, DiasDiferenciaFecha, DiasDiferenciaFechaMaxima, DiasDiferenciaFechaMinima, Formulario_Id, ValorMaximo, ValorMinimo) VALUES('ctrrpo9Fecha', Null, Null, Null, @disFormularios, 'En_Blanco', 'En_Blanco')
INSERT INTO disControlesFecha(Control_Id, DiasDiferenciaFecha, DiasDiferenciaFechaMaxima, DiasDiferenciaFechaMinima, Formulario_Id, ValorMaximo, ValorMinimo) VALUES('ctrrpo9FechaVencimiento', Null, Null, Null, @disFormularios, 'En_Blanco', 'En_Blanco')
--disEventos
INSERT INTO disEventos(Control_Id, EsMetodo, Formulario_Id, Habilitado, Heredado, TipoEvento) VALUES('ctrrpo9Cliente_Id', 0, @disFormularios, 1, 0, 'Change')
INSERT INTO disEventos(Control_Id, EsMetodo, Formulario_Id, Habilitado, Heredado, TipoEvento) VALUES('DisenioBoton1', 0, @disFormularios, 1, 0, 'Click')
INSERT INTO disEventos(Control_Id, EsMetodo, Formulario_Id, Habilitado, Heredado, TipoEvento) VALUES('DisenioBoton2', 0, @disFormularios, 1, 0, 'Click')
INSERT INTO disEventos(Control_Id, EsMetodo, Formulario_Id, Habilitado, Heredado, TipoEvento) VALUES('frmvenClientesSaldoIni', 0, @disFormularios, 1, 0, 'Guardar')
INSERT INTO disEventos(Control_Id, EsMetodo, Formulario_Id, Habilitado, Heredado, TipoEvento) VALUES('frmvenClientesSaldoIni', 0, @disFormularios, 1, 0, 'Post_Load')
--disAcciones
INSERT INTO disAcciones(Accion, Accion_Id, AccionPadre_Id, AdicionalInfo, Control_Id, ControlDestino_Id, ControlTexto_Id, EsEspecializacion, Formulario_Id, Habilitado, Heredado, OrdenAccion, Texto, TipoEvento, ValorCondicion) VALUES('ObtenerDescLupa', 'ae6e056c-b674-477d-98ff-ac4225957eec', Null, Null, 'ctrrpo9Cliente_Id', 'ctrrpo9Sucursal', Null, 0, @disFormularios, 1, 0, 1, Null, 'Change', Null)
INSERT INTO disAcciones(Accion, Accion_Id, AccionPadre_Id, AdicionalInfo, Control_Id, ControlDestino_Id, ControlTexto_Id, EsEspecializacion, Formulario_Id, Habilitado, Heredado, OrdenAccion, Texto, TipoEvento, ValorCondicion) VALUES('Ejecutar', 'edfda226-0a50-49f4-a237-7938cdec3803', Null, Null, 'DisenioBoton1', Null, Null, 0, @disFormularios, 1, 0, 2, 'Datos', 'Click', Null)
INSERT INTO disAcciones(Accion, Accion_Id, AccionPadre_Id, AdicionalInfo, Control_Id, ControlDestino_Id, ControlTexto_Id, EsEspecializacion, Formulario_Id, Habilitado, Heredado, OrdenAccion, Texto, TipoEvento, ValorCondicion) VALUES('Ejecutar', '3b42cedb-4520-485f-8f14-5520f6ec200d', Null, Null, 'DisenioBoton2', Null, Null, 0, @disFormularios, 1, 0, 3, 'TraerXls', 'Click', Null)
INSERT INTO disAcciones(Accion, Accion_Id, AccionPadre_Id, AdicionalInfo, Control_Id, ControlDestino_Id, ControlTexto_Id, EsEspecializacion, Formulario_Id, Habilitado, Heredado, OrdenAccion, Texto, TipoEvento, ValorCondicion) VALUES('AsignarValor', '47a31e39-2a9e-47a6-9d4a-86968d7d36e9', Null, Null, 'frmvenClientesSaldoIni', 'ctrTermino', Null, 0, @disFormularios, 1, 0, 4, 'N', 'Guardar', Null)
INSERT INTO disAcciones(Accion, Accion_Id, AccionPadre_Id, AdicionalInfo, Control_Id, ControlDestino_Id, ControlTexto_Id, EsEspecializacion, Formulario_Id, Habilitado, Heredado, OrdenAccion, Texto, TipoEvento, ValorCondicion) VALUES('AsignarValor', '994a0ac7-cc0e-4de6-b2d6-842778ac1800', Null, Null, 'frmvenClientesSaldoIni', 'ctrClienteActual', Null, 0, @disFormularios, 1, 0, 5, '0', 'Guardar', Null)
INSERT INTO disAcciones(Accion, Accion_Id, AccionPadre_Id, AdicionalInfo, Control_Id, ControlDestino_Id, ControlTexto_Id, EsEspecializacion, Formulario_Id, Habilitado, Heredado, OrdenAccion, Texto, TipoEvento, ValorCondicion) VALUES('MostrarControl', 'b753bfd8-fc7f-45e8-b77f-f0ee239a8bd4', Null, Null, 'frmvenClientesSaldoIni', 'ctrMensaje', Null, 0, @disFormularios, 1, 0, 6, Null, 'Guardar', Null)
INSERT INTO disAcciones(Accion, Accion_Id, AccionPadre_Id, AdicionalInfo, Control_Id, ControlDestino_Id, ControlTexto_Id, EsEspecializacion, Formulario_Id, Habilitado, Heredado, OrdenAccion, Texto, TipoEvento, ValorCondicion) VALUES('CondicionCliente', 'd4622686-a9ac-4c19-b6ce-f649006be262', Null, 'iteracion', 'frmvenClientesSaldoIni', Null, Null, 0, @disFormularios, 1, 0, 7, 'ctrTermino', 'Guardar', Null)
INSERT INTO disAcciones(Accion, Accion_Id, AccionPadre_Id, AdicionalInfo, Control_Id, ControlDestino_Id, ControlTexto_Id, EsEspecializacion, Formulario_Id, Habilitado, Heredado, OrdenAccion, Texto, TipoEvento, ValorCondicion) VALUES('Ejecutar', '86c62589-3fd7-44de-a032-26d613882bdf', 'd4622686-a9ac-4c19-b6ce-f649006be262', Null, 'frmvenClientesSaldoIni', Null, Null, 0, @disFormularios, 1, 0, 8, 'Guardar', 'Guardar', 'N')
INSERT INTO disAcciones(Accion, Accion_Id, AccionPadre_Id, AdicionalInfo, Control_Id, ControlDestino_Id, ControlTexto_Id, EsEspecializacion, Formulario_Id, Habilitado, Heredado, OrdenAccion, Texto, TipoEvento, ValorCondicion) VALUES('OcultarControl', 'a4bb0ba7-7fdb-43c5-8096-85ac862ec83f', Null, Null, 'frmvenClientesSaldoIni', 'ctrMensaje', Null, 0, @disFormularios, 1, 0, 9, Null, 'Guardar', Null)
INSERT INTO disAcciones(Accion, Accion_Id, AccionPadre_Id, AdicionalInfo, Control_Id, ControlDestino_Id, ControlTexto_Id, EsEspecializacion, Formulario_Id, Habilitado, Heredado, OrdenAccion, Texto, TipoEvento, ValorCondicion) VALUES('EstablecerFoco', '36ae2b1a-d5ed-4bc1-a4f1-569cfa20e1eb', Null, Null, 'frmvenClientesSaldoIni', 'ctrClienteDesde', Null, 0, @disFormularios, 1, 0, 10, Null, 'Post_Load', Null)
--disControlesTexto
INSERT INTO disControlesTexto(CharCasing, Control_Id, Formulario_Id, Mascara, MultiplesLineas) VALUES('Normal', 'ctrMensaje', @disFormularios, Null, 0)
INSERT INTO disControlesTexto(CharCasing, Control_Id, Formulario_Id, Mascara, MultiplesLineas) VALUES('Normal', 'ctrrpo9ClaveFiscal', @disFormularios, Null, 0)
INSERT INTO disControlesTexto(CharCasing, Control_Id, Formulario_Id, Mascara, MultiplesLineas) VALUES('Normal', 'ctrTermino', @disFormularios, Null, 0)
--disControlesSegmento
INSERT INTO disControlesSegmento(Control_Id, EsLaEntidadDelForm, Filtros, Formulario_Id, Identidad_Id, Segmento_Id) VALUES('ctrrpo9Segmento_Id', 0, Null, @disFormularios, dbo.FuncFKlupIdentidades('venMovimientos'), dbo.FuncFKgenSegmentos('FC'))
--disControlesBoton
INSERT INTO disControlesBoton(AsociadoAFilaGrilla, Control_Id, ControlAsociado_Id, Formulario_Id, Icono) VALUES(0, 'DisenioBoton1', Null, @disFormularios, Null)
INSERT INTO disControlesBoton(AsociadoAFilaGrilla, Control_Id, ControlAsociado_Id, Formulario_Id, Icono) VALUES(0, 'DisenioBoton2', Null, @disFormularios, Null)
--disControlesLink
INSERT INTO disControlesLink(Control_Id, Formulario_Id, Link) VALUES('DisenioLink1', @disFormularios, 'SINICLIE')
--disControlesUpLoad
INSERT INTO disControlesUpLoad(ColumnaNombreInterno, Control_Id, ExtensionesPermitidas, Formulario_Id, GuardaCaminoCompleto) VALUES(Null, 'ctrArchivo', Null, @disFormularios, 0)
--disRelacionesTablas
INSERT INTO disRelacionesTablas(ColumnaDetalle_Id, ColumnaDetalle2_Id, ColumnaDetalle3_Id, ColumnaMaster_Id, ColumnaMaster2_Id, ColumnaMaster3_Id, Formulario_Id, TablaDetalle_Id, TablaMaster_Id) VALUES('Renglon', Null, Null, 'Renglon', Null, Null, @disFormularios, 'grdImpuestos', 'grdCuerpo')
--disFormulariosComentarios
INSERT INTO disFormulariosComentarios(Comentario, FechaRegistro, FechaRegistroOrig, FechaUltModif, Formulario_Id, FormularioRegOrig_Id) VALUES('FM - Lupas todas en minsculas. Estaban mal las solapas', '20190329 10:57:12:923', '20190329 10:57:12:923', '20190329 10:57:12:923', @disFormularios, Null)
INSERT INTO disFormulariosComentarios(Comentario, FechaRegistro, FechaRegistroOrig, FechaUltModif, Formulario_Id, FormularioRegOrig_Id) VALUES('FM - Daba error la lupa de la cuenta contable', '20190411 16:53:47:727', '20190411 16:53:47:727', '20190411 16:53:47:727', @disFormularios, Null)
INSERT INTO disFormulariosComentarios(Comentario, FechaRegistro, FechaRegistroOrig, FechaUltModif, Formulario_Id, FormularioRegOrig_Id) VALUES('FM - Mscara de los importes estaba en 5', '20190412 14:37:16:893', '20190412 14:37:16:893', '20190412 14:37:16:893', @disFormularios, Null)
INSERT INTO disFormulariosComentarios(Comentario, FechaRegistro, FechaRegistroOrig, FechaUltModif, Formulario_Id, FormularioRegOrig_Id) VALUES('FM - Columna Aplicado', '20190416 12:01:54:270', '20190416 12:01:54:270', '20190416 12:01:54:270', @disFormularios, Null)
INSERT INTO disFormulariosComentarios(Comentario, FechaRegistro, FechaRegistroOrig, FechaUltModif, Formulario_Id, FormularioRegOrig_Id) VALUES('FM - No tena la sucursal del cliente y daba error cuando se cargaba manualmente', '20190419 12:24:34:940', '20190419 12:24:34:940', '20190419 12:24:34:940', @disFormularios, Null)
INSERT INTO disFormulariosComentarios(Comentario, FechaRegistro, FechaRegistroOrig, FechaUltModif, Formulario_Id, FormularioRegOrig_Id) VALUES('FM - las lupas permitan minsculas y luego no pasaba el if del rango de clientes', '20190507 17:06:28:423', '20190507 17:06:28:423', '20190507 17:06:28:423', @disFormularios, Null)
INSERT INTO disFormulariosComentarios(Comentario, FechaRegistro, FechaRegistroOrig, FechaUltModif, Formulario_Id, FormularioRegOrig_Id) VALUES('AJ - AYUDA', '20191009 15:02:49:827', '20191009 15:02:49:827', '20191009 15:02:49:827', @disFormularios, Null)
INSERT INTO disFormulariosComentarios(Comentario, FechaRegistro, FechaRegistroOrig, FechaUltModif, Formulario_Id, FormularioRegOrig_Id) VALUES('AJ - Paginacion', '20200331 22:58:00:880', '20200331 22:58:00:880', '20210702 15:51:19:970', @disFormularios, 'frmvenClientesSaldoIni')
INSERT INTO disFormulariosComentarios(Comentario, FechaRegistro, FechaRegistroOrig, FechaUltModif, Formulario_Id, FormularioRegOrig_Id) VALUES('FM - La sucursal del cliente estaba como alfanumrica y daba error', '20210702 15:51:21:747', '20210702 15:51:21:747', '20210702 15:51:21:747', @disFormularios, 'frmvenClientesSaldoIni')
