Exec Borra_cuerpoForm 'frmespvenComandasKSK'
--disFormularios
IF Exists(SELECT 1 FROM disFormularios WHERE Formulario_Id ='frmespvenComandasKSK')
UPDATE disFormularios SET 
	Alto = 600,
	Ancho = 980,
	AnulaAccionesEliminarDefault = 0,
	Arriba = 58,
	BotonCopiar = 0,
	BotonEliminar = 0,
	BotonGuardar = 0,
	BotonImprimir = 0,
	BotonNuevo = 1,
	BotonPostear = 1,
	BotonRptImprimir = 0,
	BotonRptPdf = 0,
	BotonRptVer = 0,
	BotonRptXls = 0,
	ClaseCommon = 'KSKCommon.espvenComandasDatosKSKDS',
	ClaseCommonEsp = Null,
	ClaseEnum = 'EnumespvenComandasDatosKSKAction',
	ClaseEnumEsp = Null,
	ClaseEventos = 'KSKFEEventos.espvenComandasDatosKSK',
	ClaseEventosEsp = Null,
	ClaseExchange = 'KSKExchange.espvenComandasDatosKSKActionExchange',
	ClaseExchangeEsp = Null,
	CodigoLnk = Null,
	Descripcion = 'Facturación de tickets',
	DllCommon = 'KSKCommon',
	DllCommonEsp = Null,
	DllEventos = 'KSKFEEventos',
	DllEventosEsp = Null,
	DllExchange = 'KSKExchange',
	DllExchangeEsp = Null,
	Especializacion = 'KSK',
	Formulario_Id = 'frmespvenComandasKSK',
	FormularioPadre_Id = null ,
	GuardaeImprime = 0,
	Inactivo = 0,
	Izquierda = 3,
	PosicionInicial = 'D',
	Posteado = 1,
	Tabla_Id = '',
	TipoEspecial = Null,
	Titulo = 'Facturación de tickets',
	UltimaModif = '20220126 12:59:43:490',
	Usuario_Id = 1,
	Version = Null
	WHERE Formulario_Id ='frmespvenComandasKSK'
ELSE
	INSERT INTO disFormularios(Alto, Ancho, AnulaAccionesEliminarDefault, Arriba, BotonCopiar, BotonEliminar, BotonGuardar, BotonImprimir, BotonNuevo, BotonPostear, BotonRptImprimir, BotonRptPdf, BotonRptVer, BotonRptXls, ClaseCommon, ClaseCommonEsp, ClaseEnum, ClaseEnumEsp, ClaseEventos, ClaseEventosEsp, ClaseExchange, ClaseExchangeEsp, CodigoLnk, Descripcion, DllCommon, DllCommonEsp, DllEventos, DllEventosEsp, DllExchange, DllExchangeEsp, Especializacion, Formulario_Id, FormularioPadre_Id, GuardaeImprime, Inactivo, Izquierda, PosicionInicial, Posteado, Tabla_Id, TipoEspecial, Titulo, UltimaModif, Usuario_Id, Version) VALUES(600, 980, 0, 58, 0, 0, 0, 0, 1, 1, 0, 0, 0, 0, 'KSKCommon.espvenComandasDatosKSKDS', Null, 'EnumespvenComandasDatosKSKAction', Null, 'KSKFEEventos.espvenComandasDatosKSK', Null, 'KSKExchange.espvenComandasDatosKSKActionExchange', Null, Null, 'Facturación de tickets', 'KSKCommon', Null, 'KSKFEEventos', Null, 'KSKExchange', Null, 'KSK', 'frmespvenComandasKSK', Null, 0, 0, 3, 'D', 1, '', Null, 'Facturación de tickets', '20220126 12:59:43:490', 1, Null)
Declare @disFormularios int 
set @disFormularios = dbo.FuncFKdisFormularios('frmespvenComandasKSK')
--disControles
IF NOT Exists(SELECT 1 FROM disControles Where Formulario_Id =  @disFormularios and Control_Id ='frmespvenComandasKSK')
	INSERT INTO disControles(Alineacion, AlineacionLabel, Alto, Ancho, Ancla, Arriba, ClickNuevoBlanquea, Columna, ColumnasExtension, Control_Id, ControlaCambios, ControlParent_Id, ControlSegmento, Embebido, EsCodigoNuevo, Estilo, Fila, FilasExtension, Formulario_Id, Habilitado, Heredado, IgualaAnchoColumna, Izquierda, MaximaLongitud, NroControl, Paises, Requerido, SegmentoOrigen, SoloLectura, TabOrden, TabStop, Texto, TextoControlVacio, TextoFijo, TipoControl, TituloLabel, Visible) VALUES('', Null, 600, 980, 'T,L', 58, 1, 0, 0, 'frmespvenComandasKSK', 1, Null, Null, 0, 0, Null, 0, 0, @disFormularios, 1, 0, 0, 3, 0, 0, Null, 0, Null, 0, 0, 1, 'Facturación de tickets', Null, 0, 'frm', Null, 1)
INSERT INTO disControles(Alineacion, AlineacionLabel, Alto, Ancho, Ancla, Arriba, ClickNuevoBlanquea, Columna, ColumnasExtension, Control_Id, ControlaCambios, ControlParent_Id, ControlSegmento, Embebido, EsCodigoNuevo, Estilo, Fila, FilasExtension, Formulario_Id, Habilitado, Heredado, IgualaAnchoColumna, Izquierda, MaximaLongitud, NroControl, Paises, Requerido, SegmentoOrigen, SoloLectura, TabOrden, TabStop, Texto, TextoControlVacio, TextoFijo, TipoControl, TituloLabel, Visible) VALUES('', '', 561, 964, 'L', 0, 1, 0, 0, 'Solapas', 1, 'frmespvenComandasKSK', Null, 0, 0, Null, 0, 0, @disFormularios, 1, 0, 0, 0, Null, 1, Null, 1, Null, 0, 0, 1, Null, Null, 0, 'SummaAdvDisenio.Controles.DisenioTabControl', Null, 1)
INSERT INTO disControles(Alineacion, AlineacionLabel, Alto, Ancho, Ancla, Arriba, ClickNuevoBlanquea, Columna, ColumnasExtension, Control_Id, ControlaCambios, ControlParent_Id, ControlSegmento, Embebido, EsCodigoNuevo, Estilo, Fila, FilasExtension, Formulario_Id, Habilitado, Heredado, IgualaAnchoColumna, Izquierda, MaximaLongitud, NroControl, Paises, Requerido, SegmentoOrigen, SoloLectura, TabOrden, TabStop, Texto, TextoControlVacio, TextoFijo, TipoControl, TituloLabel, Visible) VALUES('', '', 535, 956, 'L', 22, 1, 0, 0, 'Solapa_Datos', 1, 'Solapas', Null, 0, 0, Null, 0, 0, @disFormularios, 1, 0, 0, 4, Null, 2, Null, 1, Null, 0, 0, 0, 'Solapa_Datos', Null, 0, 'System.Windows.Forms.TabPage', Null, 1)
INSERT INTO disControles(Alineacion, AlineacionLabel, Alto, Ancho, Ancla, Arriba, ClickNuevoBlanquea, Columna, ColumnasExtension, Control_Id, ControlaCambios, ControlParent_Id, ControlSegmento, Embebido, EsCodigoNuevo, Estilo, Fila, FilasExtension, Formulario_Id, Habilitado, Heredado, IgualaAnchoColumna, Izquierda, MaximaLongitud, NroControl, Paises, Requerido, SegmentoOrigen, SoloLectura, TabOrden, TabStop, Texto, TextoControlVacio, TextoFijo, TipoControl, TituloLabel, Visible) VALUES('', 'Izquierda', 35, 155, 'L', 1, 1, 0, 1, 'ctrFecha', 1, 'Solapa_Datos', Null, 0, 0, 'Default', 0, 1, @disFormularios, 1, 0, 1, 1, Null, 4, Null, 0, Null, 0, 0, 1, 'Hoy', Null, 0, 'SummaAdvDisenio.Controles.DisenioDatePicker', 'Fecha', 1)
INSERT INTO disControles(Alineacion, AlineacionLabel, Alto, Ancho, Ancla, Arriba, ClickNuevoBlanquea, Columna, ColumnasExtension, Control_Id, ControlaCambios, ControlParent_Id, ControlSegmento, Embebido, EsCodigoNuevo, Estilo, Fila, FilasExtension, Formulario_Id, Habilitado, Heredado, IgualaAnchoColumna, Izquierda, MaximaLongitud, NroControl, Paises, Requerido, SegmentoOrigen, SoloLectura, TabOrden, TabStop, Texto, TextoControlVacio, TextoFijo, TipoControl, TituloLabel, Visible) VALUES('', '', 23, 108, 'L', 4, 1, 3, 1, 'DisenioBoton1', 1, 'Solapa_Datos', Null, 0, 0, 'Default', 0, 1, @disFormularios, 1, 0, 0, 31, Null, 5, Null, 0, Null, 0, 0, 1, 'Editar cliente', Null, 0, 'SummaAdvDisenio.Controles.DisenioBoton', Null, 1)
INSERT INTO disControles(Alineacion, AlineacionLabel, Alto, Ancho, Ancla, Arriba, ClickNuevoBlanquea, Columna, ColumnasExtension, Control_Id, ControlaCambios, ControlParent_Id, ControlSegmento, Embebido, EsCodigoNuevo, Estilo, Fila, FilasExtension, Formulario_Id, Habilitado, Heredado, IgualaAnchoColumna, Izquierda, MaximaLongitud, NroControl, Paises, Requerido, SegmentoOrigen, SoloLectura, TabOrden, TabStop, Texto, TextoControlVacio, TextoFijo, TipoControl, TituloLabel, Visible) VALUES('', '', 535, 956, 'L', 22, 1, 0, 0, 'Solapa_1', 1, 'Solapas', Null, 0, 0, Null, 0, 0, @disFormularios, 1, 0, 0, 4, Null, 6, Null, 1, Null, 0, 1, 0, 'Solapa_1', Null, 0, 'System.Windows.Forms.TabPage', Null, 0)
INSERT INTO disControles(Alineacion, AlineacionLabel, Alto, Ancho, Ancla, Arriba, ClickNuevoBlanquea, Columna, ColumnasExtension, Control_Id, ControlaCambios, ControlParent_Id, ControlSegmento, Embebido, EsCodigoNuevo, Estilo, Fila, FilasExtension, Formulario_Id, Habilitado, Heredado, IgualaAnchoColumna, Izquierda, MaximaLongitud, NroControl, Paises, Requerido, SegmentoOrigen, SoloLectura, TabOrden, TabStop, Texto, TextoControlVacio, TextoFijo, TipoControl, TituloLabel, Visible) VALUES('', '', 81, 952, 'L', 1, 1, 0, 6, 'grdComandas', 1, 'Solapa_Datos', Null, 0, 0, Null, 1, 1, @disFormularios, 1, 0, 0, 1, Null, 6, Null, 0, Null, 0, 0, 1, Null, Null, 0, 'SummaAdvDisenio.Controles.DisenioGridView', Null, 1)
INSERT INTO disControles(Alineacion, AlineacionLabel, Alto, Ancho, Ancla, Arriba, ClickNuevoBlanquea, Columna, ColumnasExtension, Control_Id, ControlaCambios, ControlParent_Id, ControlSegmento, Embebido, EsCodigoNuevo, Estilo, Fila, FilasExtension, Formulario_Id, Habilitado, Heredado, IgualaAnchoColumna, Izquierda, MaximaLongitud, NroControl, Paises, Requerido, SegmentoOrigen, SoloLectura, TabOrden, TabStop, Texto, TextoControlVacio, TextoFijo, TipoControl, TituloLabel, Visible) VALUES('', 'Izquierda', 37, 155, 'L', 1, 1, 0, 1, 'ctrdas8Cliente_Id', 1, 'Solapa_1', Null, 0, 0, 'Default', 0, 1, @disFormularios, 1, 0, 1, 1, Null, 8, Null, 0, Null, 0, 0, 1, Null, Null, 0, 'SummaAdvDisenio.Controles.DisenioLupaAdv', 'Cliente_Id', 1)
INSERT INTO disControles(Alineacion, AlineacionLabel, Alto, Ancho, Ancla, Arriba, ClickNuevoBlanquea, Columna, ColumnasExtension, Control_Id, ControlaCambios, ControlParent_Id, ControlSegmento, Embebido, EsCodigoNuevo, Estilo, Fila, FilasExtension, Formulario_Id, Habilitado, Heredado, IgualaAnchoColumna, Izquierda, MaximaLongitud, NroControl, Paises, Requerido, SegmentoOrigen, SoloLectura, TabOrden, TabStop, Texto, TextoControlVacio, TextoFijo, TipoControl, TituloLabel, Visible) VALUES('', 'Izquierda', 38, 314, 'L', 1, 1, 1, 2, 'ctrdas8RazonSocial', 1, 'Solapa_1', Null, 0, 0, 'Default', 0, 1, @disFormularios, 1, 0, 1, 1, 32767, 9, Null, 0, Null, 0, 0, 1, Null, Null, 0, 'SummaAdvDisenio.Controles.DisenioTxtEditor', 'RazonSocial', 1)
INSERT INTO disControles(Alineacion, AlineacionLabel, Alto, Ancho, Ancla, Arriba, ClickNuevoBlanquea, Columna, ColumnasExtension, Control_Id, ControlaCambios, ControlParent_Id, ControlSegmento, Embebido, EsCodigoNuevo, Estilo, Fila, FilasExtension, Formulario_Id, Habilitado, Heredado, IgualaAnchoColumna, Izquierda, MaximaLongitud, NroControl, Paises, Requerido, SegmentoOrigen, SoloLectura, TabOrden, TabStop, Texto, TextoControlVacio, TextoFijo, TipoControl, TituloLabel, Visible) VALUES('', '', 0, 0, '', 0, 1, 0, 0, 'var_Auxiliar1', 1, 'frmespvenComandasKSK', Null, 0, 0, Null, 0, 0, @disFormularios, 0, 0, 0, 0, Null, 9, Null, 1, Null, 0, -1, 0, Null, Null, 0, 'Variable', Null, 0)
INSERT INTO disControles(Alineacion, AlineacionLabel, Alto, Ancho, Ancla, Arriba, ClickNuevoBlanquea, Columna, ColumnasExtension, Control_Id, ControlaCambios, ControlParent_Id, ControlSegmento, Embebido, EsCodigoNuevo, Estilo, Fila, FilasExtension, Formulario_Id, Habilitado, Heredado, IgualaAnchoColumna, Izquierda, MaximaLongitud, NroControl, Paises, Requerido, SegmentoOrigen, SoloLectura, TabOrden, TabStop, Texto, TextoControlVacio, TextoFijo, TipoControl, TituloLabel, Visible) VALUES('', '', 0, 0, '', 0, 1, 0, 0, 'var_Auxiliar2', 1, 'frmespvenComandasKSK', Null, 0, 0, Null, 0, 0, @disFormularios, 0, 0, 0, 0, Null, 10, Null, 1, Null, 0, -1, 0, Null, Null, 0, 'Variable', Null, 0)
INSERT INTO disControles(Alineacion, AlineacionLabel, Alto, Ancho, Ancla, Arriba, ClickNuevoBlanquea, Columna, ColumnasExtension, Control_Id, ControlaCambios, ControlParent_Id, ControlSegmento, Embebido, EsCodigoNuevo, Estilo, Fila, FilasExtension, Formulario_Id, Habilitado, Heredado, IgualaAnchoColumna, Izquierda, MaximaLongitud, NroControl, Paises, Requerido, SegmentoOrigen, SoloLectura, TabOrden, TabStop, Texto, TextoControlVacio, TextoFijo, TipoControl, TituloLabel, Visible) VALUES('', '', 81, 952, 'L', 1, 1, 0, 6, 'grdProductos', 1, 'Solapa_1', Null, 0, 0, Null, 1, 1, @disFormularios, 1, 0, 0, 1, Null, 10, Null, 0, Null, 0, 0, 1, Null, Null, 0, 'SummaAdvDisenio.Controles.DisenioGridView', Null, 1)
INSERT INTO disControles(Alineacion, AlineacionLabel, Alto, Ancho, Ancla, Arriba, ClickNuevoBlanquea, Columna, ColumnasExtension, Control_Id, ControlaCambios, ControlParent_Id, ControlSegmento, Embebido, EsCodigoNuevo, Estilo, Fila, FilasExtension, Formulario_Id, Habilitado, Heredado, IgualaAnchoColumna, Izquierda, MaximaLongitud, NroControl, Paises, Requerido, SegmentoOrigen, SoloLectura, TabOrden, TabStop, Texto, TextoControlVacio, TextoFijo, TipoControl, TituloLabel, Visible) VALUES('', '', 0, 0, '', 0, 1, 0, 0, 'var_Auxiliar3', 1, 'frmespvenComandasKSK', Null, 0, 0, Null, 0, 0, @disFormularios, 0, 0, 0, 0, Null, 11, Null, 1, Null, 0, -1, 0, Null, Null, 0, 'Variable', Null, 0)
--disTablas
INSERT INTO disTablas(Control_Id, EsEspecializacion, Formulario_Id, Tabla_Id, TipoControl) VALUES('grdComandas', 0, @disFormularios, 'Comandas', 'SummaAdvDisenio.Controles.DisenioGridView')
INSERT INTO disTablas(Control_Id, EsEspecializacion, Formulario_Id, Tabla_Id, TipoControl) VALUES(Null, 0, @disFormularios, 'Principal', Null)
INSERT INTO disTablas(Control_Id, EsEspecializacion, Formulario_Id, Tabla_Id, TipoControl) VALUES('grdProductos', 0, @disFormularios, 'Productos', 'SummaAdvDisenio.Controles.DisenioGridView')
--disTablasColumnas
INSERT INTO disTablasColumnas(AdicionalControl, Columna_Id, Control_Id, EsEspecializacion, Formulario_Id, Tabla_Id, TipoControl) VALUES('1', 'Cliente_Id', 'ctrdas8Cliente_Id', 0, @disFormularios, 'Comandas', 'SummaAdvDisenio.Controles.DisenioLupaAdv')
INSERT INTO disTablasColumnas(AdicionalControl, Columna_Id, Control_Id, EsEspecializacion, Formulario_Id, Tabla_Id, TipoControl) VALUES(Null, 'Comanda', 'ctrdas8Comanda', 0, @disFormularios, 'Comandas', 'SummaAdvDisenio.Controles.DisenioTxtNumericEditor')
INSERT INTO disTablasColumnas(AdicionalControl, Columna_Id, Control_Id, EsEspecializacion, Formulario_Id, Tabla_Id, TipoControl) VALUES(Null, 'Importe', 'ctrdas8Importe', 0, @disFormularios, 'Comandas', 'SummaAdvDisenio.Controles.DisenioTxtNumericEditor')
INSERT INTO disTablasColumnas(AdicionalControl, Columna_Id, Control_Id, EsEspecializacion, Formulario_Id, Tabla_Id, TipoControl) VALUES(Null, 'RazonSocial', 'ctrdas8RazonSocial', 0, @disFormularios, 'Comandas', 'SummaAdvDisenio.Controles.DisenioTxtEditor')
INSERT INTO disTablasColumnas(AdicionalControl, Columna_Id, Control_Id, EsEspecializacion, Formulario_Id, Tabla_Id, TipoControl) VALUES(Null, 'Saldo', 'ctrdas8Saldo', 0, @disFormularios, 'Comandas', 'SummaAdvDisenio.Controles.DisenioTxtNumericEditor')
INSERT INTO disTablasColumnas(AdicionalControl, Columna_Id, Control_Id, EsEspecializacion, Formulario_Id, Tabla_Id, TipoControl) VALUES(Null, 'Ticket', 'ctrdas8Ticket', 0, @disFormularios, 'Comandas', 'SummaAdvDisenio.Controles.DisenioTxtEditor')
INSERT INTO disTablasColumnas(AdicionalControl, Columna_Id, Control_Id, EsEspecializacion, Formulario_Id, Tabla_Id, TipoControl) VALUES(Null, 'Existe', 'ctrExiste', 0, @disFormularios, 'Principal', 'NoUsado')
INSERT INTO disTablasColumnas(AdicionalControl, Columna_Id, Control_Id, EsEspecializacion, Formulario_Id, Tabla_Id, TipoControl) VALUES(Null, 'Fecha', 'ctrFecha', 0, @disFormularios, 'Principal', 'SummaAdvDisenio.Controles.DisenioDatePicker')
INSERT INTO disTablasColumnas(AdicionalControl, Columna_Id, Control_Id, EsEspecializacion, Formulario_Id, Tabla_Id, TipoControl) VALUES(Null, 'CantFacturada', 'ctrtos9CantFacturada', 0, @disFormularios, 'Productos', 'SummaAdvDisenio.Controles.DisenioTxtNumericEditor')
INSERT INTO disTablasColumnas(AdicionalControl, Columna_Id, Control_Id, EsEspecializacion, Formulario_Id, Tabla_Id, TipoControl) VALUES(Null, 'Comanda', 'ctrtos9Comanda', 0, @disFormularios, 'Productos', 'SummaAdvDisenio.Controles.DisenioTxtNumericEditor')
INSERT INTO disTablasColumnas(AdicionalControl, Columna_Id, Control_Id, EsEspecializacion, Formulario_Id, Tabla_Id, TipoControl) VALUES(Null, 'Descripcion', 'ctrtos9Descripcion', 0, @disFormularios, 'Productos', 'SummaAdvDisenio.Controles.DisenioTxtEditor')
INSERT INTO disTablasColumnas(AdicionalControl, Columna_Id, Control_Id, EsEspecializacion, Formulario_Id, Tabla_Id, TipoControl) VALUES(Null, 'PrecioForm', 'ctrtos9PrecioForm', 0, @disFormularios, 'Productos', 'SummaAdvDisenio.Controles.DisenioTxtNumericEditor')
INSERT INTO disTablasColumnas(AdicionalControl, Columna_Id, Control_Id, EsEspecializacion, Formulario_Id, Tabla_Id, TipoControl) VALUES(Null, 'Producto_Id', 'ctrtos9Producto_Id', 0, @disFormularios, 'Productos', 'SummaAdvDisenio.Controles.DisenioTxtEditor')
--disControlesSolapa
INSERT INTO disControlesSolapa(CantColumnas, CantFilas, Control_Id, Formulario_Id, FormularioPopup_Id, Parametros, Posicion, TablaPrimaria, TamanioPopup, TieneBtnCerrar, TieneBtnGuardar, TipoPopup) VALUES(6, 12, 'Solapa_1', @disFormularios, Null, Null, 1, 'Comandas', 'Medium', 0, 0, 'EdicionFilaGrilla')
INSERT INTO disControlesSolapa(CantColumnas, CantFilas, Control_Id, Formulario_Id, FormularioPopup_Id, Parametros, Posicion, TablaPrimaria, TamanioPopup, TieneBtnCerrar, TieneBtnGuardar, TipoPopup) VALUES(6, 12, 'Solapa_Datos', @disFormularios, Null, Null, 0, Null, 'Medium', 0, 0, 'Ninguno')
--disControlesFilaSolapa
INSERT INTO disControlesFilaSolapa(Alto, Control_Id, Fila, Formulario_Id, TipoValor) VALUES(40, 'Solapa_1', 0, @disFormularios, 'A')
INSERT INTO disControlesFilaSolapa(Alto, Control_Id, Fila, Formulario_Id, TipoValor) VALUES(40, 'Solapa_1', 1, @disFormularios, 'A')
INSERT INTO disControlesFilaSolapa(Alto, Control_Id, Fila, Formulario_Id, TipoValor) VALUES(40, 'Solapa_1', 2, @disFormularios, 'A')
INSERT INTO disControlesFilaSolapa(Alto, Control_Id, Fila, Formulario_Id, TipoValor) VALUES(40, 'Solapa_1', 3, @disFormularios, 'A')
INSERT INTO disControlesFilaSolapa(Alto, Control_Id, Fila, Formulario_Id, TipoValor) VALUES(40, 'Solapa_1', 4, @disFormularios, 'A')
INSERT INTO disControlesFilaSolapa(Alto, Control_Id, Fila, Formulario_Id, TipoValor) VALUES(40, 'Solapa_1', 5, @disFormularios, 'A')
INSERT INTO disControlesFilaSolapa(Alto, Control_Id, Fila, Formulario_Id, TipoValor) VALUES(40, 'Solapa_1', 6, @disFormularios, 'A')
INSERT INTO disControlesFilaSolapa(Alto, Control_Id, Fila, Formulario_Id, TipoValor) VALUES(40, 'Solapa_1', 7, @disFormularios, 'A')
INSERT INTO disControlesFilaSolapa(Alto, Control_Id, Fila, Formulario_Id, TipoValor) VALUES(40, 'Solapa_1', 8, @disFormularios, 'A')
INSERT INTO disControlesFilaSolapa(Alto, Control_Id, Fila, Formulario_Id, TipoValor) VALUES(40, 'Solapa_1', 9, @disFormularios, 'A')
INSERT INTO disControlesFilaSolapa(Alto, Control_Id, Fila, Formulario_Id, TipoValor) VALUES(40, 'Solapa_1', 10, @disFormularios, 'A')
INSERT INTO disControlesFilaSolapa(Alto, Control_Id, Fila, Formulario_Id, TipoValor) VALUES(40, 'Solapa_1', 11, @disFormularios, 'A')
INSERT INTO disControlesFilaSolapa(Alto, Control_Id, Fila, Formulario_Id, TipoValor) VALUES(40, 'Solapa_Datos', 0, @disFormularios, 'A')
INSERT INTO disControlesFilaSolapa(Alto, Control_Id, Fila, Formulario_Id, TipoValor) VALUES(40, 'Solapa_Datos', 1, @disFormularios, 'A')
INSERT INTO disControlesFilaSolapa(Alto, Control_Id, Fila, Formulario_Id, TipoValor) VALUES(40, 'Solapa_Datos', 2, @disFormularios, 'A')
INSERT INTO disControlesFilaSolapa(Alto, Control_Id, Fila, Formulario_Id, TipoValor) VALUES(40, 'Solapa_Datos', 3, @disFormularios, 'A')
INSERT INTO disControlesFilaSolapa(Alto, Control_Id, Fila, Formulario_Id, TipoValor) VALUES(40, 'Solapa_Datos', 4, @disFormularios, 'A')
INSERT INTO disControlesFilaSolapa(Alto, Control_Id, Fila, Formulario_Id, TipoValor) VALUES(40, 'Solapa_Datos', 5, @disFormularios, 'A')
INSERT INTO disControlesFilaSolapa(Alto, Control_Id, Fila, Formulario_Id, TipoValor) VALUES(40, 'Solapa_Datos', 6, @disFormularios, 'A')
INSERT INTO disControlesFilaSolapa(Alto, Control_Id, Fila, Formulario_Id, TipoValor) VALUES(40, 'Solapa_Datos', 7, @disFormularios, 'A')
INSERT INTO disControlesFilaSolapa(Alto, Control_Id, Fila, Formulario_Id, TipoValor) VALUES(40, 'Solapa_Datos', 8, @disFormularios, 'A')
INSERT INTO disControlesFilaSolapa(Alto, Control_Id, Fila, Formulario_Id, TipoValor) VALUES(40, 'Solapa_Datos', 9, @disFormularios, 'A')
INSERT INTO disControlesFilaSolapa(Alto, Control_Id, Fila, Formulario_Id, TipoValor) VALUES(40, 'Solapa_Datos', 10, @disFormularios, 'A')
INSERT INTO disControlesFilaSolapa(Alto, Control_Id, Fila, Formulario_Id, TipoValor) VALUES(40, 'Solapa_Datos', 11, @disFormularios, 'A')
--disControlesColumnaSolapa
INSERT INTO disControlesColumnaSolapa(Ancho, Columna, Control_Id, Formulario_Id, TipoValor) VALUES(16, 0, 'Solapa_1', @disFormularios, 'P')
INSERT INTO disControlesColumnaSolapa(Ancho, Columna, Control_Id, Formulario_Id, TipoValor) VALUES(16, 1, 'Solapa_1', @disFormularios, 'P')
INSERT INTO disControlesColumnaSolapa(Ancho, Columna, Control_Id, Formulario_Id, TipoValor) VALUES(16, 2, 'Solapa_1', @disFormularios, 'P')
INSERT INTO disControlesColumnaSolapa(Ancho, Columna, Control_Id, Formulario_Id, TipoValor) VALUES(16, 3, 'Solapa_1', @disFormularios, 'P')
INSERT INTO disControlesColumnaSolapa(Ancho, Columna, Control_Id, Formulario_Id, TipoValor) VALUES(16, 4, 'Solapa_1', @disFormularios, 'P')
INSERT INTO disControlesColumnaSolapa(Ancho, Columna, Control_Id, Formulario_Id, TipoValor) VALUES(20, 5, 'Solapa_1', @disFormularios, 'P')
INSERT INTO disControlesColumnaSolapa(Ancho, Columna, Control_Id, Formulario_Id, TipoValor) VALUES(16, 0, 'Solapa_Datos', @disFormularios, 'P')
INSERT INTO disControlesColumnaSolapa(Ancho, Columna, Control_Id, Formulario_Id, TipoValor) VALUES(16, 1, 'Solapa_Datos', @disFormularios, 'P')
INSERT INTO disControlesColumnaSolapa(Ancho, Columna, Control_Id, Formulario_Id, TipoValor) VALUES(16, 2, 'Solapa_Datos', @disFormularios, 'P')
INSERT INTO disControlesColumnaSolapa(Ancho, Columna, Control_Id, Formulario_Id, TipoValor) VALUES(16, 3, 'Solapa_Datos', @disFormularios, 'P')
INSERT INTO disControlesColumnaSolapa(Ancho, Columna, Control_Id, Formulario_Id, TipoValor) VALUES(16, 4, 'Solapa_Datos', @disFormularios, 'P')
INSERT INTO disControlesColumnaSolapa(Ancho, Columna, Control_Id, Formulario_Id, TipoValor) VALUES(20, 5, 'Solapa_Datos', @disFormularios, 'P')
--disControlesGrilla
INSERT INTO disControlesGrilla(AccionNuevoValorNodo, AnchoColPorContenido, AnchoColumnasFijas, AnchoMinimo, AutoFormateable, ColFormatoNumericoFila, ColumnaColorFondoFila, ColumnaColorTextoFila, ColumnasFijas, ColumnasOcultas, ColumnasSoloLectura, ColumnasTotalizarCantidad, ColumnasTotalizarMaximo, ColumnasTotalizarMinimo, ColumnasTotalizarPromedio, ColumnasTotalizarSuma, Control_Id, EditaEnGrilla, EsArbol, EsGrillaAdjuntos, FilasAMostrar, Formulario_Id, NombreColCalculoTotal, PermiteAgregarFilas, PermiteBorrarFilas, PermiteCambiarOrden, PermiteEditarCeldas, PermiteOrdenMultiCols, RegistrosxPagina, TotalizaColumnas) VALUES('Ninguna', 0, Null, 0, 0, Null, Null, Null, Null, Null, Null, Null, Null, Null, Null, Null, 'grdComandas', 0, 0, 0, 0, @disFormularios, Null, 0, 0, 0, 1, 0, 0, 0)
INSERT INTO disControlesGrilla(AccionNuevoValorNodo, AnchoColPorContenido, AnchoColumnasFijas, AnchoMinimo, AutoFormateable, ColFormatoNumericoFila, ColumnaColorFondoFila, ColumnaColorTextoFila, ColumnasFijas, ColumnasOcultas, ColumnasSoloLectura, ColumnasTotalizarCantidad, ColumnasTotalizarMaximo, ColumnasTotalizarMinimo, ColumnasTotalizarPromedio, ColumnasTotalizarSuma, Control_Id, EditaEnGrilla, EsArbol, EsGrillaAdjuntos, FilasAMostrar, Formulario_Id, NombreColCalculoTotal, PermiteAgregarFilas, PermiteBorrarFilas, PermiteCambiarOrden, PermiteEditarCeldas, PermiteOrdenMultiCols, RegistrosxPagina, TotalizaColumnas) VALUES('Ninguna', 0, Null, 0, 0, Null, Null, Null, Null, Null, Null, Null, Null, Null, Null, Null, 'grdProductos', 0, 0, 0, 0, @disFormularios, Null, 0, 0, 0, 0, 0, 0, 0)
--disControlesGrillaColumnas
INSERT INTO disControlesGrillaColumnas(Alineacion, Ancho, AnchoMinimo, AnchoVariable, AutoNumerico, ColumnaColorFondoCelda, ColumnaColorTextoCelda, CongelarTamanio, Control_Id, ControlColumna_Id, EsParamAccionBoton, EsPrimaryKey, Formato, Formulario_Id, Heredado, Identidad_Id, ItemsCombo, ModoOrdenamiento, ModoTamanioVariable, NombreCampo, Posicion, Requerido, SoloLectura, Texto, TextoColumnaVacia, TipoDato, Titulo, TotalizarCantidad, TotalizarMaximo, TotalizarMinimo, TotalizarPromedio, TotalizarSuma, Visible) VALUES('izquierda', 100, 5, 1, 0, Null, Null, 0, 'grdComandas', Null, 0, 0, Null, @disFormularios, 0, Null, Null, 'Automatic', 'NotSet', 'Cliente_Id', 1, 0, 0, Null, Null, 'String', 'Cliente_Id', 0, 0, 0, 0, 0, 1)
INSERT INTO disControlesGrillaColumnas(Alineacion, Ancho, AnchoMinimo, AnchoVariable, AutoNumerico, ColumnaColorFondoCelda, ColumnaColorTextoCelda, CongelarTamanio, Control_Id, ControlColumna_Id, EsParamAccionBoton, EsPrimaryKey, Formato, Formulario_Id, Heredado, Identidad_Id, ItemsCombo, ModoOrdenamiento, ModoTamanioVariable, NombreCampo, Posicion, Requerido, SoloLectura, Texto, TextoColumnaVacia, TipoDato, Titulo, TotalizarCantidad, TotalizarMaximo, TotalizarMinimo, TotalizarPromedio, TotalizarSuma, Visible) VALUES('izquierda', 100, 5, 1, 0, Null, Null, 0, 'grdComandas', Null, 0, 0, Null, @disFormularios, 0, Null, Null, 'Automatic', 'NotSet', 'Comanda', 3, 0, 0, Null, Null, 'Int64', 'Comanda', 0, 0, 0, 0, 0, 0)
INSERT INTO disControlesGrillaColumnas(Alineacion, Ancho, AnchoMinimo, AnchoVariable, AutoNumerico, ColumnaColorFondoCelda, ColumnaColorTextoCelda, CongelarTamanio, Control_Id, ControlColumna_Id, EsParamAccionBoton, EsPrimaryKey, Formato, Formulario_Id, Heredado, Identidad_Id, ItemsCombo, ModoOrdenamiento, ModoTamanioVariable, NombreCampo, Posicion, Requerido, SoloLectura, Texto, TextoColumnaVacia, TipoDato, Titulo, TotalizarCantidad, TotalizarMaximo, TotalizarMinimo, TotalizarPromedio, TotalizarSuma, Visible) VALUES('izquierda', 100, 5, 1, 0, Null, Null, 0, 'grdComandas', Null, 0, 0, Null, @disFormularios, 0, Null, Null, 'NotSortable', 'NotSet', 'grdComandas_btn1', 6, 0, 0, Null, Null, 'Button', 'Facturar', 0, 0, 0, 0, 0, 1)
INSERT INTO disControlesGrillaColumnas(Alineacion, Ancho, AnchoMinimo, AnchoVariable, AutoNumerico, ColumnaColorFondoCelda, ColumnaColorTextoCelda, CongelarTamanio, Control_Id, ControlColumna_Id, EsParamAccionBoton, EsPrimaryKey, Formato, Formulario_Id, Heredado, Identidad_Id, ItemsCombo, ModoOrdenamiento, ModoTamanioVariable, NombreCampo, Posicion, Requerido, SoloLectura, Texto, TextoColumnaVacia, TipoDato, Titulo, TotalizarCantidad, TotalizarMaximo, TotalizarMinimo, TotalizarPromedio, TotalizarSuma, Visible) VALUES('derecha', 100, 5, 1, 0, Null, Null, 0, 'grdComandas', Null, 0, 0, Null, @disFormularios, 0, Null, Null, 'Automatic', 'NotSet', 'Importe', 4, 0, 0, Null, Null, 'Decimal', 'Importe', 0, 0, 0, 0, 0, 1)
INSERT INTO disControlesGrillaColumnas(Alineacion, Ancho, AnchoMinimo, AnchoVariable, AutoNumerico, ColumnaColorFondoCelda, ColumnaColorTextoCelda, CongelarTamanio, Control_Id, ControlColumna_Id, EsParamAccionBoton, EsPrimaryKey, Formato, Formulario_Id, Heredado, Identidad_Id, ItemsCombo, ModoOrdenamiento, ModoTamanioVariable, NombreCampo, Posicion, Requerido, SoloLectura, Texto, TextoColumnaVacia, TipoDato, Titulo, TotalizarCantidad, TotalizarMaximo, TotalizarMinimo, TotalizarPromedio, TotalizarSuma, Visible) VALUES('izquierda', 100, 5, 1, 0, Null, Null, 0, 'grdComandas', Null, 0, 0, Null, @disFormularios, 0, Null, Null, 'Automatic', 'NotSet', 'RazonSocial', 2, 0, 0, Null, Null, 'String', 'RazonSocial', 0, 0, 0, 0, 0, 1)
INSERT INTO disControlesGrillaColumnas(Alineacion, Ancho, AnchoMinimo, AnchoVariable, AutoNumerico, ColumnaColorFondoCelda, ColumnaColorTextoCelda, CongelarTamanio, Control_Id, ControlColumna_Id, EsParamAccionBoton, EsPrimaryKey, Formato, Formulario_Id, Heredado, Identidad_Id, ItemsCombo, ModoOrdenamiento, ModoTamanioVariable, NombreCampo, Posicion, Requerido, SoloLectura, Texto, TextoColumnaVacia, TipoDato, Titulo, TotalizarCantidad, TotalizarMaximo, TotalizarMinimo, TotalizarPromedio, TotalizarSuma, Visible) VALUES('derecha', 100, 5, 1, 0, Null, Null, 0, 'grdComandas', Null, 0, 0, Null, @disFormularios, 0, Null, Null, 'Automatic', 'NotSet', 'Saldo', 5, 0, 0, Null, Null, 'Decimal', 'Saldo', 0, 0, 0, 0, 0, 1)
INSERT INTO disControlesGrillaColumnas(Alineacion, Ancho, AnchoMinimo, AnchoVariable, AutoNumerico, ColumnaColorFondoCelda, ColumnaColorTextoCelda, CongelarTamanio, Control_Id, ControlColumna_Id, EsParamAccionBoton, EsPrimaryKey, Formato, Formulario_Id, Heredado, Identidad_Id, ItemsCombo, ModoOrdenamiento, ModoTamanioVariable, NombreCampo, Posicion, Requerido, SoloLectura, Texto, TextoColumnaVacia, TipoDato, Titulo, TotalizarCantidad, TotalizarMaximo, TotalizarMinimo, TotalizarPromedio, TotalizarSuma, Visible) VALUES('izquierda', 100, 5, 1, 0, Null, Null, 0, 'grdComandas', Null, 0, 0, Null, @disFormularios, 0, Null, Null, 'Automatic', 'NotSet', 'Ticket', 0, 0, 0, Null, Null, 'String', 'Ticket', 0, 0, 0, 0, 0, 1)
INSERT INTO disControlesGrillaColumnas(Alineacion, Ancho, AnchoMinimo, AnchoVariable, AutoNumerico, ColumnaColorFondoCelda, ColumnaColorTextoCelda, CongelarTamanio, Control_Id, ControlColumna_Id, EsParamAccionBoton, EsPrimaryKey, Formato, Formulario_Id, Heredado, Identidad_Id, ItemsCombo, ModoOrdenamiento, ModoTamanioVariable, NombreCampo, Posicion, Requerido, SoloLectura, Texto, TextoColumnaVacia, TipoDato, Titulo, TotalizarCantidad, TotalizarMaximo, TotalizarMinimo, TotalizarPromedio, TotalizarSuma, Visible) VALUES('derecha', 100, 5, 1, 0, Null, Null, 0, 'grdProductos', Null, 0, 0, Null, @disFormularios, 0, Null, Null, 'Automatic', 'NotSet', 'CantFacturada', 2, 0, 0, Null, Null, 'Decimal', 'CantFacturada', 0, 0, 0, 0, 0, 1)
INSERT INTO disControlesGrillaColumnas(Alineacion, Ancho, AnchoMinimo, AnchoVariable, AutoNumerico, ColumnaColorFondoCelda, ColumnaColorTextoCelda, CongelarTamanio, Control_Id, ControlColumna_Id, EsParamAccionBoton, EsPrimaryKey, Formato, Formulario_Id, Heredado, Identidad_Id, ItemsCombo, ModoOrdenamiento, ModoTamanioVariable, NombreCampo, Posicion, Requerido, SoloLectura, Texto, TextoColumnaVacia, TipoDato, Titulo, TotalizarCantidad, TotalizarMaximo, TotalizarMinimo, TotalizarPromedio, TotalizarSuma, Visible) VALUES('izquierda', 100, 5, 1, 0, Null, Null, 0, 'grdProductos', Null, 0, 0, Null, @disFormularios, 0, Null, Null, 'Automatic', 'NotSet', 'Comanda', 3, 0, 0, Null, Null, 'Int64', 'Comanda', 0, 0, 0, 0, 0, 0)
INSERT INTO disControlesGrillaColumnas(Alineacion, Ancho, AnchoMinimo, AnchoVariable, AutoNumerico, ColumnaColorFondoCelda, ColumnaColorTextoCelda, CongelarTamanio, Control_Id, ControlColumna_Id, EsParamAccionBoton, EsPrimaryKey, Formato, Formulario_Id, Heredado, Identidad_Id, ItemsCombo, ModoOrdenamiento, ModoTamanioVariable, NombreCampo, Posicion, Requerido, SoloLectura, Texto, TextoColumnaVacia, TipoDato, Titulo, TotalizarCantidad, TotalizarMaximo, TotalizarMinimo, TotalizarPromedio, TotalizarSuma, Visible) VALUES('izquierda', 100, 5, 1, 0, Null, Null, 0, 'grdProductos', Null, 0, 0, Null, @disFormularios, 0, Null, Null, 'Automatic', 'NotSet', 'Descripcion', 1, 0, 0, Null, Null, 'String', 'Descripcion', 0, 0, 0, 0, 0, 1)
INSERT INTO disControlesGrillaColumnas(Alineacion, Ancho, AnchoMinimo, AnchoVariable, AutoNumerico, ColumnaColorFondoCelda, ColumnaColorTextoCelda, CongelarTamanio, Control_Id, ControlColumna_Id, EsParamAccionBoton, EsPrimaryKey, Formato, Formulario_Id, Heredado, Identidad_Id, ItemsCombo, ModoOrdenamiento, ModoTamanioVariable, NombreCampo, Posicion, Requerido, SoloLectura, Texto, TextoColumnaVacia, TipoDato, Titulo, TotalizarCantidad, TotalizarMaximo, TotalizarMinimo, TotalizarPromedio, TotalizarSuma, Visible) VALUES('derecha', 100, 5, 1, 0, Null, Null, 0, 'grdProductos', Null, 0, 0, Null, @disFormularios, 0, Null, Null, 'Automatic', 'NotSet', 'PrecioForm', 4, 0, 0, Null, Null, 'Decimal', 'PrecioForm', 0, 0, 0, 0, 0, 1)
INSERT INTO disControlesGrillaColumnas(Alineacion, Ancho, AnchoMinimo, AnchoVariable, AutoNumerico, ColumnaColorFondoCelda, ColumnaColorTextoCelda, CongelarTamanio, Control_Id, ControlColumna_Id, EsParamAccionBoton, EsPrimaryKey, Formato, Formulario_Id, Heredado, Identidad_Id, ItemsCombo, ModoOrdenamiento, ModoTamanioVariable, NombreCampo, Posicion, Requerido, SoloLectura, Texto, TextoColumnaVacia, TipoDato, Titulo, TotalizarCantidad, TotalizarMaximo, TotalizarMinimo, TotalizarPromedio, TotalizarSuma, Visible) VALUES('izquierda', 100, 5, 1, 0, Null, Null, 0, 'grdProductos', Null, 0, 0, Null, @disFormularios, 0, Null, Null, 'Automatic', 'NotSet', 'Producto_Id', 0, 0, 0, Null, Null, 'String', 'Producto_Id', 0, 0, 0, 0, 0, 1)
--disControlesGrupoSolapa
INSERT INTO disControlesGrupoSolapa(CantSolapas, Control_Id, Formulario_Id) VALUES(2, 'Solapas', @disFormularios)
--disControlesLupa
INSERT INTO disControlesLupa(AdicionalesCampos, AdicionalesControles, AdicionalesParametros, CamposClave, CantMaxRegAMostrar, CodigoCharCasing, CodigoMask, CodigoMaxLength, CodigoNombreColumna, CodigoRegExpression, CodigoTexto, CodigoTipo, CodigoWidth, ColumnaGrillaDescripcion, Control_Id, DescripcionCharCasing, DescripcionMaxLength, DescripcionOculta, DescripcionTexto, EsLaEntidadDelForm, Filtros, Formulario_Id, Identidad_Id, Mascara, OrderBy, PermiteNoExistentes, TraePrimerRegistro, UsaAccion) VALUES('RazonSocial', 'Comandas:RazonSocial', Null, 1, 70, 'Upper', 'Alfanumerico', 15, 'Cliente_Id', Null, Null, 'String', 100, Null, 'ctrdas8Cliente_Id', 'Normal', 32767, 1, Null, 0, 'Empresa_Id;isnullOrEqualTo;{gEmpresa};S@Posteado;equals;1;S@TipoDoc;equals;7;S@Inactivo;equals;0;S', @disFormularios, dbo.FuncFKlupIdentidades('venClientes'), Null, Null, 1, 0, 0)
--disControlesFecha
INSERT INTO disControlesFecha(Control_Id, DiasDiferenciaFecha, DiasDiferenciaFechaMaxima, DiasDiferenciaFechaMinima, EsFechaHora, Formulario_Id, ValorHora, ValorMaximo, ValorMinimo) VALUES('ctrFecha', Null, Null, Null, 0, @disFormularios, Null, 'En_Blanco', 'En_Blanco')
--disEventos
INSERT INTO disEventos(Control_Id, EsMetodo, Formulario_Id, Habilitado, Heredado, TipoEvento) VALUES('ctrFecha', 0, @disFormularios, 1, 0, 'Change')
INSERT INTO disEventos(Control_Id, EsMetodo, Formulario_Id, Habilitado, Heredado, TipoEvento) VALUES('DisenioBoton1', 0, @disFormularios, 1, 0, 'Click')
INSERT INTO disEventos(Control_Id, EsMetodo, Formulario_Id, Habilitado, Heredado, TipoEvento) VALUES('frmespvenComandasKSK', 0, @disFormularios, 1, 0, 'Post_Load')
INSERT INTO disEventos(Control_Id, EsMetodo, Formulario_Id, Habilitado, Heredado, TipoEvento) VALUES('grdComandas', 0, @disFormularios, 1, 0, 'ClickColumnaBoton')
--disAcciones
INSERT INTO disAcciones(Accion, Accion_Id, AccionPadre_Id, AdicionalInfo, Control_Id, ControlDestino_Id, ControlTexto_Id, EsEspecializacion, Formulario_Id, Habilitado, Heredado, OrdenAccion, Texto, TipoEvento, ValorCondicion) VALUES('Ejecutar', 'ba502507-4a42-452e-ada5-12eb57e7ec85', Null, Null, 'ctrFecha', Null, Null, 0, @disFormularios, 1, 0, 1, 'Datos', 'Change', Null)
INSERT INTO disAcciones(Accion, Accion_Id, AccionPadre_Id, AdicionalInfo, Control_Id, ControlDestino_Id, ControlTexto_Id, EsEspecializacion, Formulario_Id, Habilitado, Heredado, OrdenAccion, Texto, TipoEvento, ValorCondicion) VALUES('MostrarPopup', '0df22fa3-5439-4b08-9b94-3be790c5ac13', Null, Null, 'DisenioBoton1', 'Solapa_2', Null, 0, @disFormularios, 1, 0, 2, Null, 'Click', Null)
INSERT INTO disAcciones(Accion, Accion_Id, AccionPadre_Id, AdicionalInfo, Control_Id, ControlDestino_Id, ControlTexto_Id, EsEspecializacion, Formulario_Id, Habilitado, Heredado, OrdenAccion, Texto, TipoEvento, ValorCondicion) VALUES('Ejecutar', 'ba502507-4a42-452e-ada5-12eb57e7ec85', Null, Null, 'frmespvenComandasKSK', Null, Null, 0, @disFormularios, 1, 0, 3, 'Datos', 'Post_Load', Null)
INSERT INTO disAcciones(Accion, Accion_Id, AccionPadre_Id, AdicionalInfo, Control_Id, ControlDestino_Id, ControlTexto_Id, EsEspecializacion, Formulario_Id, Habilitado, Heredado, OrdenAccion, Texto, TipoEvento, ValorCondicion) VALUES('ProcesarFilaSeleccionada', '431ab47a-9a5a-45a5-b5dd-010b273f9982', Null, Null, 'grdComandas', 'grdComandas', Null, 0, @disFormularios, 1, 0, 4, 'Facturar', 'ClickColumnaBoton', Null)
INSERT INTO disAcciones(Accion, Accion_Id, AccionPadre_Id, AdicionalInfo, Control_Id, ControlDestino_Id, ControlTexto_Id, EsEspecializacion, Formulario_Id, Habilitado, Heredado, OrdenAccion, Texto, TipoEvento, ValorCondicion) VALUES('MostrarHTML', 'c213bc7a-df1c-49ac-abf1-89bbc22042fd', Null, 'true', 'grdComandas', Null, Null, 0, @disFormularios, 1, 0, 5, 'HTMLTicket', 'ClickColumnaBoton', Null)
INSERT INTO disAcciones(Accion, Accion_Id, AccionPadre_Id, AdicionalInfo, Control_Id, ControlDestino_Id, ControlTexto_Id, EsEspecializacion, Formulario_Id, Habilitado, Heredado, OrdenAccion, Texto, TipoEvento, ValorCondicion) VALUES('ProcesarFilaSeleccionada', 'a3c93e50-e28c-4628-985b-5cb05fa6c5ab', Null, Null, 'grdComandas', 'grdComandas', Null, 0, @disFormularios, 1, 0, 6, 'QuitarTicket', 'ClickColumnaBoton', Null)
--disControlesTexto
INSERT INTO disControlesTexto(CharCasing, Control_Id, Formulario_Id, Mascara, MultiplesLineas) VALUES('Normal', 'ctrdas8RazonSocial', @disFormularios, Null, 0)
--disControlesBoton
INSERT INTO disControlesBoton(AsociadoAFilaGrilla, Control_Id, ControlAsociado_Id, Formulario_Id, Icono) VALUES(0, 'DisenioBoton1', 'grdComandas', @disFormularios, Null)
--disRelacionesTablas
INSERT INTO disRelacionesTablas(ColumnaDetalle_Id, ColumnaDetalle2_Id, ColumnaDetalle3_Id, ColumnaMaster_Id, ColumnaMaster2_Id, ColumnaMaster3_Id, Formulario_Id, TablaDetalle_Id, TablaMaster_Id) VALUES('Comanda', Null, Null, 'Comanda', Null, Null, @disFormularios, 'Productos', 'Comandas')
--disControles
/**
	INSERT INTO disControles(Alineacion, AlineacionLabel, Alto, Ancho, Ancla, Arriba, ClickNuevoBlanquea, Columna, ColumnasExtension, Control_Id, ControlaCambios, ControlParent_Id, ControlSegmento, Embebido, EsCodigoNuevo, Estilo, Fila, FilasExtension, Formulario_Id, Habilitado, Heredado, IgualaAnchoColumna, Izquierda, MaximaLongitud, Paises, Requerido, SegmentoOrigen, SoloLectura, TabOrden, TabStop, Texto, TextoControlVacio, TextoFijo, TipoControl, TituloLabel, Visible) VALUES('', 'Izquierda', 37, 155, 'L', 1, 1, 0, 1, 'ctrdas8Cliente_Id', 1, 'Solapa_1', Null, 0, 0, 'Default', 0, 1, @disFormularios, 1, 0, 1, 1, Null, Null, 0, Null, 0, 0, 1, Null, Null, 0, 'SummaAdvDisenio.Controles.DisenioLupaAdv', 'Cliente_Id', 1)
INSERT INTO disControles(Alineacion, AlineacionLabel, Alto, Ancho, Ancla, Arriba, ClickNuevoBlanquea, Columna, ColumnasExtension, Control_Id, ControlaCambios, ControlParent_Id, ControlSegmento, Embebido, EsCodigoNuevo, Estilo, Fila, FilasExtension, Formulario_Id, Habilitado, Heredado, IgualaAnchoColumna, Izquierda, MaximaLongitud, Paises, Requerido, SegmentoOrigen, SoloLectura, TabOrden, TabStop, Texto, TextoControlVacio, TextoFijo, TipoControl, TituloLabel, Visible) VALUES('', 'Izquierda', 38, 314, 'L', 1, 1, 1, 2, 'ctrdas8RazonSocial', 1, 'Solapa_1', Null, 0, 0, 'Default', 0, 1, @disFormularios, 1, 0, 1, 1, 32767, Null, 0, Null, 0, 0, 1, Null, Null, 0, 'SummaAdvDisenio.Controles.DisenioTxtEditor', 'RazonSocial', 1)
INSERT INTO disControles(Alineacion, AlineacionLabel, Alto, Ancho, Ancla, Arriba, ClickNuevoBlanquea, Columna, ColumnasExtension, Control_Id, ControlaCambios, ControlParent_Id, ControlSegmento, Embebido, EsCodigoNuevo, Estilo, Fila, FilasExtension, Formulario_Id, Habilitado, Heredado, IgualaAnchoColumna, Izquierda, MaximaLongitud, Paises, Requerido, SegmentoOrigen, SoloLectura, TabOrden, TabStop, Texto, TextoControlVacio, TextoFijo, TipoControl, TituloLabel, Visible) VALUES('', 'Izquierda', 35, 155, 'L', 1, 1, 0, 1, 'ctrFecha', 1, 'Solapa_Datos', Null, 0, 0, 'Default', 0, 1, @disFormularios, 1, 0, 1, 1, Null, Null, 0, Null, 0, 0, 1, 'Hoy', Null, 0, 'SummaAdvDisenio.Controles.DisenioDatePicker', 'Fecha', 1)
INSERT INTO disControles(Alineacion, AlineacionLabel, Alto, Ancho, Ancla, Arriba, ClickNuevoBlanquea, Columna, ColumnasExtension, Control_Id, ControlaCambios, ControlParent_Id, ControlSegmento, Embebido, EsCodigoNuevo, Estilo, Fila, FilasExtension, Formulario_Id, Habilitado, Heredado, IgualaAnchoColumna, Izquierda, MaximaLongitud, Paises, Requerido, SegmentoOrigen, SoloLectura, TabOrden, TabStop, Texto, TextoControlVacio, TextoFijo, TipoControl, TituloLabel, Visible) VALUES('', '', 23, 108, 'L', 4, 1, 3, 1, 'DisenioBoton1', 1, 'Solapa_Datos', Null, 0, 0, 'Default', 0, 1, @disFormularios, 1, 0, 0, 31, Null, Null, 0, Null, 0, 0, 1, 'Editar cliente', Null, 0, 'SummaAdvDisenio.Controles.DisenioBoton', Null, 1)
INSERT INTO disControles(Alineacion, AlineacionLabel, Alto, Ancho, Ancla, Arriba, ClickNuevoBlanquea, Columna, ColumnasExtension, Control_Id, ControlaCambios, ControlParent_Id, ControlSegmento, Embebido, EsCodigoNuevo, Estilo, Fila, FilasExtension, Formulario_Id, Habilitado, Heredado, IgualaAnchoColumna, Izquierda, MaximaLongitud, Paises, Requerido, SegmentoOrigen, SoloLectura, TabOrden, TabStop, Texto, TextoControlVacio, TextoFijo, TipoControl, TituloLabel, Visible) VALUES('', Null, 600, 980, 'T,L', 58, 1, 0, 0, 'frmespvenComandasKSK', 1, Null, Null, 0, 0, Null, 0, 0, @disFormularios, 1, 0, 0, 3, 0, Null, 0, Null, 0, 0, 1, 'Facturación de tickets', Null, 0, 'frm', Null, 1)
INSERT INTO disControles(Alineacion, AlineacionLabel, Alto, Ancho, Ancla, Arriba, ClickNuevoBlanquea, Columna, ColumnasExtension, Control_Id, ControlaCambios, ControlParent_Id, ControlSegmento, Embebido, EsCodigoNuevo, Estilo, Fila, FilasExtension, Formulario_Id, Habilitado, Heredado, IgualaAnchoColumna, Izquierda, MaximaLongitud, Paises, Requerido, SegmentoOrigen, SoloLectura, TabOrden, TabStop, Texto, TextoControlVacio, TextoFijo, TipoControl, TituloLabel, Visible) VALUES('', '', 81, 952, 'L', 1, 1, 0, 6, 'grdComandas', 1, 'Solapa_Datos', Null, 0, 0, Null, 1, 1, @disFormularios, 1, 0, 0, 1, Null, Null, 0, Null, 0, 0, 1, Null, Null, 0, 'SummaAdvDisenio.Controles.DisenioGridView', Null, 1)
INSERT INTO disControles(Alineacion, AlineacionLabel, Alto, Ancho, Ancla, Arriba, ClickNuevoBlanquea, Columna, ColumnasExtension, Control_Id, ControlaCambios, ControlParent_Id, ControlSegmento, Embebido, EsCodigoNuevo, Estilo, Fila, FilasExtension, Formulario_Id, Habilitado, Heredado, IgualaAnchoColumna, Izquierda, MaximaLongitud, Paises, Requerido, SegmentoOrigen, SoloLectura, TabOrden, TabStop, Texto, TextoControlVacio, TextoFijo, TipoControl, TituloLabel, Visible) VALUES('', '', 81, 952, 'L', 1, 1, 0, 6, 'grdProductos', 1, 'Solapa_1', Null, 0, 0, Null, 1, 1, @disFormularios, 1, 0, 0, 1, Null, Null, 0, Null, 0, 0, 1, Null, Null, 0, 'SummaAdvDisenio.Controles.DisenioGridView', Null, 1)
INSERT INTO disControles(Alineacion, AlineacionLabel, Alto, Ancho, Ancla, Arriba, ClickNuevoBlanquea, Columna, ColumnasExtension, Control_Id, ControlaCambios, ControlParent_Id, ControlSegmento, Embebido, EsCodigoNuevo, Estilo, Fila, FilasExtension, Formulario_Id, Habilitado, Heredado, IgualaAnchoColumna, Izquierda, MaximaLongitud, Paises, Requerido, SegmentoOrigen, SoloLectura, TabOrden, TabStop, Texto, TextoControlVacio, TextoFijo, TipoControl, TituloLabel, Visible) VALUES('', '', 535, 956, 'L', 22, 1, 0, 0, 'Solapa_1', 1, 'Solapas', Null, 0, 0, Null, 0, 0, @disFormularios, 1, 0, 0, 4, Null, Null, 1, Null, 0, 1, 0, 'Solapa_1', Null, 0, 'System.Windows.Forms.TabPage', Null, 0)
INSERT INTO disControles(Alineacion, AlineacionLabel, Alto, Ancho, Ancla, Arriba, ClickNuevoBlanquea, Columna, ColumnasExtension, Control_Id, ControlaCambios, ControlParent_Id, ControlSegmento, Embebido, EsCodigoNuevo, Estilo, Fila, FilasExtension, Formulario_Id, Habilitado, Heredado, IgualaAnchoColumna, Izquierda, MaximaLongitud, Paises, Requerido, SegmentoOrigen, SoloLectura, TabOrden, TabStop, Texto, TextoControlVacio, TextoFijo, TipoControl, TituloLabel, Visible) VALUES('', '', 535, 956, 'L', 22, 1, 0, 0, 'Solapa_Datos', 1, 'Solapas', Null, 0, 0, Null, 0, 0, @disFormularios, 1, 0, 0, 4, Null, Null, 1, Null, 0, 0, 0, 'Solapa_Datos', Null, 0, 'System.Windows.Forms.TabPage', Null, 1)
INSERT INTO disControles(Alineacion, AlineacionLabel, Alto, Ancho, Ancla, Arriba, ClickNuevoBlanquea, Columna, ColumnasExtension, Control_Id, ControlaCambios, ControlParent_Id, ControlSegmento, Embebido, EsCodigoNuevo, Estilo, Fila, FilasExtension, Formulario_Id, Habilitado, Heredado, IgualaAnchoColumna, Izquierda, MaximaLongitud, Paises, Requerido, SegmentoOrigen, SoloLectura, TabOrden, TabStop, Texto, TextoControlVacio, TextoFijo, TipoControl, TituloLabel, Visible) VALUES('', '', 561, 964, 'L', 0, 1, 0, 0, 'Solapas', 1, 'frmespvenComandasKSK', Null, 0, 0, Null, 0, 0, @disFormularios, 1, 0, 0, 0, Null, Null, 1, Null, 0, 0, 1, Null, Null, 0, 'SummaAdvDisenio.Controles.DisenioTabControl', Null, 1)
INSERT INTO disControles(Alineacion, AlineacionLabel, Alto, Ancho, Ancla, Arriba, ClickNuevoBlanquea, Columna, ColumnasExtension, Control_Id, ControlaCambios, ControlParent_Id, ControlSegmento, Embebido, EsCodigoNuevo, Estilo, Fila, FilasExtension, Formulario_Id, Habilitado, Heredado, IgualaAnchoColumna, Izquierda, MaximaLongitud, Paises, Requerido, SegmentoOrigen, SoloLectura, TabOrden, TabStop, Texto, TextoControlVacio, TextoFijo, TipoControl, TituloLabel, Visible) VALUES('', '', 0, 0, '', 0, 1, 0, 0, 'var_Auxiliar1', 1, 'frmespvenComandasKSK', Null, 0, 0, Null, 0, 0, @disFormularios, 0, 0, 0, 0, Null, Null, 1, Null, 0, -1, 0, Null, Null, 0, 'Variable', Null, 0)
INSERT INTO disControles(Alineacion, AlineacionLabel, Alto, Ancho, Ancla, Arriba, ClickNuevoBlanquea, Columna, ColumnasExtension, Control_Id, ControlaCambios, ControlParent_Id, ControlSegmento, Embebido, EsCodigoNuevo, Estilo, Fila, FilasExtension, Formulario_Id, Habilitado, Heredado, IgualaAnchoColumna, Izquierda, MaximaLongitud, Paises, Requerido, SegmentoOrigen, SoloLectura, TabOrden, TabStop, Texto, TextoControlVacio, TextoFijo, TipoControl, TituloLabel, Visible) VALUES('', '', 0, 0, '', 0, 1, 0, 0, 'var_Auxiliar2', 1, 'frmespvenComandasKSK', Null, 0, 0, Null, 0, 0, @disFormularios, 0, 0, 0, 0, Null, Null, 1, Null, 0, -1, 0, Null, Null, 0, 'Variable', Null, 0)
INSERT INTO disControles(Alineacion, AlineacionLabel, Alto, Ancho, Ancla, Arriba, ClickNuevoBlanquea, Columna, ColumnasExtension, Control_Id, ControlaCambios, ControlParent_Id, ControlSegmento, Embebido, EsCodigoNuevo, Estilo, Fila, FilasExtension, Formulario_Id, Habilitado, Heredado, IgualaAnchoColumna, Izquierda, MaximaLongitud, Paises, Requerido, SegmentoOrigen, SoloLectura, TabOrden, TabStop, Texto, TextoControlVacio, TextoFijo, TipoControl, TituloLabel, Visible) VALUES('', '', 0, 0, '', 0, 1, 0, 0, 'var_Auxiliar3', 1, 'frmespvenComandasKSK', Null, 0, 0, Null, 0, 0, @disFormularios, 0, 0, 0, 0, Null, Null, 1, Null, 0, -1, 0, Null, Null, 0, 'Variable', Null, 0)
**/
	--disAcciones
/**
	INSERT INTO disAcciones(Accion, AdicionalInfo, Control_Id, ControlDestino_Id, ControlTexto_Id, EsEspecializacion, Formulario_Id, Habilitado, Heredado, Texto, TipoEvento, ValorCondicion) VALUES('Ejecutar', Null, 'ctrFecha', Null, Null, 0, 5938, 1, @disFormularios, 'Datos', 'Change', Null)
INSERT INTO disAcciones(Accion, AdicionalInfo, Control_Id, ControlDestino_Id, ControlTexto_Id, EsEspecializacion, Formulario_Id, Habilitado, Heredado, Texto, TipoEvento, ValorCondicion) VALUES('MostrarPopup', Null, 'DisenioBoton1', 'Solapa_2', Null, 0, 5938, 1, @disFormularios, Null, 'Click', Null)
INSERT INTO disAcciones(Accion, AdicionalInfo, Control_Id, ControlDestino_Id, ControlTexto_Id, EsEspecializacion, Formulario_Id, Habilitado, Heredado, Texto, TipoEvento, ValorCondicion) VALUES('Ejecutar', Null, 'frmespvenComandasKSK', Null, Null, 0, 5938, 1, @disFormularios, 'Datos', 'Post_Load', Null)
INSERT INTO disAcciones(Accion, AdicionalInfo, Control_Id, ControlDestino_Id, ControlTexto_Id, EsEspecializacion, Formulario_Id, Habilitado, Heredado, Texto, TipoEvento, ValorCondicion) VALUES('ProcesarFilaSeleccionada', Null, 'grdComandas', 'grdComandas', Null, 0, 5938, 1, @disFormularios, 'Facturar', 'ClickColumnaBoton', Null)
INSERT INTO disAcciones(Accion, AdicionalInfo, Control_Id, ControlDestino_Id, ControlTexto_Id, EsEspecializacion, Formulario_Id, Habilitado, Heredado, Texto, TipoEvento, ValorCondicion) VALUES('MostrarHTML', 'true', 'grdComandas', Null, Null, 0, 5938, 1, @disFormularios, 'HTMLTicket', 'ClickColumnaBoton', Null)
INSERT INTO disAcciones(Accion, AdicionalInfo, Control_Id, ControlDestino_Id, ControlTexto_Id, EsEspecializacion, Formulario_Id, Habilitado, Heredado, Texto, TipoEvento, ValorCondicion) VALUES('ProcesarFilaSeleccionada', Null, 'grdComandas', 'grdComandas', Null, 0, 5938, 1, @disFormularios, 'QuitarTicket', 'ClickColumnaBoton', Null)
**/
	